day;delta;algorithm;avg_per_block_M;max_per_block_M
2025-01-01;0;ttv;4.558240168943902;1371.279031264276
2025-01-02;0;ttv;5.865020677865191;1387.7615642534531
2025-01-03;0;ttv;6.321730969856381;1370.70424922452
2025-01-04;0;ttv;3.6180219627977848;923.5890341393992
2025-01-05;0;ttv;2.9472543604820487;944.3879533792557
2025-01-06;0;ttv;6.436159219829067;1368.079447752512
2025-01-07;0;ttv;7.392830308342566;1362.5829039858363
2025-01-08;0;ttv;7.381184578040382;1363.7950093017555
2025-01-09;0;ttv;6.733884814602158;1349.011452006891
2025-01-10;0;ttv;7.141272870227887;1351.4997141225253
2025-01-11;0;ttv;3.590272417834845;875.3082712570047
2025-01-12;0;ttv;3.4060429062249002;877.0699156071506
2025-01-13;0;ttv;7.9399523650188835;1359.4468281128306
2025-01-14;0;ttv;5.88415530157793;1368.4675280786253
2025-01-15;0;ttv;6.35741337426667;1026.326652270522
2025-01-16;0;ttv;6.3012804341614785;1359.716452926767
2025-01-17;0;ttv;7.1082898856907075;1358.2017994580674
2025-01-18;0;ttv;7.198684359754787;3473.6411529376264
2025-01-19;0;ttv;8.610856331311489;4194.669522211788
2025-01-20;0;ttv;9.417620474388999;941.7708820854592
2025-01-21;0;ttv;10.292645980279502;1082.5564604602905
2025-01-22;0;ttv;6.800194888335819;1352.6857163402904
2025-01-23;0;ttv;8.539760725143777;1359.0250888839662
2025-01-24;0;ttv;7.423869588915199;840.946220184596
2025-01-25;0;ttv;3.643042867783474;790.5261399035649
2025-01-26;0;ttv;3.6760498527647996;794.7782161413952
2025-01-27;0;ttv;8.644776106361912;912.674618382037
2025-01-28;0;ttv;6.143664977586743;764.1498609419647
2025-01-29;0;ttv;5.786042146620507;823.9641831707403
2025-01-30;0;ttv;6.698598920288275;757.5491182113302
2025-01-31;0;ttv;9.813166030309588;1590.5099359806852
2025-02-01;0;ttv;5.451646264304708;1346.8809667075939
2025-02-02;0;ttv;6.4650430427412795;712.9409224225172
2025-02-03;0;ttv;15.504479793552491;1370.6434730443561
2025-02-04;0;ttv;10.816482180249094;1352.052692041165
2025-02-05;0;ttv;8.364931252876215;1191.7009301166615
2025-02-06;0;ttv;7.511603996747355;1346.878647649658
2025-02-07;0;ttv;8.425821741748319;899.2781290485713
2025-02-08;0;ttv;4.96521723400228;722.0425390451765
2025-02-09;0;ttv;4.683019119273573;1359.983432222725
2025-02-10;0;ttv;8.376650160178928;1347.7305381254287
2025-02-11;0;ttv;7.3038175998198005;1342.9914926374481
2025-02-12;0;ttv;8.008037823892167;991.3429583419922
2025-02-13;0;ttv;7.342156708308166;727.9253963891726
2025-02-14;0;ttv;7.766344970996805;1404.3005196774775
2025-02-15;0;ttv;3.765155933454807;1346.265847042623
2025-02-16;0;ttv;9.269779771650537;2572.6311321925205
2025-02-17;0;ttv;4.828532701823075;473.0171026180883
2025-02-18;0;ttv;8.102467877541054;1486.0639858156744
2025-02-19;0;ttv;7.674451749875334;4366.258623201104
2025-02-20;0;ttv;7.380556305807226;1366.469259243933
2025-02-21;0;ttv;11.808496531734551;1821.474045348144
2025-02-22;0;ttv;7.1308563891801215;2951.709008864024
2025-02-23;0;ttv;5.703083741757114;751.2017335466418
2025-02-24;0;ttv;9.97976264493256;1380.6053317253695
2025-02-25;0;ttv;14.445258455954495;1366.4385892199132
2025-02-26;0;ttv;11.086476058634672;1333.1643560637467
2025-02-27;0;ttv;8.937373905647403;1325.1578971925874
2025-02-28;0;ttv;14.437727312904768;2000.1288131314948
2025-03-01;0;ttv;5.199249541213203;1352.9072485884633
2025-03-02;0;ttv;6.545332947432189;1000.1057584785821
2025-03-03;0;ttv;10.20701178381984;1408.946240200324
2025-03-04;0;ttv;10.776350751194897;1349.9509278835892
2025-03-05;0;ttv;8.665785504486859;1707.7114617242844
2025-03-06;0;ttv;9.479095471785083;1347.1120592849743
2025-03-07;0;ttv;9.985427608101391;1341.8296007790404
2025-03-08;0;ttv;4.309959070310352;1342.574814441843
2025-03-09;0;ttv;5.68621833292249;708.5037335242928
2025-03-10;0;ttv;10.77212447578756;1414.796924618555
2025-03-11;0;ttv;8.903080675201148;1342.4422151441433
2025-03-12;0;ttv;7.760596372248889;1345.630407506213
2025-03-13;0;ttv;8.215930634170846;1341.2297469002647
2025-03-14;0;ttv;7.366529597309784;611.7315328510473
2025-03-15;0;ttv;4.298206462761247;996.8963965198218
2025-03-16;0;ttv;4.051658533202677;499.63404399382125
2025-03-17;0;ttv;7.069569789006702;621.8497296160511
2025-03-18;0;ttv;8.294314346815662;1344.1725521992216
2025-03-19;0;ttv;9.065653776734406;1341.4610182348433
2025-03-20;0;ttv;8.894669434678294;1341.1962729115917
2025-03-21;0;ttv;10.762714173821879;5229.543415765621
2025-03-22;0;ttv;4.183042019996089;604.670883618882
2025-03-23;0;ttv;5.197453247269348;1336.822458170261
2025-03-24;0;ttv;9.853411815331082;1344.449356582793
2025-03-25;0;ttv;9.170136180104071;2261.0474124137536
2025-03-26;0;ttv;8.903548281209606;4068.7613717281088
2025-03-27;0;ttv;8.80664577387264;1340.143671722119
2025-03-28;0;ttv;12.39542406093422;1372.595949923426
2025-03-29;0;ttv;6.774599724406818;1342.7118639702503
2025-03-30;0;ttv;5.561556001652002;1344.4633357486364
2025-03-31;0;ttv;10.117848836549584;1342.7636362241974
2025-04-01;0;ttv;8.899449614202574;1342.2867472604255
2025-04-02;0;ttv;8.824122770916057;1348.486665133633
2025-04-03;0;ttv;8.977889464336698;1347.7795258858994
2025-04-04;0;ttv;9.97529611475924;1390.0117403858005
2025-04-05;0;ttv;4.949471599192246;1605.0341229179462
2025-04-06;0;ttv;6.869769263434508;918.5386125062557
2025-04-07;0;ttv;12.892689253360643;1367.875680812976
2025-04-08;0;ttv;9.340195461033264;1349.3961132323893
2025-04-09;0;ttv;11.891412088141387;1377.1781018215954
2025-04-10;0;ttv;8.61584395627805;1387.0457346199094
2025-04-11;0;ttv;9.653108542129832;1349.7808018440276
2025-04-12;0;ttv;7.3018362152205345;2343.8880239897026
2025-04-13;0;ttv;6.939168308470531;1357.8072590433246
2025-04-14;0;ttv;8.622319349742217;1363.0984392928542
2025-04-15;0;ttv;9.200852146748195;1356.2372131318652
2025-04-16;0;ttv;7.947210371255784;1361.0901241660067
2025-04-17;0;ttv;8.123010307042746;1345.624644346798
2025-04-18;0;ttv;7.635781525643372;1589.4495776481433
2025-04-19;0;ttv;3.665883679366001;603.2930936921523
2025-04-20;0;ttv;5.010932170593818;1346.246563335948
2025-04-21;0;ttv;8.885389458508422;1548.237389813685
2025-04-22;0;ttv;11.649156256028233;1348.6568511570295
2025-04-23;0;ttv;9.915835922699934;1354.0981608520638
2025-04-24;0;ttv;9.086252618799818;1348.5433174408547
2025-04-25;0;ttv;10.140494676334923;1357.742820398185
2025-04-26;0;ttv;5.470791662108997;603.9694373920281
2025-04-27;0;ttv;5.767070205470329;1354.7142059329256
2025-04-28;0;ttv;9.907545265660165;1373.5449526557331
2025-04-29;0;ttv;10.227633620901706;1401.850135242459
2025-04-30;0;ttv;8.474882663294158;1359.032588764304
2025-05-01;0;ttv;10.573277310587272;1368.8939228780876
2025-05-02;0;ttv;8.016277557861171;1402.0642500893207
2025-05-03;0;ttv;4.638331112315187;601.9028487293979
2025-05-04;0;ttv;5.348229103342037;1358.158240564598
2025-05-05;0;ttv;8.440203717479058;1359.5341377084908
2025-05-06;0;ttv;10.392595313284676;2868.4256902863403
2025-05-07;0;ttv;8.737519356412689;1454.2363528427834
2025-05-08;0;ttv;11.122361853489851;657.2909189227994
2025-05-09;0;ttv;11.906113801934252;715.320044685745
2025-05-10;0;ttv;6.985624324022489;651.7499537278471
2025-05-11;0;ttv;8.154910930446714;708.8336905957691
2025-05-12;0;ttv;12.413331599468727;740.8994187990298
2025-05-13;0;ttv;14.107869896571884;4337.143324354053
2025-05-14;0;ttv;11.41976971479165;788.590470689862
2025-05-15;0;ttv;10.435933790407134;1044.17240667221
2025-05-16;0;ttv;9.29288882086729;620.1842899542013
2025-05-17;0;ttv;7.396011004981383;611.8934276217738
2025-05-18;0;ttv;7.251560751289998;615.2066282008002
2025-05-19;0;ttv;9.980653490453689;680.130090307966
2025-05-20;0;ttv;10.186626870830699;1402.219255733156
2025-05-21;0;ttv;11.486857270332193;1514.8387309167456
2025-05-22;0;ttv;9.729658083028305;690.4321581557191
2025-05-23;0;ttv;13.286206643757227;778.9694350707747
2025-05-24;0;ttv;6.296195126750993;608.0857754277962
2025-05-25;0;ttv;6.29788416038314;617.197622688581
2025-05-26;0;ttv;6.796260544709423;605.4208072767433
2025-05-27;0;ttv;8.686506298941165;681.9752779014442
2025-05-28;0;ttv;8.5939567514246;906.9231181663781
2025-05-29;0;ttv;10.267524281607232;634.9830006165587
2025-05-30;0;ttv;9.376287966507308;630.5105067138624
2025-05-31;0;ttv;6.958628408606245;817.6969479606083
2025-06-01;0;ttv;5.9979874845102215;670.0537888313994
2025-06-02;0;ttv;7.654198462023594;828.1562932455778
2025-06-03;0;ttv;8.497395110278738;909.953446382083
2025-06-04;0;ttv;7.654241411038645;859.200484945253
2025-06-05;0;ttv;8.459597111732187;882.295568601512
2025-06-06;0;ttv;9.607842820928722;702.041927389532
2025-06-07;0;ttv;5.301322757952714;605.3140671672708
2025-06-08;0;ttv;5.075761710606669;704.5747947313919
2025-06-09;0;ttv;9.744088640518235;719.18834292355
2025-06-10;0;ttv;11.92740385093534;643.1136424585292
2025-06-11;0;ttv;10.096831674316585;843.1691959333575
2025-06-12;0;ttv;10.38365452263362;640.6701397724095
2025-06-13;0;ttv;11.89013323530633;778.2918190960183
2025-06-14;0;ttv;6.1225540054659895;680.448399068393
2025-06-15;0;ttv;6.282961368285921;604.7069903123696
2025-06-16;0;ttv;9.441765626767516;986.9627339001316
2025-06-17;0;ttv;9.689506799762245;712.8101897904544
2025-06-18;0;ttv;10.06723821062229;1011.5418682228425
2025-06-19;0;ttv;7.2200563708108;1719.9301105849513
2025-06-20;0;ttv;11.754495257814686;1780.1265874101136
2025-06-21;0;ttv;8.499651921221979;1852.9134579038086
2025-06-22;0;ttv;10.8490473805839;1878.5625827946355
2025-06-23;0;ttv;9.643522638693998;1094.1105297811046
2025-06-24;0;ttv;8.930573940566726;1102.2951581617024
2025-06-25;0;ttv;7.013967346407559;1190.964289804372
2025-06-26;0;ttv;8.934927724126682;1810.1336373434451
2025-06-27;0;ttv;7.317063066152589;1783.8767703125616
2025-06-28;0;ttv;5.704384038166462;1631.0404587635273
2025-06-29;0;ttv;7.030494578655593;1644.5377047872817
2025-06-30;0;ttv;7.849997506259222;1643.5399355185655
2025-07-01;0;ttv;8.804956443498957;1780.9207658775315
2025-07-02;0;ttv;9.81087762340329;1786.3445122087483
2025-07-03;0;ttv;9.06560780157546;1877.066439669551
2025-07-04;0;ttv;6.908663108421505;2023.9795249607073
2025-07-05;0;ttv;5.513924290915651;1879.8025969183984
2025-07-06;0;ttv;5.943399155282003;1854.2972053758022
2025-07-07;0;ttv;7.455084967671962;1708.1213139212105
2025-07-08;0;ttv;7.45226298149519;1590.6491846408953
2025-07-09;0;ttv;10.066466059227263;1351.7822093204559
2025-07-10;0;ttv;13.426932510352353;15268.528627950725
2025-07-11;0;ttv;11.481726775379276;1520.5749499772066
2025-07-12;0;ttv;8.816117409819906;1496.1171929352001
2025-07-13;0;ttv;7.17070703682653;1838.2541493291642
2025-07-14;0;ttv;12.944005205106674;1932.919526597866
2025-07-15;0;ttv;11.464858781261228;1419.2283142717176
2025-07-16;0;ttv;12.507188730303211;2046.59325563265
2025-07-17;0;ttv;13.491664497630042;3244.3790790448456
2025-07-18;0;ttv;15.074025701504086;1558.553553319221
2025-07-19;0;ttv;7.1248922532687615;787.0553583687303
2025-07-20;0;ttv;9.766503323686939;752.2328852657406
2025-07-21;0;ttv;13.957849681143342;6346.295207332078
2025-07-22;0;ttv;12.40028509229102;684.5219342029537
2025-07-23;0;ttv;12.638477622230356;743.3639863996898
2025-07-24;0;ttv;13.85377022503308;1156.627314385805
2025-07-25;0;ttv;18.35293047509169;963.6440126147769
2025-07-26;0;ttv;9.178249082202695;757.6740659497583
2025-07-27;0;ttv;9.823288208411922;779.2105882656846
2025-07-28;0;ttv;15.438034176727964;753.6752541812559
2025-07-29;0;ttv;13.845489781643417;632.3633039533955
2025-07-30;0;ttv;11.283685947319087;560.1119934239721
2025-07-31;0;ttv;11.892463782297709;928.995676184388
2025-08-01;0;ttv;16.31503182992322;1322.9076643727324
2025-08-02;0;ttv;11.662248542565854;978.9433978758982
2025-08-03;0;ttv;10.695218789795353;931.3529858372533
2025-08-04;0;ttv;13.82709075070796;774.0198843083546
2025-08-05;0;ttv;13.038686534425443;856.2609141569384
2025-08-06;0;ttv;14.804650024881798;998.1052682745292
2025-08-07;0;ttv;13.91284462966612;793.2980023706505
2025-08-08;0;ttv;14.840392510369274;2909.5745912673324
2025-08-09;0;ttv;14.33897723122561;1103.1623444913587
2025-08-10;0;ttv;12.231582539535072;1019.2936164956916
2025-08-11;0;ttv;17.67999801055542;2197.883809218268
2025-08-12;0;ttv;18.48077060275374;2094.931626895799
2025-08-13;0;ttv;22.017100233636103;1083.543740183612
2025-08-14;0;ttv;22.318037712159228;1456.3313978712342
2025-08-15;0;ttv;19.309033155742746;1014.3958856410668
2025-08-16;0;ttv;14.744689401654378;1377.6288337200685
2025-08-17;0;ttv;16.137358279917418;843.8939005137083
2025-08-18;0;ttv;22.102456013164034;1729.8218181747554
2025-08-19;0;ttv;20.727996972645823;1034.8102286636797
2025-08-20;0;ttv;18.251435010819105;1003.9877378316107
2025-08-21;0;ttv;15.618658093450579;926.3050777741483
2025-08-22;0;ttv;21.744517672672693;1896.9341436761272
2025-08-23;0;ttv;16.250861101722712;1019.688360592443
2025-08-24;0;ttv;23.27371658860189;1583.061164404893
2025-08-25;0;ttv;35.21562852228067;2119.4783963164027
2025-08-26;0;ttv;24.724471220651584;1287.5973854388144
2025-08-27;0;ttv;23.648799720253496;1373.3572718550356
2025-08-28;0;ttv;20.792208476353252;1025.5907454089336
2025-08-29;0;ttv;27.67065368938015;1437.819426058305
2025-08-30;0;ttv;16.786763848197985;1189.9320388850304
2025-08-31;0;ttv;19.460370892391257;1509.453366720494
2025-09-01;0;ttv;19.01559760989784;1016.8289741524218
2025-09-02;0;ttv;25.868643186332754;2169.45751562304
2025-09-03;0;ttv;17.27354305584704;1456.5395105422433
2025-09-04;0;ttv;17.911001162665745;2016.406613037751
2025-09-05;0;ttv;17.71534435845798;812.7699379779974
2025-09-06;0;ttv;11.56998282153775;989.3294205223143
2025-09-07;0;ttv;12.972365519184194;1596.3298716265176
2025-09-08;0;ttv;16.903311644313316;1490.0521938204029
2025-09-09;0;ttv;15.755792608649191;927.4636078834791
2025-09-10;0;ttv;14.805583646070517;1134.5275562276934
2025-09-11;0;ttv;18.316661188690897;794.6066882671374
2025-09-12;0;ttv;19.25135802950216;1007.0045750841085
2025-09-13;0;ttv;14.907296867611667;1522.0637602388392
2025-09-14;0;ttv;17.43042344553544;1001.9192519279262
2025-09-15;0;ttv;18.268626865976117;1351.062243152275
2025-09-16;0;ttv;13.726349900336666;2197.026429607337
2025-09-17;0;ttv;14.859955700786147;1040.8980377627317
2025-09-18;0;ttv;15.966157163820526;1250.0898138265486
2025-09-19;0;ttv;14.03943317286293;1003.4661841208415
2025-09-20;0;ttv;8.871975610212816;1001.9453101359821
2025-09-21;0;ttv;12.898560349791351;2438.298301055574
2025-09-22;0;ttv;19.956241981757376;1295.6899479666242
2025-09-23;0;ttv;18.070187831477067;2430.0448933303564
2025-09-24;0;ttv;22.29492942540205;1014.4910712806693
2025-09-25;0;ttv;29.246953067261554;1519.6970526899204
2025-09-26;0;ttv;21.75170418897638;1399.630780132506
2025-09-27;0;ttv;19.6961585333341;1645.4308346812472
2025-09-28;0;ttv;17.960867551266826;1654.6136564142637
2025-09-29;0;ttv;19.56716514527036;2939.855605456855
2025-09-30;0;ttv;20.747436896965066;2561.0957897970657
2025-10-01;0;ttv;16.86617861913942;1447.5848295242142
2025-10-02;0;ttv;16.067483629776984;1074.5190282215226
2025-10-03;0;ttv;20.808910687065097;1396.855472628586
2025-10-04;0;ttv;16.172289117170678;1491.98424977132
2025-10-05;0;ttv;37.17586134543669;6534.029082596115
2025-10-06;0;ttv;24.213113189846727;1748.795658870277
2025-10-07;0;ttv;21.68131745384732;2551.318948787315
2025-10-08;0;ttv;22.565847516421364;1248.8754176851958
2025-10-09;0;ttv;35.697808084839224;4387.034369736505
2025-10-10;0;ttv;32.15959523290703;2817.5189000280143
2025-10-11;0;ttv;26.209339742689792;4321.758868814746
2025-10-12;0;ttv;29.98377367519027;2778.1565463157203
2025-10-13;0;ttv;28.776159667847338;9821.750524090667
2025-10-14;0;ttv;41.29715871964079;5414.1931861189105
2025-10-15;0;ttv;34.054837014543985;2633.098934976715
2025-10-16;0;ttv;29.873080919320657;3277.8152664510408
2025-10-17;0;ttv;29.50914342196292;3319.354709076485
2025-10-18;0;ttv;14.754481638119664;2091.636259202121
2025-10-19;0;ttv;31.92834808488604;3402.039369889604
2025-10-20;0;ttv;31.22460591329612;3233.772742545596
2025-10-21;0;ttv;56.79303018526347;4784.7578022021025
2025-10-22;0;ttv;33.76748798592063;6267.9701791267535
2025-10-23;0;ttv;38.21790060547619;3359.859871663956
2025-10-24;0;ttv;22.33241438674233;1784.160487299008
2025-10-25;0;ttv;12.234875047609622;3006.856136064551
2025-10-26;0;ttv;19.473601568701365;2235.553452008191
2025-10-27;0;ttv;25.026894057239364;2329.184402755909
2025-10-28;0;ttv;24.593014949951698;2755.0258053952575
2025-10-29;0;ttv;27.177689899791037;2418.118482842274
2025-10-30;0;ttv;49.15603024229464;5062.143283546698
2025-10-31;0;ttv;37.1769458911456;4847.756822806672
2025-11-01;0;ttv;22.90500031230864;2530.817978498381
2025-11-02;0;ttv;20.630030875555935;3121.846392958165
2025-11-03;0;ttv;33.547386621507016;4599.954226308892
2025-11-04;0;ttv;35.27104553263759;2783.1921516983275
2025-11-05;0;ttv;25.83146760329788;3590.640453929556
2025-11-06;0;ttv;20.976259559290707;3199.7172730408124
2025-11-07;0;ttv;19.90753700626201;3804.540616828388
2025-11-08;0;ttv;15.609707418777198;1768.8472584673532
2025-11-09;0;ttv;29.732589309046045;4110.341412678899
2025-11-10;0;ttv;25.13230070641197;2999.4939178217787
2025-11-11;0;ttv;23.772325063090705;2296.032471790794
2025-11-12;0;ttv;26.930293564521932;2757.7378689073857
2025-11-13;0;ttv;42.80644955659549;3401.9335518140924
2025-11-14;0;ttv;34.48925107518804;2760.85440430722
2025-11-15;0;ttv;35.077383161568264;2913.8303290083427
2025-11-16;0;ttv;49.3651989492263;3106.325712449315
2025-11-17;0;ttv;37.196599187381935;3322.3780136119094
2025-11-18;0;ttv;37.030909069222645;4632.491710119809
2025-11-19;0;ttv;35.37413512478424;2264.048023844474
2025-11-20;0;ttv;32.68878696899119;3254.803652149234
2025-11-21;0;ttv;45.636872049851306;2818.2292590863585
2025-11-22;0;ttv;33.080070182246054;3095.7221885535355
2025-11-23;0;ttv;40.63622387779574;2555.352111997858
2025-11-24;0;ttv;38.77512604076524;3462.5394849638906
2025-11-25;0;ttv;38.30730812235012;2814.1784619484642
2025-11-26;0;ttv;49.90630590839462;2162.176366502753
2025-11-27;0;ttv;50.307668822978265;2845.7555962383644
2025-11-28;0;ttv;53.249570751929085;2396.3800028752253
2025-11-29;0;ttv;39.37944028419764;2019.7563699362995
2025-11-30;0;ttv;44.037609330640905;2688.0759342204774
2025-12-01;0;ttv;75.35418533472988;3802.3391980973292
2025-12-02;0;ttv;53.52036666282396;2495.7802746487964
2025-12-03;0;ttv;84.62660242814101;2911.781196013028
2025-12-04;0;ttv;61.85492760081116;3368.1476005190534
2025-12-05;0;ttv;66.68087406030729;3582.70570357308
2025-12-06;0;ttv;33.61630671742336;1995.8400638103349
2025-12-07;0;ttv;22.48792208702215;2472.36037984
2025-12-08;0;ttv;19.130680073804093;1711.2265722756556
2025-12-09;0;ttv;26.252680192896637;3728.822485880216
2025-12-10;0;ttv;27.364284706391686;3899.207781555719
2025-12-11;0;ttv;30.042983120794375;2640.1541580987528
2025-12-12;0;ttv;30.232382194601954;1780.1402858616614
2025-12-13;0;ttv;23.04091654080729;1747.5113432971566
2025-12-14;0;ttv;36.96055399739638;2974.7196649823595
2025-12-15;0;ttv;44.068889792829566;3886.7181495173036
2025-12-16;0;ttv;39.726391836164474;3264.680353197644
2025-12-17;0;ttv;51.20007683259855;4628.699840584729
2025-12-18;0;ttv;47.90932625713247;4105.781617918703
2025-12-19;0;ttv;41.078461573037366;3550.653443714432
2025-12-20;0;ttv;18.576600295216217;1903.5333071143039
2025-12-21;0;ttv;22.558796049197873;2328.7873198682983
2025-12-22;0;ttv;31.26616631088737;1780.6283256235652
2025-12-23;0;ttv;25.31584143917961;1681.723828354845
2025-12-24;0;ttv;26.157629236691427;1640.1238999396585
2025-12-25;0;ttv;24.68954239815448;2306.385368482319
2025-12-26;0;ttv;26.835119170445985;1633.5981397815008
2025-12-27;0;ttv;21.465105532588016;2491.707923775341
2025-12-28;0;ttv;28.715198249267523;2619.185638934935
2025-12-29;0;ttv;41.51877717828833;2674.2469711623226
2025-12-30;0;ttv;32.4068187271349;1754.9780548393962
2025-12-31;0;ttv;29.086041998300143;2585.2240597071877
2025-01-01;0;defi;3.257913331086789;1001.236794698043
2025-01-02;0;defi;4.411451238266604;1018.0479140965166
2025-01-03;0;defi;4.68609627002538;1019.1480718350322
2025-01-04;0;defi;2.037286803354492;203.48294667798308
2025-01-05;0;defi;1.5129735865001745;110.7539784369577
2025-01-06;0;defi;4.682543302762178;1007.9219448750766
2025-01-07;0;defi;5.576400295039888;1007.8322779183561
2025-01-08;0;defi;5.025895949827291;1017.4998439934777
2025-01-09;0;defi;4.530394524943215;1001.6997732369192
2025-01-10;0;defi;4.06055229961123;1002.3500994558186
2025-01-11;0;defi;1.750747877130854;218.1479689515944
2025-01-12;0;defi;1.736247352798824;326.3012640462271
2025-01-13;0;defi;5.415273210774881;1005.7347520930318
2025-01-14;0;defi;4.08626759846807;1009.5183175628963
2025-01-15;0;defi;4.279852724669924;985.1946023781956
2025-01-16;0;defi;4.39752930854406;1003.5818887712348
2025-01-17;0;defi;5.517082485536229;1004.6499446260065
2025-01-18;0;defi;4.235160534349294;1003.2533524774923
2025-01-19;0;defi;5.513613577239874;550.011575432624
2025-01-20;0;defi;7.184871409532613;941.093975542879
2025-01-21;0;defi;6.94725086595842;818.4721552324363
2025-01-22;0;defi;4.82113027826124;1002.4600270568055
2025-01-23;0;defi;5.817414962229588;1006.133022932133
2025-01-24;0;defi;4.703577186034187;555.7846813508421
2025-01-25;0;defi;2.214585740239413;447.8684525738667
2025-01-26;0;defi;1.8878705352753473;180.30564898325372
2025-01-27;0;defi;5.866020353299153;912.4237007990225
2025-01-28;0;defi;4.22410101929087;203.80553159695899
2025-01-29;0;defi;3.3746665354954692;203.0383381511136
2025-01-30;0;defi;4.09492009919734;170.03890754911617
2025-01-31;0;defi;5.395397866978095;1589.0871053357291
2025-02-01;0;defi;2.494278023729205;1001.5570199600699
2025-02-02;0;defi;3.7120951347222877;247.1555508799589
2025-02-03;0;defi;10.35567142625249;1008.0071783609474
2025-02-04;0;defi;7.275799485967735;1008.0351243263023
2025-02-05;0;defi;5.538700667942586;1191.0211835068096
2025-02-06;0;defi;4.959926892702188;1000.8971331004874
2025-02-07;0;defi;5.632516291028865;898.5864352386873
2025-02-08;0;defi;3.2757513866157795;315.06910911984625
2025-02-09;0;defi;3.1869809817566606;1006.0821980644687
2025-02-10;0;defi;5.40350600831061;1003.2426567509713
2025-02-11;0;defi;4.7490142051748325;1002.1143435538453
2025-02-12;0;defi;5.3414472968674485;990.2942948751484
2025-02-13;0;defi;4.789834184773697;700.6712862751682
2025-02-14;0;defi;4.916440499121012;1063.6249062949823
2025-02-15;0;defi;2.6406381714403406;1004.6977611345598
2025-02-16;0;defi;2.145355168305253;1000.8180360484414
2025-02-17;0;defi;3.3134785206805746;184.08130876028142
2025-02-18;0;defi;5.585875526955749;1007.2590362966708
2025-02-19;0;defi;4.424108045846736;695.2166843605257
2025-02-20;0;defi;5.0769013436948365;1032.8120347659092
2025-02-21;0;defi;7.44804874090846;1160.8052925945678
2025-02-22;0;defi;5.161612257018866;2949.921065807337
2025-02-23;0;defi;3.2576527826529906;671.0775277125251
2025-02-24;0;defi;6.334585381896194;1051.7097208234213
2025-02-25;0;defi;9.681473803547734;1040.3852532463193
2025-02-26;0;defi;7.40447641967676;1010.9415274520285
2025-02-27;0;defi;6.205645542234244;1003.3279267543838
2025-02-28;0;defi;9.455871255958352;2000.0021826405368
2025-03-01;0;defi;3.496823189886739;1007.6899946236074
2025-03-02;0;defi;4.167011787951094;1000.0428262020142
2025-03-03;0;defi;7.1944335303510085;1008.3979918751735
2025-03-04;0;defi;6.309483036062591;1010.2791714488619
2025-03-05;0;defi;4.737507396577741;1001.78585732982
2025-03-06;0;defi;5.111285990060036;1001.8945197704153
2025-03-07;0;defi;5.483800547184332;1001.435662105766
2025-03-08;0;defi;2.5007387657356843;1001.6843666026112
2025-03-09;0;defi;2.8720567758043374;202.300574710152
2025-03-10;0;defi;6.841208278176173;1063.7206505396152
2025-03-11;0;defi;5.695279539792202;1002.9216437234625
2025-03-12;0;defi;4.929904235948177;1001.882882068473
2025-03-13;0;defi;5.534830346310648;1002.1241264886021
2025-03-14;0;defi;5.206612594530289;245.11684720132772
2025-03-15;0;defi;2.5555690970235054;203.29786691644492
2025-03-16;0;defi;2.3287182661971886;145.3382806671993
2025-03-17;0;defi;4.515758551489821;206.78488075649045
2025-03-18;0;defi;5.011878460955283;1003.3522820553452
2025-03-19;0;defi;6.076743495664229;1011.6542732919345
2025-03-20;0;defi;5.496028423555155;1002.0495541492593
2025-03-21;0;defi;5.345071128784192;1002.3880951839292
2025-03-22;0;defi;1.967110942569966;202.42835122791547
2025-03-23;0;defi;2.5828395811167857;1000.5787732646908
2025-03-24;0;defi;6.712625022525787;1006.5785094301604
2025-03-25;0;defi;5.045273629389948;400.53665393936933
2025-03-26;0;defi;5.09863380258609;1357.0886760349536
2025-03-27;0;defi;5.227555910828886;1003.3479627279594
2025-03-28;0;defi;7.0298886336699535;1124.497547505136
2025-03-29;0;defi;3.2540776452905322;1000.5614231738832
2025-03-30;0;defi;2.8306197356536487;1001.3127213351695
2025-03-31;0;defi;5.62668456559869;1000.6348082101721
2025-04-01;0;defi;5.062888213639118;1000.7407880940929
2025-04-02;0;defi;5.317687598780316;1003.1283897305289
2025-04-03;0;defi;5.1883691888193075;1005.3112880279887
2025-04-04;0;defi;4.861067857006876;1002.7685022711552
2025-04-05;0;defi;2.3045665238205926;1001.4669763266005
2025-04-06;0;defi;3.303031137501032;203.69233382235697
2025-04-07;0;defi;7.455016037444366;1012.0674108749351
2025-04-08;0;defi;5.863849958406934;1001.5429894431985
2025-04-09;0;defi;7.199345309093384;1005.2119623617735
2025-04-10;0;defi;5.958376700610351;1016.568061831416
2025-04-11;0;defi;5.908913391674199;1002.4966853888128
2025-04-12;0;defi;4.429319965728623;1799.5403813766652
2025-04-13;0;defi;3.8010107180237767;1011.6501216202153
2025-04-14;0;defi;5.514653358157457;1008.825806264817
2025-04-15;0;defi;5.771612880756299;1002.6522576384875
2025-04-16;0;defi;4.733815624837053;1004.2214609403794
2025-04-17;0;defi;4.645636282441013;1001.178200807252
2025-04-18;0;defi;4.0872172647125975;1027.6848404463071
2025-04-19;0;defi;2.2183056695637315;200.6532854373384
2025-04-20;0;defi;2.727860232174889;1002.1501358451088
2025-04-21;0;defi;5.782595974604117;1547.7240351626347
2025-04-22;0;defi;7.639912618512253;1000.7417413217636
2025-04-23;0;defi;7.016799623428667;1006.565807645954
2025-04-24;0;defi;6.008781544108711;1001.9174471970172
2025-04-25;0;defi;7.055815015112266;1011.9450176073867
2025-04-26;0;defi;3.1467212506735134;227.49589909529325
2025-04-27;0;defi;3.034902711352033;1001.9633104898915
2025-04-28;0;defi;6.2858695563051805;1007.3374414934995
2025-04-29;0;defi;6.398027340666311;1044.4255240783143
2025-04-30;0;defi;5.206465129964724;1002.1629738229932
2025-05-01;0;defi;6.082737491625383;1014.3759556940303
2025-05-02;0;defi;5.113711756068578;1043.877485587932
2025-05-03;0;defi;2.3238129989663947;300.29718335252306
2025-05-04;0;defi;2.372653907124931;1001.1812934532079
2025-05-05;0;defi;5.1623873991548965;1002.3874450374163
2025-05-06;0;defi;5.510809987179376;1003.8377842274349
2025-05-07;0;defi;4.923011333381988;1047.5521391737284
2025-05-08;0;defi;7.082811876516774;373.56862339709676
2025-05-09;0;defi;7.654077273526863;425.75796632730163
2025-05-10;0;defi;3.735433328136818;302.0287371065388
2025-05-11;0;defi;3.524556798502052;300.4518053322913
2025-05-12;0;defi;5.969420878704789;445.0612254129219
2025-05-13;0;defi;6.203220264987092;300.48252012663517
2025-05-14;0;defi;5.88822110694853;501.06592554312766
2025-05-15;0;defi;6.253024698421682;1044.155360841797
2025-05-16;0;defi;5.031009220116482;569.2206579237543
2025-05-17;0;defi;2.9278502510143785;301.79924578687184
2025-05-18;0;defi;2.6519352116734383;300.39344143307187
2025-05-19;0;defi;4.736152251935915;303.150678677664
2025-05-20;0;defi;5.391851792107512;740.5687414394321
2025-05-21;0;defi;6.9069275971528254;1502.915962282797
2025-05-22;0;defi;5.954851227192887;437.81117255901586
2025-05-23;0;defi;7.175495475407895;336.48641632559264
2025-05-24;0;defi;2.5466976576082283;300.42783083136567
2025-05-25;0;defi;2.5302085213884538;351.59169885263856
2025-05-26;0;defi;3.6896688712193595;338.0137650459287
2025-05-27;0;defi;4.989492854244474;301.4702058683594
2025-05-28;0;defi;4.536044411726965;503.0961088124972
2025-05-29;0;defi;5.432853520268657;329.1011710191716
2025-05-30;0;defi;5.1750289600677295;302.2012904772153
2025-05-31;0;defi;2.642989082507021;302.59203274929104
2025-06-01;0;defi;2.1189004158466864;300.89306494810967
2025-06-02;0;defi;4.500369128801894;302.1809380434898
2025-06-03;0;defi;5.2081954468365685;309.3659351666138
2025-06-04;0;defi;4.25069732984965;859.036439059689
2025-06-05;0;defi;5.275261428535926;881.0909639259066
2025-06-06;0;defi;5.457212478917144;699.420137434794
2025-06-07;0;defi;2.5369166690237113;202.2879613300772
2025-06-08;0;defi;2.036991305190566;704.4806797062015
2025-06-09;0;defi;5.993595165593725;545.3374485708111
2025-06-10;0;defi;6.501669522359364;615.6438766405121
2025-06-11;0;defi;5.77975122028559;698.0314793192211
2025-06-12;0;defi;4.948611722297538;584.6658225593675
2025-06-13;0;defi;6.4497152161246;777.9927563454133
2025-06-14;0;defi;2.4243560976463407;300.06483358115423
2025-06-15;0;defi;2.3941343085655604;299.9490078585692
2025-06-16;0;defi;5.094157414776267;986.8626636546356
2025-06-17;0;defi;5.322626810836618;301.16099577997625
2025-06-18;0;defi;5.162721917875421;1011.1787833478821
2025-06-19;0;defi;3.2828823832199996;547.7907684510039
2025-06-20;0;defi;6.160249956411291;687.2791252180612
2025-06-21;0;defi;3.3904992015354654;348.0558572106432
2025-06-22;0;defi;4.609297890309248;700.3631454420694
2025-06-23;0;defi;5.698121328703135;527.72768347182
2025-06-24;0;defi;5.291177969706307;501.0990585191668
2025-06-25;0;defi;4.657921103013634;917.6523357881239
2025-06-26;0;defi;4.52937309893264;735.0770051242807
2025-06-27;0;defi;4.044111432881147;300.2096566168571
2025-06-28;0;defi;2.1629516126711867;302.3637208942499
2025-06-29;0;defi;2.4801862130507986;301.77053084728567
2025-06-30;0;defi;4.672527046511666;301.5733059288873
2025-07-01;0;defi;4.564227896785525;756.3407158947482
2025-07-02;0;defi;5.314783008995626;299.99785714821076
2025-07-03;0;defi;5.337775287309159;1004.5142980532856
2025-07-04;0;defi;3.6907430635370364;290.30199667074146
2025-07-05;0;defi;1.7107347021490706;285.7340507330967
2025-07-06;0;defi;1.8252414459637518;285.4585723209414
2025-07-07;0;defi;4.137030569470343;326.2973153172142
2025-07-08;0;defi;3.7847200947377826;506.6647503626571
2025-07-09;0;defi;5.295167107551981;544.6338426003701
2025-07-10;0;defi;6.486090236158263;314.4225243378406
2025-07-11;0;defi;7.41314699264729;625.1787490279838
2025-07-12;0;defi;3.5376521915761105;305.15153442753166
2025-07-13;0;defi;2.7438801566714566;294.8833563803023
2025-07-14;0;defi;7.379386404861718;505.9437365017856
2025-07-15;0;defi;6.744654624163326;307.8926656988788
2025-07-16;0;defi;8.447846749645382;2028.1670213943203
2025-07-17;0;defi;9.580754347093366;3244.1884183388297
2025-07-18;0;defi;10.90797134603841;1002.6407628211616
2025-07-19;0;defi;3.9287143418194015;274.0184663930046
2025-07-20;0;defi;4.449737573231939;270.8504050027942
2025-07-21;0;defi;8.263450897042176;926.1472801117944
2025-07-22;0;defi;7.718042433951709;368.4108650977391
2025-07-23;0;defi;7.997667075299686;652.4858835904442
2025-07-24;0;defi;8.42719396808581;1001.601726663188
2025-07-25;0;defi;10.148761187778357;897.8759560265115
2025-07-26;0;defi;4.022270521606363;202.8083799247679
2025-07-27;0;defi;4.4798648567766275;225.73998281543228
2025-07-28;0;defi;8.001012511576024;501.7802837314332
2025-07-29;0;defi;6.625490204800013;299.6539854002027
2025-07-30;0;defi;6.757341376846614;297.36901552504924
2025-07-31;0;defi;7.198484264386826;927.1444810673212
2025-08-01;0;defi;7.288641032955424;773.0758043184288
2025-08-02;0;defi;3.4382227516549375;300.6480630045943
2025-08-03;0;defi;3.591714873528346;740.3914196872247
2025-08-04;0;defi;6.729258953091762;658.2980489602528
2025-08-05;0;defi;6.385998786768202;478.25966798015736
2025-08-06;0;defi;5.888070352260165;996.6703730260214
2025-08-07;0;defi;6.714626761999364;296.4180935190636
2025-08-08;0;defi;7.565965488990757;710.9322314444597
2025-08-09;0;defi;5.352776868598581;337.3983841960845
2025-08-10;0;defi;4.205828545821717;302.59265391519887
2025-08-11;0;defi;8.373801290861019;798.521401977182
2025-08-12;0;defi;8.989003838718357;717.3169332408606
2025-08-13;0;defi;9.920302025748896;308.845000534751
2025-08-14;0;defi;12.609670576035374;1455.5879492860704
2025-08-15;0;defi;10.207005633529953;1013.8034164742651
2025-08-16;0;defi;3.9577034265648874;887.0283463702477
2025-08-17;0;defi;3.826295614646249;303.7718647338923
2025-08-18;0;defi;8.240303913612067;1172.7102517317867
2025-08-19;0;defi;8.187551975122053;481.0904387047704
2025-08-20;0;defi;7.835181457998581;1003.6769646682167
2025-08-21;0;defi;6.104306931668416;262.5041910532743
2025-08-22;0;defi;10.26928060231721;1896.548258444015
2025-08-23;0;defi;4.859317178542634;866.7510738547488
2025-08-24;0;defi;5.4300029935220815;345.2421375681162
2025-08-25;0;defi;8.312627364194585;675.564348925247
2025-08-26;0;defi;7.641406559080676;966.962051846723
2025-08-27;0;defi;7.169605890350668;1372.8251092534847
2025-08-28;0;defi;6.972021786022536;1020.4771666457461
2025-08-29;0;defi;7.819129750828718;960.8817048185958
2025-08-30;0;defi;3.4508412884492574;1000.4143926397477
2025-08-31;0;defi;3.057024920236651;301.3333799324321
2025-09-01;0;defi;5.727598813158384;768.4928840458001
2025-09-02;0;defi;7.180641054446065;1301.769948805819
2025-09-03;0;defi;6.920568875905845;870.5010235325815
2025-09-04;0;defi;7.428352097331402;2007.0039881066616
2025-09-05;0;defi;6.224735009011393;300.9875410197479
2025-09-06;0;defi;2.748959922564495;302.0727985918349
2025-09-07;0;defi;2.4865682514036327;930.7715650052564
2025-09-08;0;defi;6.022257470599413;640.7667965185176
2025-09-09;0;defi;6.082882362947032;317.68340262172666
2025-09-10;0;defi;6.134595525498037;320.3435528262796
2025-09-11;0;defi;6.835882488858548;326.5602048622349
2025-09-12;0;defi;8.471184625606725;1004.592402876036
2025-09-13;0;defi;4.528707629582493;304.047894447563
2025-09-14;0;defi;3.808996511295288;1001.0639144997768
2025-09-15;0;defi;7.7699595174892035;1350.8584584177074
2025-09-16;0;defi;8.199972030630427;2194.715452688859
2025-09-17;0;defi;6.730326835819975;353.1656888739283
2025-09-18;0;defi;9.21333044799639;550.347669559361
2025-09-19;0;defi;7.338117598342963;1003.2828698365882
2025-09-20;0;defi;3.5248374552956956;676.6928424299399
2025-09-21;0;defi;3.6274795446531223;2003.6654845646424
2025-09-22;0;defi;9.842791913691784;1138.7433947881473
2025-09-23;0;defi;7.776565803920553;510.7069109738968
2025-09-24;0;defi;8.629869203387347;648.4405148023915
2025-09-25;0;defi;11.78345493300725;1030.592459093469
2025-09-26;0;defi;9.728067914690072;1062.330266733016
2025-09-27;0;defi;3.8502730407950105;1001.3845139746263
2025-09-28;0;defi;2.8721582532768024;500.4154480013851
2025-09-29;0;defi;7.534178546743163;2939.1208937112438
2025-09-30;0;defi;8.10966003128738;501.89049673978127
2025-10-01;0;defi;7.586748750777581;979.3655855193819
2025-10-02;0;defi;7.688184676263319;1002.2483667177121
2025-10-03;0;defi;7.748383329330508;502.7136291095284
2025-10-04;0;defi;3.7004713678151857;991.5701235598638
2025-10-05;0;defi;3.930690673145834;500.95929708711935
2025-10-06;0;defi;7.273525345547687;506.79553958138297
2025-10-07;0;defi;7.7866751849809;854.6575875577951
2025-10-08;0;defi;7.567028357304098;560.5987080359088
2025-10-09;0;defi;7.0408797954344;1001.2104913325761
2025-10-10;0;defi;9.259477898870497;1004.6706478859309
2025-10-11;0;defi;11.628049072609695;1013.6390248489665
2025-10-12;0;defi;5.295667276656729;548.1178607704178
2025-10-13;0;defi;7.349845698203759;1002.2593640719008
2025-10-14;0;defi;9.448769519518654;505.0902171738134
2025-10-15;0;defi;7.469109898644882;1006.8051270199712
2025-10-16;0;defi;6.746184088493448;501.9242442294017
2025-10-17;0;defi;7.096018277755956;501.57830694308626
2025-10-18;0;defi;2.934053322606666;1001.6698639190784
2025-10-19;0;defi;3.1337702847115327;501.8075394659306
2025-10-20;0;defi;6.060857963704152;538.2664325614935
2025-10-21;0;defi;8.261216006337252;1219.8786932820801
2025-10-22;0;defi;7.868908942179366;1203.2208781660772
2025-10-23;0;defi;7.163937906666407;605.6812891372332
2025-10-24;0;defi;6.673358403213992;971.2472036103803
2025-10-25;0;defi;2.460948281537891;595.3441309398411
2025-10-26;0;defi;3.4427074292257154;503.5167519792822
2025-10-27;0;defi;6.514383544146443;513.3349740997315
2025-10-28;0;defi;6.1806787952655275;725.1721977758584
2025-10-29;0;defi;6.3554023006;578.9917118240702
2025-10-30;0;defi;6.557181605622269;513.6207567025349
2025-10-31;0;defi;7.136098689699119;1041.1716842977144
2025-11-01;0;defi;3.7682572904967526;601.9219618223235
2025-11-02;0;defi;2.5084218342740146;615.8414410098181
2025-11-03;0;defi;7.209010665733093;611.6873028900541
2025-11-04;0;defi;9.07836360480784;1074.5512946308777
2025-11-05;0;defi;8.653844733056815;1146.521447480295
2025-11-06;0;defi;7.16425275049945;602.6549049415627
2025-11-07;0;defi;7.385320079722527;603.1673484984617
2025-11-08;0;defi;3.3307772412050074;602.7352048809272
2025-11-09;0;defi;3.3265127126447904;695.1189931677776
2025-11-10;0;defi;6.716141507004076;1014.7723524582908
2025-11-11;0;defi;5.323894609379092;606.2168473830609
2025-11-12;0;defi;6.432509805900147;857.2632138846433
2025-11-13;0;defi;6.131698726296152;614.0831546831787
2025-11-14;0;defi;6.718105249778697;603.3108428691842
2025-11-15;0;defi;3.1354072655067187;1137.2820712591163
2025-11-16;0;defi;4.2893696911594015;1563.6192654224978
2025-11-17;0;defi;6.8224260954470894;999.8271599091089
2025-11-18;0;defi;7.17699813984311;601.6712083361201
2025-11-19;0;defi;6.594654079225667;721.5974057085086
2025-11-20;0;defi;7.282045745076843;1002.9146637537677
2025-11-21;0;defi;8.379145083208114;821.3453922346172
2025-11-22;0;defi;3.286897511434502;604.5504313563519
2025-11-23;0;defi;4.737858198019253;2263.8891972703836
2025-11-24;0;defi;6.242262889415143;602.5754847417165
2025-11-25;0;defi;5.861887442098237;600.3633036968695
2025-11-26;0;defi;5.411260786517356;907.3879877711947
2025-11-27;0;defi;4.190311977754959;605.2289020765098
2025-11-28;0;defi;5.679003239120452;680.603219477125
2025-11-29;0;defi;2.844205066092975;720.8315373662103
2025-11-30;0;defi;2.027249313683625;600.0924234816997
2025-12-01;0;defi;6.934155006935326;1444.9339225468311
2025-12-02;0;defi;5.668135394262885;1003.3854516528922
2025-12-03;0;defi;5.763335963658533;602.1355016311884
2025-12-04;0;defi;5.254668768057382;600.1302565127547
2025-12-05;0;defi;5.824059140401058;1002.1714484850886
2025-12-06;0;defi;2.3510219545923707;602.9083237690872
2025-12-07;0;defi;1.9494692711063815;619.580711311994
2025-12-08;0;defi;5.016438913246883;1004.0927072458859
2025-12-09;0;defi;5.883622954908069;694.5877640846966
2025-12-10;0;defi;5.2963255912526686;1000.9029831408603
2025-12-11;0;defi;5.865184555195638;602.30368207773
2025-12-12;0;defi;4.945602781338689;603.3144835475739
2025-12-13;0;defi;2.3579779565107297;600.2018690564851
2025-12-14;0;defi;2.659031618743699;1000.9630973071405
2025-12-15;0;defi;5.16360590610118;617.661120111169
2025-12-16;0;defi;4.874021351551931;601.1090169494078
2025-12-17;0;defi;4.91547158870418;603.108401408902
2025-12-18;0;defi;4.809196637395535;607.0158398083869
2025-12-19;0;defi;4.943489304887776;600.3863142748438
2025-12-20;0;defi;1.8661714865933188;600.1791857815855
2025-12-21;0;defi;1.5866576180273748;600.4002313422975
2025-12-22;0;defi;4.270549080447407;600.2190615611377
2025-12-23;0;defi;5.212399692002274;643.058152208498
2025-12-24;0;defi;4.318294349454362;984.878103691503
2025-12-25;0;defi;2.327649302839997;603.7515636087583
2025-12-26;0;defi;3.7421489493450606;600.0418538148731
2025-12-27;0;defi;1.997119014836647;600.6937257309999
2025-12-28;0;defi;2.3559000243861914;809.9674401234109
2025-12-29;0;defi;5.739937573837888;503.2104983563669
2025-12-30;0;defi;5.701625923589799;1305.72137855126
2025-12-31;0;defi;5.3425862148712895;600.1763478045889
2025-01-01;0;asp;2.7809974601947873;999.7907006730813
2025-01-02;0;asp;3.9270329872579848;1016.9402414316944
2025-01-03;0;asp;4.095897329917447;1018.2642899963827
2025-01-04;0;asp;1.5551241193041008;200.92739475426484
2025-01-05;0;asp;1.1987283542976974;110.73143378444922
2025-01-06;0;asp;4.228355578436333;1005.2200936527511
2025-01-07;0;asp;5.123216364596345;1006.8006130001701
2025-01-08;0;asp;4.2504724519646935;1016.4771064244352
2025-01-09;0;asp;3.9874759545982243;1000.3648713332215
2025-01-10;0;asp;3.5133308554070957;1001.1270503506298
2025-01-11;0;asp;1.229533181781238;200.17447093728617
2025-01-12;0;asp;1.3066616229644128;326.29360349338737
2025-01-13;0;asp;4.755188612037202;1004.717793332328
2025-01-14;0;asp;3.599406078838964;1007.0801504896303
2025-01-15;0;asp;3.847258573661013;985.1908188031282
2025-01-16;0;asp;3.9297966638913437;1001.7004564945315
2025-01-17;0;asp;4.892073415560043;1003.594668717811
2025-01-18;0;asp;3.7664472260322484;1001.6263478947637
2025-01-19;0;asp;5.151727869796509;550.0097864329796
2025-01-20;0;asp;6.808208295261034;940.8656583549094
2025-01-21;0;asp;6.435033988311061;812.4702270812843
2025-01-22;0;asp;4.472291305070361;1001.0223411253319
2025-01-23;0;asp;5.234541294127188;1004.7348301530163
2025-01-24;0;asp;4.217655330436256;555.1756767875834
2025-01-25;0;asp;1.7118374291949368;447.8682862925641
2025-01-26;0;asp;1.3863249569701828;180.30313177019474
2025-01-27;0;asp;5.04139486731095;905.4206205915942
2025-01-28;0;asp;3.706870714766718;200.33090499386046
2025-01-29;0;asp;2.6192297410183527;203.03400865543404
2025-01-30;0;asp;3.229729308789801;170.02533129699975
2025-01-31;0;asp;4.722680976701682;1588.028126889986
2025-02-01;0;asp;1.9286473800513895;1000.0673661420249
2025-02-02;0;asp;2.844517669851361;247.13121053552274
2025-02-03;0;asp;9.490637786570023;1007.0214277600478
2025-02-04;0;asp;6.068391377488197;1007.1115709244971
2025-02-05;0;asp;4.622727561383937;1190.8321237336916
2025-02-06;0;asp;4.043354666938722;999.9687331481415
2025-02-07;0;asp;4.299180724907318;898.3590972943247
2025-02-08;0;asp;2.0318123600865263;315.06910911984625
2025-02-09;0;asp;1.871760315207704;1004.6299162868536
2025-02-10;0;asp;4.225156050637283;1000.7475380837105
2025-02-11;0;asp;3.651142989447225;1000.638436677225
2025-02-12;0;asp;4.3208542102677825;990.2778786487598
2025-02-13;0;asp;3.618690401154592;700.6712174445943
2025-02-14;0;asp;3.83690138417651;1002.175728028681
2025-02-15;0;asp;1.6018226802898536;1003.8886463151347
2025-02-16;0;asp;1.3234441837754995;1000.2084228685512
2025-02-17;0;asp;2.5139675724099106;184.07746962753436
2025-02-18;0;asp;4.342032223363854;1005.4121959471047
2025-02-19;0;asp;3.3781714549664783;691.487947602854
2025-02-20;0;asp;3.856300108192766;1032.1333886368045
2025-02-21;0;asp;6.287635251422199;1154.0388484509087
2025-02-22;0;asp;3.9307310573134235;2949.8738101376434
2025-02-23;0;asp;2.311351756997049;671.0766779501577
2025-02-24;0;asp;4.875017583258273;1050.9953632221866
2025-02-25;0;asp;8.047342896997943;1039.2354525687817
2025-02-26;0;asp;5.7268377241663115;1009.4378762395403
2025-02-27;0;asp;5.010934112802015;1002.2574110438437
2025-02-28;0;asp;7.857920641483848;2000.001394035475
2025-03-01;0;asp;2.346783531478293;1006.2010541847725
2025-03-02;0;asp;3.0533352668853113;1000.0427924580488
2025-03-03;0;asp;5.579885957590249;1007.4972215705413
2025-03-04;0;asp;4.948729630165919;1008.565281336114
2025-03-05;0;asp;3.6190951644671543;1000.545184202916
2025-03-06;0;asp;3.7885858699086716;1000.7557636223585
2025-03-07;0;asp;4.397376250572583;1000.9860227960548
2025-03-08;0;asp;1.4739856789502779;1000.16959834315
2025-03-09;0;asp;1.5362646417546315;200.09545271789435
2025-03-10;0;asp;5.590297805413283;1062.822721811859
2025-03-11;0;asp;4.7725317323966;1002.4732701383264
2025-03-12;0;asp;4.148145771138462;1001.0638463623184
2025-03-13;0;asp;4.037485454734537;1001.6166619583026
2025-03-14;0;asp;3.6897108791241773;245.1167374494411
2025-03-15;0;asp;1.4148796206143046;203.18489780560816
2025-03-16;0;asp;1.1467273427681561;145.3354784917942
2025-03-17;0;asp;3.1235919277279662;200.7268321561688
2025-03-18;0;asp;3.5739699132157035;1003.0210889936656
2025-03-19;0;asp;4.734084184776314;1011.6536549757127
2025-03-20;0;asp;4.122730913681969;1001.5063667685114
2025-03-21;0;asp;4.253030121281187;1000.7891008378616
2025-03-22;0;asp;1.1917452649706786;200.26526898284075
2025-03-23;0;asp;1.4466081042519405;1000.1068758330481
2025-03-24;0;asp;4.987993770333027;1005.8215651082686
2025-03-25;0;asp;3.852098264352476;400.5328478002306
2025-03-26;0;asp;3.8460788049770103;1356.9867098507161
2025-03-27;0;asp;4.078212256657438;1002.7941478585043
2025-03-28;0;asp;5.037694540949999;1124.4960383251257
2025-03-29;0;asp;1.78470512415305;999.890452123836
2025-03-30;0;asp;1.5053929620649673;1000.1428295527952
2025-03-31;0;asp;4.150025316341642;999.9677084826183
2025-04-01;0;asp;3.5967903543106803;1000.1706246711235
2025-04-02;0;asp;4.106866016456853;1002.6023994067548
2025-04-03;0;asp;3.9383188571754078;1004.6547266344628
2025-04-04;0;asp;3.756918654057902;1001.6567492819472
2025-04-05;0;asp;1.1898418592245277;1000.3091464292398
2025-04-06;0;asp;1.8608553246688082;201.8231748073915
2025-04-07;0;asp;5.8671363775989125;1011.5699136097523
2025-04-08;0;asp;4.396619895073174;1001.1483873131341
2025-04-09;0;asp;5.425764318208062;1004.4781996591038
2025-04-10;0;asp;4.3263572490227356;1015.4760996821913
2025-04-11;0;asp;4.294736758580364;1002.0965573519316
2025-04-12;0;asp;2.4365183029111024;1799.5373899265674
2025-04-13;0;asp;2.201441582085;1011.4489653047616
2025-04-14;0;asp;3.70334009049157;1008.2134327596525
2025-04-15;0;asp;4.072955004391337;1001.9156845321626
2025-04-16;0;asp;3.093711061106086;1003.1012326336673
2025-04-17;0;asp;3.142989307967863;1000.4873926800626
2025-04-18;0;asp;2.4461192787448693;1026.1707823461204
2025-04-19;0;asp;0.9990941797603407;200.41958857919437
2025-04-20;0;asp;1.6011922527992213;1000.6811460394599
2025-04-21;0;asp;4.17490423446143;1500.7881441932352
2025-04-22;0;asp;5.894806234875433;1000.0496240551489
2025-04-23;0;asp;5.054580275576218;1005.3557212093024
2025-04-24;0;asp;4.731872744776481;1001.1103162926155
2025-04-25;0;asp;5.581117682051689;1011.1686662210209
2025-04-26;0;asp;2.087900637735678;227.47324077176847
2025-04-27;0;asp;1.8444104352510802;1000.7838171496528
2025-04-28;0;asp;4.62669840961532;1006.7389434664848
2025-04-29;0;asp;4.851047306280456;1012.6801412449493
2025-04-30;0;asp;3.8652781844374684;1001.4177910847881
2025-05-01;0;asp;4.653799379963325;1014.1546708727312
2025-05-02;0;asp;3.9120147130014367;1002.9014516685462
2025-05-03;0;asp;1.2296644140387334;300.2909193597554
2025-05-04;0;asp;1.4328213059543693;1000.4636781458692
2025-05-05;0;asp;3.664066703161346;1001.7834333206972
2025-05-06;0;asp;4.451814735863159;1002.6221205903819
2025-05-07;0;asp;3.8815659609901454;1046.6984431465585
2025-05-08;0;asp;5.897686516509191;373.5684622202662
2025-05-09;0;asp;6.353307824397598;425.7569409091449
2025-05-10;0;asp;2.5588982201103905;302.02461153261345
2025-05-11;0;asp;2.436100964217097;300.4425398968692
2025-05-12;0;asp;5.197413777750341;445.06096678155535
2025-05-13;0;asp;4.988317628948887;300.48242587270227
2025-05-14;0;asp;5.067890201910825;501.0643116962076
2025-05-15;0;asp;5.630520935150493;1044.1553540861198
2025-05-16;0;asp;4.4632304968314465;514.0866952522899
2025-05-17;0;asp;2.1529897035337235;300.5138188348445
2025-05-18;0;asp;1.9062876082735463;300.391555667124
2025-05-19;0;asp;4.217024753592762;303.0972282246269
2025-05-20;0;asp;4.566632454481879;740.5686570887318
2025-05-21;0;asp;6.370045700911919;1502.1509601972145
2025-05-22;0;asp;5.251309107317101;437.7899222678121
2025-05-23;0;asp;6.515604852539604;336.484779766409
2025-05-24;0;asp;1.7530812846566;300.4244270920246
2025-05-25;0;asp;1.8513581009420736;300.87316928981875
2025-05-26;0;asp;3.1630056187844233;338.0123330234159
2025-05-27;0;asp;4.399192451265959;301.4633464375975
2025-05-28;0;asp;4.093428685693264;500.13428750114196
2025-05-29;0;asp;4.863796005824468;329.09165914214685
2025-05-30;0;asp;4.712842605545456;301.202819718965
2025-05-31;0;asp;2.193977812405675;302.58652799873664
2025-06-01;0;asp;1.7210842036841714;300.88776847259555
2025-06-02;0;asp;4.162210601081271;302.1746144471164
2025-06-03;0;asp;4.78218362463692;309.35981155529504
2025-06-04;0;asp;3.882036168908781;859.0207417722943
2025-06-05;0;asp;4.826220507945599;881.088934410474
2025-06-06;0;asp;4.9750614879706845;699.4051764046628
2025-06-07;0;asp;1.9098517834783497;201.71738838797353
2025-06-08;0;asp;1.4433248715449567;704.4791482033146
2025-06-09;0;asp;5.182607120146971;545.2583919626915
2025-06-10;0;asp;5.691053529221805;615.6438577969546
2025-06-11;0;asp;5.063561491257358;697.9981027904731
2025-06-12;0;asp;4.290459562293136;584.6654523923557
2025-06-13;0;asp;5.337364895155855;777.7320002442051
2025-06-14;0;asp;1.649693306206291;300.0648326574008
2025-06-15;0;asp;1.305193037199925;299.94474205013887
2025-06-16;0;asp;4.061363653221361;986.8585976424772
2025-06-17;0;asp;3.904735688191123;301.1555132316451
2025-06-18;0;asp;4.057719254686551;1011.1616242490471
2025-06-19;0;asp;2.479124226744002;547.7857827081302
2025-06-20;0;asp;5.2222752513678845;687.1799965662063
2025-06-21;0;asp;2.0283336558887455;308.8464358476608
2025-06-22;0;asp;3.276545647395063;700.3620924794486
2025-06-23;0;asp;4.552897071691016;502.84206434298846
2025-06-24;0;asp;4.596503664300213;501.0980760938236
2025-06-25;0;asp;4.115762249267351;917.6523310768375
2025-06-26;0;asp;3.8769564512693933;735.0655061489323
2025-06-27;0;asp;3.3425381057610166;300.20835369579254
2025-06-28;0;asp;1.4206493896186763;300.28072821478605
2025-06-29;0;asp;1.6561534119109582;301.7662616069284
2025-06-30;0;asp;4.042147947465851;301.540294570095
2025-07-01;0;asp;3.650700535113246;755.630383845747
2025-07-02;0;asp;4.437701674649339;299.996301141364
2025-07-03;0;asp;4.364972671841865;1001.367869304582
2025-07-04;0;asp;2.945710629973888;290.30165079229766
2025-07-05;0;asp;1.1678028758193797;285.7291454102711
2025-07-06;0;asp;1.2288823663150703;285.4539849486678
2025-07-07;0;asp;3.6669937606102345;326.2952721807627
2025-07-08;0;asp;3.2246371457435976;506.6614331263115
2025-07-09;0;asp;4.724497482148351;544.6319789308648
2025-07-10;0;asp;5.904514476566685;314.4163830568722
2025-07-11;0;asp;6.690256512926345;625.1700114064284
2025-07-12;0;asp;2.711961700733474;304.93019803348784
2025-07-13;0;asp;2.11840722422359;294.87837383197444
2025-07-14;0;asp;6.502644636018698;505.66284232554887
2025-07-15;0;asp;5.854450594219232;307.88184024004454
2025-07-16;0;asp;7.673975823557344;2028.1585748759453
2025-07-17;0;asp;8.92040467217657;3244.1857298201226
2025-07-18;0;asp;10.241018774914261;1002.6403730759132
2025-07-19;0;asp;3.214064892510496;273.34744071465394
2025-07-20;0;asp;3.3198988153391533;270.8458300246756
2025-07-21;0;asp;6.824433456466962;925.6438886079571
2025-07-22;0;asp;6.200896396725941;368.40919771095844
2025-07-23;0;asp;6.732460950038395;650.3773405351192
2025-07-24;0;asp;7.221225052578133;1001.5903177550117
2025-07-25;0;asp;8.626819426319518;897.8747757497993
2025-07-26;0;asp;2.692386496655129;201.49385605844094
2025-07-27;0;asp;2.834834257645855;225.7399828138239
2025-07-28;0;asp;6.350415288660297;501.67898581002754
2025-07-29;0;asp;5.964479778080904;299.63236031406444
2025-07-30;0;asp;6.166431570035823;297.36311779520526
2025-07-31;0;asp;6.630882365420233;927.1444810673191
2025-08-01;0;asp;6.515233482157477;773.0741865247821
2025-08-02;0;asp;2.532777993249441;300.6363794255324
2025-08-03;0;asp;2.6949929000315507;306.5968311136116
2025-08-04;0;asp;5.758687636978644;658.1832460582422
2025-08-05;0;asp;5.2541450650250905;478.2596141695532
2025-08-06;0;asp;4.944066147001334;996.662421250647
2025-08-07;0;asp;5.616993912034857;296.41108332298523
2025-08-08;0;asp;6.366524208064074;708.4938488275042
2025-08-09;0;asp;4.13348532898606;337.3966808256659
2025-08-10;0;asp;3.12462587357788;302.5789437414019
2025-08-11;0;asp;7.383702850533145;798.5066039842487
2025-08-12;0;asp;8.136336819693662;717.1794340627803
2025-08-13;0;asp;9.167381363569358;306.47566273331205
2025-08-14;0;asp;11.461899492840494;1455.551288338582
2025-08-15;0;asp;9.194137784622288;1013.7877902853015
2025-08-16;0;asp;3.413412478500242;887.0280193491211
2025-08-17;0;asp;3.0502048723497173;300.69373518286574
2025-08-18;0;asp;7.130402499015546;1140.6978303885805
2025-08-19;0;asp;6.675078986747217;481.08563596831584
2025-08-20;0;asp;6.896770459042512;1003.664369113338
2025-08-21;0;asp;5.280796446349566;262.5031469698221
2025-08-22;0;asp;9.470665572634735;1896.548206588567
2025-08-23;0;asp;4.35142000349583;866.747791291935
2025-08-24;0;asp;4.757407323547865;345.23615044857024
2025-08-25;0;asp;7.621306023139589;675.5586832078079
2025-08-26;0;asp;7.171461283645665;937.8847619858539
2025-08-27;0;asp;6.535158215946313;1372.8081344378472
2025-08-28;0;asp;6.444796404590666;1020.4634717927811
2025-08-29;0;asp;7.070619145691119;960.875738724317
2025-08-30;0;asp;3.0797140132814107;1000.4143122744704
2025-08-31;0;asp;2.600391184581416;301.2511749466749
2025-09-01;0;asp;5.280357485131831;768.4877247580063
2025-09-02;0;asp;6.53017129233009;1301.7651902757875
2025-09-03;0;asp;6.331299035557316;870.4992900030489
2025-09-04;0;asp;6.8993034999121265;2007.0019434879378
2025-09-05;0;asp;5.7066324613232355;300.8004987169444
2025-09-06;0;asp;2.289702176017819;302.0551144292731
2025-09-07;0;asp;2.0525110566246534;930.7678478970926
2025-09-08;0;asp;5.472751472038802;640.760593988325
2025-09-09;0;asp;5.5519608381955985;300.4451730610634
2025-09-10;0;asp;5.537142755685175;320.33512043270287
2025-09-11;0;asp;6.237599273571176;326.557954723804
2025-09-12;0;asp;7.514322319144259;1004.5559049217993
2025-09-13;0;asp;3.634849460156899;304.03063750544896
2025-09-14;0;asp;2.992521341548984;1001.0500643151935
2025-09-15;0;asp;7.1372229916719405;1350.8576860650257
2025-09-16;0;asp;7.593009437614936;2194.694236872401
2025-09-17;0;asp;6.000280099745918;352.46831093893184
2025-09-18;0;asp;8.552310023688506;550.3437076849679
2025-09-19;0;asp;6.618338264353125;1003.275589221125
2025-09-20;0;asp;3.0102563949994834;676.6927781629113
2025-09-21;0;asp;3.016131790547368;2003.6618026802864
2025-09-22;0;asp;8.748360188703982;1138.7114921224015
2025-09-23;0;asp;6.826573402012014;510.70007066544815
2025-09-24;0;asp;7.852082107865335;647.7700745812663
2025-09-25;0;asp;10.678497601044139;1030.473594751333
2025-09-26;0;asp;8.770298195887632;1062.3208560652433
2025-09-27;0;asp;3.0673381838283316;1001.3835297340878
2025-09-28;0;asp;2.22612239035313;500.4077689782536
2025-09-29;0;asp;6.931902869256959;2939.10911361295
2025-09-30;0;asp;7.421552728403582;501.26221295653886
2025-10-01;0;asp;6.912518489590692;979.3606833917055
2025-10-02;0;asp;7.0162696776636615;1002.2430357606158
2025-10-03;0;asp;7.162633078804186;502.71341390905957
2025-10-04;0;asp;3.3744638916024865;991.5651669114573
2025-10-05;0;asp;3.431789707077008;500.94417183328
2025-10-06;0;asp;6.820385249610017;506.7955395813804
2025-10-07;0;asp;6.954082239182787;854.6565583917396
2025-10-08;0;asp;6.690864478918227;560.5973416459333
2025-10-09;0;asp;6.124458909924675;1001.2060394220111
2025-10-10;0;asp;8.392982361734285;1004.5422293104823
2025-10-11;0;asp;10.978857956839947;1013.6315243081203
2025-10-12;0;asp;4.544532988979535;548.1178607704159
2025-10-13;0;asp;6.663134392383529;1002.2575052896104
2025-10-14;0;asp;8.60061250698011;505.07919421308617
2025-10-15;0;asp;6.678530615207711;1006.7993810982506
2025-10-16;0;asp;6.059564204922042;501.8898086381214
2025-10-17;0;asp;6.530744616760843;501.57820599482335
2025-10-18;0;asp;2.585550059041574;1001.6685176743257
2025-10-19;0;asp;2.7486169571930206;501.8073613811213
2025-10-20;0;asp;5.486249948772657;538.2622871030256
2025-10-21;0;asp;7.620008742110101;1219.6265704804532
2025-10-22;0;asp;7.183274207884577;1203.2207750354753
2025-10-23;0;asp;6.553745483969932;605.5619675852704
2025-10-24;0;asp;6.0445906126174505;970.5181478596566
2025-10-25;0;asp;1.9837274028588563;595.3429274888259
2025-10-26;0;asp;2.86691290849756;500.52739129335777
2025-10-27;0;asp;5.78294120155982;513.3310948624055
2025-10-28;0;asp;5.586356882084673;725.1718177338252
2025-10-29;0;asp;5.766511845225089;578.9689100282965
2025-10-30;0;asp;6.0491509649233555;513.5949168844634
2025-10-31;0;asp;6.546898720622907;1041.1667821289057
2025-11-01;0;asp;3.336091571925593;601.9171809117557
2025-11-02;0;asp;2.165773053197623;615.838788599823
2025-11-03;0;asp;6.610187629839043;610.8143964875015
2025-11-04;0;asp;8.383703417528528;1074.5495163553658
2025-11-05;0;asp;7.99767104729471;1146.5208496660437
2025-11-06;0;asp;6.779651860670775;602.6537448130496
2025-11-07;0;asp;6.916263895484563;602.433803129878
2025-11-08;0;asp;2.7030956331661598;602.7340107152405
2025-11-09;0;asp;2.658981419155236;695.1035348735761
2025-11-10;0;asp;6.183048869134671;1014.7607974433588
2025-11-11;0;asp;4.814891220160268;606.2152534248934
2025-11-12;0;asp;6.0334613967686055;857.2625097376111
2025-11-13;0;asp;5.685828396873582;603.8931660440152
2025-11-14;0;asp;6.312345203884587;603.310355850667
2025-11-15;0;asp;2.700252357771424;1137.27128021244
2025-11-16;0;asp;3.628336044918377;1563.6158114534312
2025-11-17;0;asp;6.30139896633239;999.8269486619323
2025-11-18;0;asp;6.60374630170399;601.6693946630317
2025-11-19;0;asp;6.0821604893599925;710.4235588253771
2025-11-20;0;asp;6.8053821152417475;1002.8953533416292
2025-11-21;0;asp;7.9114918898110975;816.9076254297304
2025-11-22;0;asp;2.8147295322398995;604.1690138782092
2025-11-23;0;asp;4.33223114958709;2263.8878996282497
2025-11-24;0;asp;5.854502411746552;602.5139891661585
2025-11-25;0;asp;5.3723634923232;600.3501653152376
2025-11-26;0;asp;4.826565968086762;907.3813044514393
2025-11-27;0;asp;3.7646516536291625;605.2284009403237
2025-11-28;0;asp;5.166490009837068;672.7270410376082
2025-11-29;0;asp;2.3171904322493826;720.8057918068223
2025-11-30;0;asp;1.6356467732802187;600.090613478444
2025-12-01;0;asp;6.192085461343213;1444.8580160178442
2025-12-02;0;asp;5.14708698391089;1003.3741925359051
2025-12-03;0;asp;5.209284832451387;602.1340866388509
2025-12-04;0;asp;4.731122589319339;600.1018466284362
2025-12-05;0;asp;5.076891650799323;1002.1713525659491
2025-12-06;0;asp;1.8826667684616318;602.9060464601657
2025-12-07;0;asp;1.7394935193655128;599.9198786958226
2025-12-08;0;asp;4.805477035460861;1004.0869766697933
2025-12-09;0;asp;5.521007683024112;694.5876658500509
2025-12-10;0;asp;4.950299386094783;1000.8429844688014
2025-12-11;0;asp;5.509258133815032;602.3026940491749
2025-12-12;0;asp;4.518158140472155;603.3142406727576
2025-12-13;0;asp;1.8584119228676654;600.2014831458534
2025-12-14;0;asp;2.1577910970856955;1000.9627920505502
2025-12-15;0;asp;4.707461129711863;617.6263358317772
2025-12-16;0;asp;4.389478021558511;601.0898065368882
2025-12-17;0;asp;4.536404518743939;603.1072702621229
2025-12-18;0;asp;4.427934378859725;606.9778143634218
2025-12-19;0;asp;4.645803087598232;600.3856315782539
2025-12-20;0;asp;1.6464076229660214;600.1759507090466
2025-12-21;0;asp;1.3590675774995244;600.371876178027
2025-12-22;0;asp;4.0064234216771;600.217551923287
2025-12-23;0;asp;4.935088459766485;643.0541726039314
2025-12-24;0;asp;4.038369810166369;984.8545056016852
2025-12-25;0;asp;2.083398518150308;601.259166404016
2025-12-26;0;asp;3.470314036686656;600.040821698478
2025-12-27;0;asp;1.7451475962932304;600.5017570357064
2025-12-28;0;asp;2.133095303437555;809.9670282248188
2025-12-29;0;asp;5.477310070655006;502.93763180861635
2025-12-30;0;asp;5.4333429352269675;1305.5903571744545
2025-12-31;0;asp;5.066131120165648;600.1736886964176
2025-01-01;7;asp;2.470965164428622;999.7475924669949
2025-01-02;7;asp;3.366122987204759;1015.9897727294457
2025-01-03;7;asp;3.644233362226662;1017.9644056807524
2025-01-04;7;asp;1.3473024337054367;200.92715085273935
2025-01-05;7;asp;1.0507154948997712;110.38151365134212
2025-01-06;7;asp;3.72322677176986;1004.8240269954798
2025-01-07;7;asp;4.542742884202504;1006.7723100397079
2025-01-08;7;asp;3.7710801697559497;1016.46825575719
2025-01-09;7;asp;3.481549634638256;1000.3301060440549
2025-01-10;7;asp;2.994204643323654;1000.7570044554542
2025-01-11;7;asp;1.0546273936664874;200.17216297444025
2025-01-12;7;asp;1.1330742775112081;326.2815815257814
2025-01-13;7;asp;4.168206734012854;1002.8916499749372
2025-01-14;7;asp;3.228321349453768;1003.1203260382063
2025-01-15;7;asp;3.368649923909821;985.18711836023
2025-01-16;7;asp;3.4695663458535115;1001.6829695062615
2025-01-17;7;asp;4.262030455080607;1003.5478057195422
2025-01-18;7;asp;3.253464611560186;1001.3701007031253
2025-01-19;7;asp;4.489925341336955;549.6164532928203
2025-01-20;7;asp;5.911003826586819;940.6509261249312
2025-01-21;7;asp;5.529023987162523;812.2314493009945
2025-01-22;7;asp;3.9004931199138553;1001.002858983195
2025-01-23;7;asp;4.531451913207715;1004.714933917406
2025-01-24;7;asp;3.7270105935098456;555.1309349418678
2025-01-25;7;asp;1.5437758167870583;447.57687832458527
2025-01-26;7;asp;1.2059208417377483;180.2423669109971
2025-01-27;7;asp;4.460071944592331;905.1788376547564
2025-01-28;7;asp;3.3344454883736976;200.32909146229719
2025-01-29;7;asp;2.3183892975829385;202.66342895203806
2025-01-30;7;asp;2.8284822396118425;169.78378232103054
2025-01-31;7;asp;4.160558347355346;1585.1650918013272
2025-02-01;7;asp;1.7246993253572174;999.8026409574917
2025-02-02;7;asp;2.472705747843756;244.18408695756662
2025-02-03;7;asp;8.016375740058802;1005.7709110654014
2025-02-04;7;asp;5.427996526412147;1006.094953166532
2025-02-05;7;asp;4.139345162343475;1190.3344190898115
2025-02-06;7;asp;3.599877473007306;999.769623911955
2025-02-07;7;asp;3.855266846367869;898.3372106799324
2025-02-08;7;asp;1.8099890795327256;176.4977529233736
2025-02-09;7;asp;1.7104399972344766;1002.9236396094235
2025-02-10;7;asp;3.836722175305983;1000.5870580324695
2025-02-11;7;asp;3.252022293599405;1000.6250133642268
2025-02-12;7;asp;3.7574931939373353;989.5783642363888
2025-02-13;7;asp;3.216941767764176;700.6621008126327
2025-02-14;7;asp;3.4424104739334105;1002.037842333262
2025-02-15;7;asp;1.4588399275753456;1003.8689786484185
2025-02-16;7;asp;1.2152854695496484;1000.1995395594415
2025-02-17;7;asp;2.137200068320401;182.5193354096055
2025-02-18;7;asp;3.7992450738324672;1005.2630482263272
2025-02-19;7;asp;3.0123699877278645;691.4006036548063
2025-02-20;7;asp;3.425977416852584;1032.0833864537713
2025-02-21;7;asp;5.622818278229135;1153.9579234430919
2025-02-22;7;asp;3.6027696598954977;2948.421876917122
2025-02-23;7;asp;2.040843423670485;670.8409675821775
2025-02-24;7;asp;4.246906762128449;1050.884689127574
2025-02-25;7;asp;7.039164282907459;1011.9235282197445
2025-02-26;7;asp;4.980154418033241;1009.2566678647194
2025-02-27;7;asp;4.436114862877019;1002.0719114175598
2025-02-28;7;asp;7.003083330184786;1999.8671207485465
2025-03-01;7;asp;2.085460066646255;1006.1998619399961
2025-03-02;7;asp;2.563965579323845;1000.0378563489967
2025-03-03;7;asp;4.959681780991963;1007.4087792232848
2025-03-04;7;asp;4.432132310474185;1007.3151220646039
2025-03-05;7;asp;3.208605398150393;1000.4590193575717
2025-03-06;7;asp;3.4418612361006304;1000.7446849449071
2025-03-07;7;asp;3.9270287981513277;1000.636508393425
2025-03-08;7;asp;1.3397981519729658;999.9042862653826
2025-03-09;7;asp;1.3286564177588425;200.0917988470266
2025-03-10;7;asp;4.928125180666217;1057.2946314317605
2025-03-11;7;asp;4.28922975824105;1002.1507622225233
2025-03-12;7;asp;3.684770023894634;1000.8162755907512
2025-03-13;7;asp;3.6089822069585082;1001.3513320707259
2025-03-14;7;asp;3.3133045967821864;245.07658096529042
2025-03-15;7;asp;1.2397234677926874;203.06598433469742
2025-03-16;7;asp;0.9893759942061018;144.63659439884273
2025-03-17;7;asp;2.7537533603560185;200.70093633812425
2025-03-18;7;asp;3.0976637483522165;1002.8976727659845
2025-03-19;7;asp;4.299095172634273;1011.5462839733211
2025-03-20;7;asp;3.719468014672856;1001.4829508881511
2025-03-21;7;asp;3.8487982087944586;1000.6385369299908
2025-03-22;7;asp;1.071749234930252;200.24807140737002
2025-03-23;7;asp;1.3135034852292957;1000.0721310787036
2025-03-24;7;asp;4.501251370543767;1005.7058852863925
2025-03-25;7;asp;3.47838788419199;400.53113489357054
2025-03-26;7;asp;3.527622400789582;1356.7651319747358
2025-03-27;7;asp;3.6631231504672144;1002.619399579611
2025-03-28;7;asp;4.464129203580264;1123.670698007846
2025-03-29;7;asp;1.6269395108907898;999.8064833916533
2025-03-30;7;asp;1.4026607059296934;1000.0831772439319
2025-03-31;7;asp;3.7067761143672544;999.8594953665777
2025-04-01;7;asp;3.1919473202331354;1000.1607680448062
2025-04-02;7;asp;3.707392465029181;1002.5975473513787
2025-04-03;7;asp;3.55839240249707;1004.6456258812804
2025-04-04;7;asp;3.424467073329233;1001.0868563591981
2025-04-05;7;asp;1.0793602307125185;1000.3014028477371
2025-04-06;7;asp;1.582575012164078;200.52581717285926
2025-04-07;7;asp;5.198118615131626;1011.5050174256264
2025-04-08;7;asp;3.9701165766110456;1001.0646550294917
2025-04-09;7;asp;4.905308490015164;1003.9283246804619
2025-04-10;7;asp;3.850007497252662;1015.3386488079267
2025-04-11;7;asp;3.848461697471501;1002.0556571494263
2025-04-12;7;asp;2.2264810180142454;1799.309739290553
2025-04-13;7;asp;2.055217929936139;1011.2956925276059
2025-04-14;7;asp;3.3708433788658243;1008.1356063347566
2025-04-15;7;asp;3.686051547963801;1001.4549780230018
2025-04-16;7;asp;2.7780458077258663;1002.5244418951997
2025-04-17;7;asp;2.827562482305598;1000.4581998260377
2025-04-18;7;asp;2.238329085454112;1026.0990108795781
2025-04-19;7;asp;0.8991724663789112;200.40900301434388
2025-04-20;7;asp;1.5006717254817588;1000.6653602127417
2025-04-21;7;asp;3.794227794268982;1500.5925154996614
2025-04-22;7;asp;5.197946674122523;1000.0471716287868
2025-04-23;7;asp;4.559799345399646;1004.1492792949099
2025-04-24;7;asp;4.256779438517538;1001.0137709234704
2025-04-25;7;asp;4.930003351553073;1007.4570927191007
2025-04-26;7;asp;1.8894307295918231;227.45935585067406
2025-04-27;7;asp;1.6955890823506643;1000.6561057351738
2025-04-28;7;asp;4.124952392671058;1005.7943133606738
2025-04-29;7;asp;4.442164393107166;1012.2719938486305
2025-04-30;7;asp;3.54020948393781;1001.39337530515
2025-05-01;7;asp;4.322804221469948;1002.905128556041
2025-05-02;7;asp;3.6342696839621933;1002.5926487321362
2025-05-03;7;asp;1.1111581909229447;300.2832009256109
2025-05-04;7;asp;1.2853133583484364;1000.3132999590892
2025-05-05;7;asp;3.296069266533519;1001.7566109650197
2025-05-06;7;asp;4.013091684185372;1002.4863916239694
2025-05-07;7;asp;3.492493568969247;1046.0114391798968
2025-05-08;7;asp;5.259908815173558;371.3091096423106
2025-05-09;7;asp;5.656472091427555;425.5960410918803
2025-05-10;7;asp;2.289404514914563;301.05643043022457
2025-05-11;7;asp;2.1492734168640966;300.3638293499125
2025-05-12;7;asp;4.607131260619917;445.05031081007604
2025-05-13;7;asp;4.410888084896187;300.4767285508581
2025-05-14;7;asp;4.568385855443692;501.0456488765371
2025-05-15;7;asp;5.113680644131446;1044.0994853418156
2025-05-16;7;asp;4.036280231973514;513.9305789978818
2025-05-17;7;asp;1.9449649587072;300.4291715954645
2025-05-18;7;asp;1.668536400205826;300.38693684544535
2025-05-19;7;asp;3.7597252853312244;301.5345235422923
2025-05-20;7;asp;4.148741207701532;740.5466778639965
2025-05-21;7;asp;5.7270945967862605;1501.818747083605
2025-05-22;7;asp;4.623062705866533;437.43244306422724
2025-05-23;7;asp;5.731269472929687;335.5753350018176
2025-05-24;7;asp;1.606038750858938;300.3206923974656
2025-05-25;7;asp;1.6647707856908351;300.20598541416297
2025-05-26;7;asp;2.8390698865283412;338.006210315775
2025-05-27;7;asp;3.8547600265707405;301.445737508417
2025-05-28;7;asp;3.568073451595546;500.08631627640773
2025-05-29;7;asp;4.3331313828931854;329.0598874793705
2025-05-30;7;asp;4.2401889979703915;301.1102707616571
2025-05-31;7;asp;1.9431815507253767;300.43076200123227
2025-06-01;7;asp;1.5497149750221428;300.8042498600154
2025-06-02;7;asp;3.7323501731623145;300.4373613082664
2025-06-03;7;asp;4.234207550665529;309.2950945389576
2025-06-04;7;asp;3.501690832016291;858.9945501620347
2025-06-05;7;asp;4.310838572658869;880.9854398269875
2025-06-06;7;asp;4.446717833129337;698.5787735630539
2025-06-07;7;asp;1.72433703455917;201.67684863061294
2025-06-08;7;asp;1.2955585614821359;704.4642691858977
2025-06-09;7;asp;4.620366488877804;543.2726414742593
2025-06-10;7;asp;5.035185925809396;615.6258642032246
2025-06-11;7;asp;4.5256803352094614;696.6672863962594
2025-06-12;7;asp;3.8047623715598884;574.6087662407404
2025-06-13;7;asp;4.748022186996474;777.2148411235468
2025-06-14;7;asp;1.5005133762197875;300.0489774513567
2025-06-15;7;asp;1.1419277111692825;299.9315280527577
2025-06-16;7;asp;3.6355543162484523;986.5656051729322
2025-06-17;7;asp;3.465280559682488;300.99912083511083
2025-06-18;7;asp;3.5762435361950984;1009.1258244882217
2025-06-19;7;asp;2.218446576765446;547.6767014861872
2025-06-20;7;asp;4.7547952826144835;680.5921455116244
2025-06-21;7;asp;1.7969118460046014;308.6609057472013
2025-06-22;7;asp;2.9699172265067806;700.3465075215504
2025-06-23;7;asp;4.046375206841754;502.7261129190264
2025-06-24;7;asp;4.145074004470717;500.86501195381413
2025-06-25;7;asp;3.668489135353444;917.6269562630689
2025-06-26;7;asp;3.513191075587861;735.0623735679454
2025-06-27;7;asp;2.9454727145178836;300.15327105987836
2025-06-28;7;asp;1.2508427304762753;300.2528354647269
2025-06-29;7;asp;1.4766979425393632;301.73810089844756
2025-06-30;7;asp;3.597011026431673;301.49021718089443
2025-07-01;7;asp;3.3485824375370754;747.6846187002662
2025-07-02;7;asp;3.941168966773331;299.9865264251982
2025-07-03;7;asp;3.890631150538873;1001.0185723388489
2025-07-04;7;asp;2.5896374323349485;290.2978129248323
2025-07-05;7;asp;1.045250213544896;285.1877383258889
2025-07-06;7;asp;1.0983411478852516;285.41297173697126
2025-07-07;7;asp;3.268394944265934;326.28344432877185
2025-07-08;7;asp;2.869569572536527;500.62567377430787
2025-07-09;7;asp;4.157265406086179;544.2346331503053
2025-07-10;7;asp;5.145367099211051;313.7278055395472
2025-07-11;7;asp;5.905505730865367;625.0513795556743
2025-07-12;7;asp;2.374359960150837;304.89815375686146
2025-07-13;7;asp;1.8699328181689188;292.8761576348772
2025-07-14;7;asp;5.687961968940021;505.49799724624955
2025-07-15;7;asp;5.060116653480292;307.8042006088601
2025-07-16;7;asp;6.628867986505807;2027.6579733461263
2025-07-17;7;asp;7.761346519677407;3244.1232960211614
2025-07-18;7;asp;8.92453452684435;1001.5364728642971
2025-07-19;7;asp;2.8109738732428933;273.2629300547553
2025-07-20;7;asp;2.915287356755305;270.73279285135584
2025-07-21;7;asp;5.906385192857791;924.8743068517396
2025-07-22;7;asp;5.342085233525956;365.26489984366106
2025-07-23;7;asp;5.751165725529402;645.1613984180548
2025-07-24;7;asp;6.375300065659928;1001.3533510186858
2025-07-25;7;asp;7.43192409465537;897.8279782493344
2025-07-26;7;asp;2.361552860207262;200.63649192378776
2025-07-27;7;asp;2.4380957626040476;225.7221258156238
2025-07-28;7;asp;5.575617495307366;501.40136725299715
2025-07-29;7;asp;5.30337269113266;299.56254878933936
2025-07-30;7;asp;5.115134423202927;295.132460313934
2025-07-31;7;asp;5.742624990078126;923.5688773819256
2025-08-01;7;asp;5.695042444199388;772.9827491043584
2025-08-02;7;asp;2.2228520711740867;300.5949994494923
2025-08-03;7;asp;2.262255753787843;306.39670856915546
2025-08-04;7;asp;5.1871404875259985;657.9802209788777
2025-08-05;7;asp;4.512195476606204;478.0820564949165
2025-08-06;7;asp;4.3274438919527505;994.6816058307719
2025-08-07;7;asp;4.830609711295019;296.37661461354594
2025-08-08;7;asp;5.607281898055788;705.2300213956892
2025-08-09;7;asp;3.4426072234174736;337.2995761738776
2025-08-10;7;asp;2.7324598208393565;302.4905124675542
2025-08-11;7;asp;6.377584760723689;790.5173790520179
2025-08-12;7;asp;6.83155482589702;716.5850398360288
2025-08-13;7;asp;7.78710891463088;305.0625837301682
2025-08-14;7;asp;9.671834805191539;948.2777097140079
2025-08-15;7;asp;7.930998984653721;1013.5843034426869
2025-08-16;7;asp;2.9203071441940134;886.2910412882687
2025-08-17;7;asp;2.6161584820498502;300.5782598976357
2025-08-18;7;asp;6.242130011859891;1137.2355465362286
2025-08-19;7;asp;5.861976594261003;475.38347819662107
2025-08-20;7;asp;6.090549895214672;1002.5212244537616
2025-08-21;7;asp;4.6638851566777495;262.1872550634857
2025-08-22;7;asp;8.409822675846176;1891.3457098952479
2025-08-23;7;asp;3.7621231679802256;860.1566667981439
2025-08-24;7;asp;4.076682480286431;344.42378194656516
2025-08-25;7;asp;6.604348128940335;675.1480208613527
2025-08-26;7;asp;6.220208614627468;937.395621719449
2025-08-27;7;asp;5.734770673144755;1371.8913890393878
2025-08-28;7;asp;5.716193602923341;1011.7909853222989
2025-08-29;7;asp;6.228085526492683;959.7650235644013
2025-08-30;7;asp;2.739589854236529;1000.411293769529
2025-08-31;7;asp;2.2574551299985743;300.9769224614589
2025-09-01;7;asp;4.677360611301937;768.364456937269
2025-09-02;7;asp;5.883861139125423;1301.6165489749667
2025-09-03;7;asp;5.6400233272139575;870.4460950643974
2025-09-04;7;asp;6.136313593497948;2006.3642269081236
2025-09-05;7;asp;4.999542758473064;300.6701534328049
2025-09-06;7;asp;1.97995098420224;301.7130769304006
2025-09-07;7;asp;1.7722846074890952;930.6896169134748
2025-09-08;7;asp;4.677201364261653;640.7487563891556
2025-09-09;7;asp;4.87638638700598;300.12737235524855
2025-09-10;7;asp;4.834773971757109;320.3135321424406
2025-09-11;7;asp;5.476436154667303;326.2663336591683
2025-09-12;7;asp;6.462458468236721;1004.5361631345387
2025-09-13;7;asp;3.107607564807143;304.01633759728844
2025-09-14;7;asp;2.5973524101268683;1000.7604718016087
2025-09-15;7;asp;6.2421243806858016;1345.572012069063
2025-09-16;7;asp;6.797750628283667;2194.5885135591716
2025-09-17;7;asp;5.297396040247195;352.4105081604766
2025-09-18;7;asp;7.415817364971226;548.4003557772382
2025-09-19;7;asp;5.871693090547613;1002.911133412684
2025-09-20;7;asp;2.6540531531845812;676.5376859267392
2025-09-21;7;asp;2.717554482827535;2002.5869677817273
2025-09-22;7;asp;7.594249520854676;1131.695729076415
2025-09-23;7;asp;5.951579164434859;510.12804598588673
2025-09-24;7;asp;6.6353059328758395;647.3974701790873
2025-09-25;7;asp;8.733119249542247;1027.8670378206343
2025-09-26;7;asp;7.569402244184566;1055.2141304518793
2025-09-27;7;asp;2.638900838315123;1001.3180814135015
2025-09-28;7;asp;1.9284848852521732;500.29483764208135
2025-09-29;7;asp;6.1053792372033575;2939.0853118647065
2025-09-30;7;asp;6.500335642035677;500.4854962051877
2025-10-01;7;asp;6.022205739651911;978.9832606053963
2025-10-02;7;asp;6.055949640111451;1001.72773366218
2025-10-03;7;asp;6.147999089312128;500.2437383200124
2025-10-04;7;asp;2.996540291956018;991.1645441207714
2025-10-05;7;asp;3.018754449036865;500.77681466638984
2025-10-06;7;asp;5.853479588871392;500.40210725634404
2025-10-07;7;asp;6.073952001853508;850.0511398583208
2025-10-08;7;asp;5.952190768419289;560.3415487400881
2025-10-09;7;asp;5.46219917874726;1001.1175963896343
2025-10-10;7;asp;7.2637072559835865;1004.0506412207344
2025-10-11;7;asp;9.473835185108042;1003.6861468873589
2025-10-12;7;asp;3.905339371600096;548.09998321187
2025-10-13;7;asp;5.847850723734736;1002.1243354092178
2025-10-14;7;asp;7.400472715185133;504.5817893609219
2025-10-15;7;asp;5.960732855317874;1006.7452739743236
2025-10-16;7;asp;5.262297632777712;501.77320926701935
2025-10-17;7;asp;5.606710929445197;501.50403280458926
2025-10-18;7;asp;2.3393268980262527;1001.5497644553101
2025-10-19;7;asp;2.39317275953661;500.2710040007917
2025-10-20;7;asp;4.869207129349704;538.2541886959317
2025-10-21;7;asp;6.483571532932089;1219.5971818416242
2025-10-22;7;asp;6.338071248334769;1202.479254718486
2025-10-23;7;asp;5.771831611748759;605.2682413277245
2025-10-24;7;asp;5.312424654261625;969.8308760868023
2025-10-25;7;asp;1.7359294324934038;500.31648397637304
2025-10-26;7;asp;2.4639953998697544;500.4928144939274
2025-10-27;7;asp;4.901103146793957;512.8454029547045
2025-10-28;7;asp;4.955488855305318;724.6763926762911
2025-10-29;7;asp;5.130369565155452;570.6716046893454
2025-10-30;7;asp;5.301129754173045;512.4488797752041
2025-10-31;7;asp;5.826019915113484;939.2009477457435
2025-11-01;7;asp;2.9207079691077182;601.7748587786687
2025-11-02;7;asp;1.9205273724700025;613.0769697383816
2025-11-03;7;asp;5.824514818123411;600.103491318366
2025-11-04;7;asp;7.186464078240885;971.826926310373
2025-11-05;7;asp;7.039425010910719;1135.0600256800271
2025-11-06;7;asp;5.974798226956167;601.5038185811266
2025-11-07;7;asp;5.9535194228949;601.9589220258229
2025-11-08;7;asp;2.3917230478221763;602.2744315707473
2025-11-09;7;asp;2.330160484134314;690.4343805323388
2025-11-10;7;asp;5.625728921673977;1014.7164735509398
2025-11-11;7;asp;4.328524338215257;605.7889325383176
2025-11-12;7;asp;5.31645289841826;857.2103211082847
2025-11-13;7;asp;5.006487402486848;603.8896091290081
2025-11-14;7;asp;5.481884059778697;601.3028697264496
2025-11-15;7;asp;2.434833008839088;1137.2524135356955
2025-11-16;7;asp;3.3678085817039585;1563.2314284587244
2025-11-17;7;asp;5.515140305249884;999.8125822691809
2025-11-18;7;asp;5.772664063228363;601.6477133554977
2025-11-19;7;asp;5.364270941742176;710.3657247523518
2025-11-20;7;asp;5.891557701937859;1002.6064848620732
2025-11-21;7;asp;6.926381934028356;816.4252161303096
2025-11-22;7;asp;2.5416512173238917;604.1302162023387
2025-11-23;7;asp;4.037075145723212;2263.5022865592277
2025-11-24;7;asp;5.181902641170904;602.5032966705044
2025-11-25;7;asp;4.796159822783942;600.1330341371565
2025-11-26;7;asp;4.28621797415111;907.1494252347056
2025-11-27;7;asp;3.3179911799659187;602.7757925809069
2025-11-28;7;asp;4.625258995425106;672.2067141936143
2025-11-29;7;asp;2.1039855189164003;720.5605966081228
2025-11-30;7;asp;1.484300082635012;600.0698869260368
2025-12-01;7;asp;5.555943417700932;1443.9393051994664
2025-12-02;7;asp;4.6481364978239075;1003.2968606892607
2025-12-03;7;asp;4.66993433186375;600.7848882823097
2025-12-04;7;asp;4.266001053371182;599.8612604680308
2025-12-05;7;asp;4.573069070559513;1001.8176089019728
2025-12-06;7;asp;1.7449741566642991;599.9756190296109
2025-12-07;7;asp;1.609475610448554;599.9036418875726
2025-12-08;7;asp;4.309912484030898;1003.6277553362943
2025-12-09;7;asp;4.955948213436353;694.4233439397934
2025-12-10;7;asp;4.4443042617232225;1000.6329545784026
2025-12-11;7;asp;4.855992844572023;602.0577628569393
2025-12-12;7;asp;4.109602237840051;603.288389184206
2025-12-13;7;asp;1.6625176548749285;600.1606589315277
2025-12-14;7;asp;1.9578754732530312;1000.9605414448837
2025-12-15;7;asp;4.230397313300466;617.3606556696254
2025-12-16;7;asp;4.003591259841529;600.9390891197925
2025-12-17;7;asp;4.136000031444187;603.0351126787438
2025-12-18;7;asp;3.987376373914099;605.6557374429716
2025-12-19;7;asp;4.172947611038324;600.3479760006699
2025-12-20;7;asp;1.5275313992906951;600.1685306196805
2025-12-21;7;asp;1.206659729368432;600.3476858953959
2025-12-22;7;asp;3.614077903377417;600.1202463421744
2025-12-23;7;asp;4.418867551238957;642.7524564363002
2025-12-24;7;asp;3.656617381101504;982.3382745324443
2025-12-25;7;asp;1.9325069426651345;601.2279847295126
2025-12-26;7;asp;3.1334898013491177;600.006963789161
2025-12-27;7;asp;1.5829128863021913;600.4455826606165
2025-12-28;7;asp;1.7557448490109835;809.9116429173343
2025-12-29;7;asp;4.838885248356592;502.87664550572237
2025-12-30;7;asp;4.839654661296806;1305.5645981323673
2025-12-31;7;asp;4.500302710262383;599.7657451168116
2025-01-01;31;asp;1.801711803901521;999.7431087823193
2025-01-02;31;asp;2.4785259777296287;1015.9766505722376
2025-01-03;31;asp;2.582512049347708;1000.3731929316692
2025-01-04;31;asp;0.9703882152095772;200.9246879015201
2025-01-05;31;asp;0.7892046452015729;105.51149539161807
2025-01-06;31;asp;2.652256031809205;1003.9364537943192
2025-01-07;31;asp;3.2481202273706664;1006.3552481198271
2025-01-08;31;asp;2.735938462463311;1016.4012174726946
2025-01-09;31;asp;2.4890235648184644;999.8591008760854
2025-01-10;31;asp;2.161777917896133;1000.7099093879516
2025-01-11;31;asp;0.7990042581193155;200.14432917356197
2025-01-12;31;asp;0.8020884721524647;226.14150011307967
2025-01-13;31;asp;3.127816020969563;1002.9781377314937
2025-01-14;31;asp;2.4778935823971473;1003.1061557162363
2025-01-15;31;asp;2.3540209880163525;981.7982087914532
2025-01-16;31;asp;2.4496356070497463;1001.66699164631
2025-01-17;31;asp;2.9988618653407118;1003.3914406906232
2025-01-18;31;asp;2.4173066048563046;1000.9741637491953
2025-01-19;31;asp;3.2873912667293372;549.160262137824
2025-01-20;31;asp;4.396251876705602;938.0784719268659
2025-01-21;31;asp;3.7635155251553614;799.3598639327997
2025-01-22;31;asp;2.7709091431477266;1000.781082395559
2025-01-23;31;asp;3.280778423860957;1004.6331423022417
2025-01-24;31;asp;2.6329070329931867;554.431722499395
2025-01-25;31;asp;1.1877936674797667;447.4936668825884
2025-01-26;31;asp;0.9186453309674185;180.23308094026834
2025-01-27;31;asp;3.227085848260936;879.8692212226074
2025-01-28;31;asp;2.4496996569731286;200.226161170783
2025-01-29;31;asp;1.691677236213929;202.64703215083432
2025-01-30;31;asp;1.9708244562467807;168.18773634775172
2025-01-31;31;asp;3.128986368583293;1569.8567945977898
2025-02-01;31;asp;1.3607063035625875;999.7631353677814
2025-02-02;31;asp;1.8022343798521108;243.6266309732285
2025-02-03;31;asp;5.7056072229034545;1004.9711474875139
2025-02-04;31;asp;3.984037972706285;1005.4698303636153
2025-02-05;31;asp;3.122107506817238;1190.2900519063062
2025-02-06;31;asp;2.6899306567319226;999.7038122016596
2025-02-07;31;asp;2.867354992469283;868.7717614492653
2025-02-08;31;asp;1.311956227168023;176.41025923512447
2025-02-09;31;asp;1.3917413020087912;1002.3404846742912
2025-02-10;31;asp;2.876793470008527;1000.5509677717507
2025-02-11;31;asp;2.35928049627671;1000.0088037198968
2025-02-12;31;asp;2.7810851346269847;988.5278338255852
2025-02-13;31;asp;2.33977966090921;700.6341815284748
2025-02-14;31;asp;2.534072503496383;1000.1337866820855
2025-02-15;31;asp;1.146428841495301;1000.13781060015
2025-02-16;31;asp;0.9676897049741996;999.9302467299779
2025-02-17;31;asp;1.6112877262953058;182.2052849486535
2025-02-18;31;asp;2.7485776889999967;1004.9597790027782
2025-02-19;31;asp;2.2563729730364086;690.98910663542
2025-02-20;31;asp;2.46649316951296;1003.9129105547323
2025-02-21;31;asp;4.225551752143263;1153.5445248730146
2025-02-22;31;asp;2.844435087371926;2941.27473833942
2025-02-23;31;asp;1.5934853830082762;669.5061667552973
2025-02-24;31;asp;3.0640078129184665;1050.8808631407865
2025-02-25;31;asp;5.286511676613841;1010.9139500340397
2025-02-26;31;asp;3.6364126005753405;1008.2866820577913
2025-02-27;31;asp;3.203922503665079;1001.1729305399655
2025-02-28;31;asp;5.1386286491748185;1999.8551271182425
2025-03-01;31;asp;1.6323107078107297;1006.1364372396155
2025-03-02;31;asp;1.8948867323430285;999.7841544560172
2025-03-03;31;asp;3.8341162027624227;1006.9268143411678
2025-03-04;31;asp;3.3722262901860804;1005.2538220971772
2025-03-05;31;asp;2.3630867233689283;1000.4424324700561
2025-03-06;31;asp;2.5692383035960034;1000.6342445259346
2025-03-07;31;asp;2.9429135197007605;1000.47239832338
2025-03-08;31;asp;1.0933074696324154;999.8876364595108
2025-03-09;31;asp;0.9747274803113983;200.04941579345103
2025-03-10;31;asp;3.681788668260446;1041.5142625322833
2025-03-11;31;asp;3.2498173987223744;1002.208486668431
2025-03-12;31;asp;2.7848295121381446;1000.8826745026226
2025-03-13;31;asp;2.738859538019819;1001.3070653570744
2025-03-14;31;asp;2.324298361685012;240.83463623473244
2025-03-15;31;asp;0.9027479868630094;202.17785589845462
2025-03-16;31;asp;0.6970093216495634;144.20287673630452
2025-03-17;31;asp;1.8862981291128944;200.69027974732887
2025-03-18;31;asp;2.23368206128192;999.5053420199065
2025-03-19;31;asp;3.2501688397735315;1011.5219568467053
2025-03-20;31;asp;2.7194515652132973;1001.4472479488251
2025-03-21;31;asp;2.892485658949718;1000.6883989468593
2025-03-22;31;asp;0.7910693835364774;200.14928877419393
2025-03-23;31;asp;1.0120212674465403;999.954738692568
2025-03-24;31;asp;3.180722492617118;1002.3610077329771
2025-03-25;31;asp;2.3135914865799285;400.26531248522656
2025-03-26;31;asp;2.627284192723427;1355.8552910958645
2025-03-27;31;asp;2.6986105918811787;1002.2648284042193
2025-03-28;31;asp;3.127797153939837;1122.4327804492439
2025-03-29;31;asp;1.3634241512724108;999.7944040426917
2025-03-30;31;asp;1.0525125096995251;999.9175049816317
2025-03-31;31;asp;2.6124908591153044;999.7690081488605
2025-04-01;31;asp;2.364588469199771;1000.1447381020687
2025-04-02;31;asp;2.7956003913438505;1001.1861401894807
2025-04-03;31;asp;2.680038831651361;1004.5748905817919
2025-04-04;31;asp;2.6161474121015185;1000.9093370961034
2025-04-05;31;asp;0.8675484879935995;1000.2969862343534
2025-04-06;31;asp;1.1594647394880646;201.6657921756801
2025-04-07;31;asp;3.879480455231984;1004.4580346896987
2025-04-08;31;asp;2.9087242354181533;1001.0252383509211
2025-04-09;31;asp;3.674565357581652;1003.5184765090254
2025-04-10;31;asp;2.8495375549871134;1004.749494871172
2025-04-11;31;asp;2.961728968488548;1002.017693554461
2025-04-12;31;asp;1.7383137120362975;1799.2735212564075
2025-04-13;31;asp;1.6981250021760876;1011.2022500309944
2025-04-14;31;asp;2.47082422716606;1001.2256495078016
2025-04-15;31;asp;2.8059910652237896;1001.2894905360898
2025-04-16;31;asp;1.9840483753652276;1000.3431872975452
2025-04-17;31;asp;2.1111791920729157;1000.4501382659168
2025-04-18;31;asp;1.6952988326171785;1010.0933040667528
2025-04-19;31;asp;0.6709286033525337;200.23104564361392
2025-04-20;31;asp;1.240815527648812;1000.414550662391
2025-04-21;31;asp;2.760844746779823;1500.366196516868
2025-04-22;31;asp;3.58629088402573;1000.028140568865
2025-04-23;31;asp;3.096827658373254;1003.6149586423302
2025-04-24;31;asp;3.001851270831775;1000.2235032082885
2025-04-25;31;asp;3.5503534886552477;1005.890395622895
2025-04-26;31;asp;1.2991439793552362;217.5219945717586
2025-04-27;31;asp;1.246109857599372;1000.696358565901
2025-04-28;31;asp;2.901865223240856;1002.4108745433995
2025-04-29;31;asp;3.5211832011747792;1007.0861518540481
2025-04-30;31;asp;2.6074780593277604;1001.1485840760303
2025-05-01;31;asp;3.4476816057881368;1002.7152063684757
2025-05-02;31;asp;2.8011537629742542;1000.8758786462278
2025-05-03;31;asp;0.7334871586149032;300.0767816357678
2025-05-04;31;asp;0.949004591083217;1000.1604861741448
2025-05-05;31;asp;2.3763369470939195;1001.5441569616198
2025-05-06;31;asp;2.9764550908460157;1001.9620356117093
2025-05-07;31;asp;2.6809170022780946;1042.1468731441503
2025-05-08;31;asp;3.7825163424290564;358.27989123884106
2025-05-09;31;asp;4.064396472119638;414.5482610731219
2025-05-10;31;asp;1.720267795997132;300.04885011873165
2025-05-11;31;asp;1.6147970779909766;300.2588181087536
2025-05-12;31;asp;3.328657647285557;445.0377039714017
2025-05-13;31;asp;3.1896139369272993;300.20322033856644
2025-05-14;31;asp;3.3934442163547875;500.99455361023695
2025-05-15;31;asp;3.780445738966316;1043.3105604015866
2025-05-16;31;asp;2.869396648263555;511.0915254295825
2025-05-17;31;asp;1.4929879381739712;300.3899913124396
2025-05-18;31;asp;1.32213407754517;300.3566214930994
2025-05-19;31;asp;2.7705030366621273;300.0248759519698
2025-05-20;31;asp;3.1034507531957836;739.092944126708
2025-05-21;31;asp;4.429043265102821;1501.468208255795
2025-05-22;31;asp;3.358122658157549;433.4645553680131
2025-05-23;31;asp;4.217656971492063;335.6635090972498
2025-05-24;31;asp;1.259332646170566;300.0083550446798
2025-05-25;31;asp;1.2964778874936844;299.7676791205028
2025-05-26;31;asp;2.120089114886621;337.9664502865235
2025-05-27;31;asp;2.7763899030171686;301.23079770748234
2025-05-28;31;asp;2.6479050681602296;500.10401063306165
2025-05-29;31;asp;3.1896705454651717;328.9717468114642
2025-05-30;31;asp;3.1653238027895183;301.0777610953582
2025-05-31;31;asp;1.5213115162420092;300.11295149989974
2025-06-01;31;asp;1.2599786178204981;300.18154583557356
2025-06-02;31;asp;2.7926492285550486;299.90323082900863
2025-06-03;31;asp;3.048347106736527;309.0498704310755
2025-06-04;31;asp;2.6543620999321633;858.2309367847927
2025-06-05;31;asp;3.1640651703165767;880.8777044438987
2025-06-06;31;asp;3.322234082843364;697.3379567271273
2025-06-07;31;asp;1.298937413100087;200.77345697038263
2025-06-08;31;asp;1.047789065937934;698.7714614322146
2025-06-09;31;asp;3.5481947147414044;526.4528091348458
2025-06-10;31;asp;3.8166174002324134;615.6382806746878
2025-06-11;31;asp;3.401352878567597;696.7140938590438
2025-06-12;31;asp;2.8597796942487372;574.3030971920911
2025-06-13;31;asp;3.627884951094516;773.6247727089792
2025-06-14;31;asp;1.1815645776510144;299.9622156870989
2025-06-15;31;asp;0.8718950706731251;299.9083548934239
2025-06-16;31;asp;2.6798273616944166;986.3917544564171
2025-06-17;31;asp;2.5886346713028026;300.71793319492315
2025-06-18;31;asp;2.6892823918586326;1006.3491583451876
2025-06-19;31;asp;1.7860897611022115;547.2792692424422
2025-06-20;31;asp;3.1962352718139573;675.9532052099154
2025-06-21;31;asp;1.463315210647232;300.77487866626274
2025-06-22;31;asp;2.329064453892719;700.3200805089663
2025-06-23;31;asp;2.900357372062738;501.60257415689364
2025-06-24;31;asp;2.9691364427783067;500.9268366461111
2025-06-25;31;asp;2.655852329902818;917.4696051343191
2025-06-26;31;asp;2.574311915549547;633.9229485116861
2025-06-27;31;asp;2.08579970445945;300.1419333012356
2025-06-28;31;asp;1.012009404779376;300.2696566300686
2025-06-29;31;asp;1.2350146277792566;300.2484774299784
2025-06-30;31;asp;2.6778452625736415;301.40478981211993
2025-07-01;31;asp;2.5231318018576228;747.0465546551309
2025-07-02;31;asp;2.85961367926054;247.2291137727789
2025-07-03;31;asp;2.8209110619761777;1000.9714944228228
2025-07-04;31;asp;1.8842412801998782;285.0701789841113
2025-07-05;31;asp;0.7866698929695054;284.56864788380955
2025-07-06;31;asp;0.8369624775516498;285.33345373351585
2025-07-07;31;asp;2.3515442834340012;326.263816913455
2025-07-08;31;asp;1.997300677982709;500.26454271611857
2025-07-09;31;asp;3.0397791514146717;544.5217285013501
2025-07-10;31;asp;3.732545188149646;310.9859651203892
2025-07-11;31;asp;4.181568051206587;351.2239076467562
2025-07-12;31;asp;1.795307112980992;304.7938806655423
2025-07-13;31;asp;1.3555979929176663;291.85556542019987
2025-07-14;31;asp;4.15800647207869;504.7404428862844
2025-07-15;31;asp;3.5290765587097135;307.7645590234008
2025-07-16;31;asp;4.552407657336924;2027.2013167539292
2025-07-17;31;asp;5.566686971501073;3235.3203845581816
2025-07-18;31;asp;6.347763800019592;998.4062890503682
2025-07-19;31;asp;1.9889857671464644;273.13373819788006
2025-07-20;31;asp;2.179851548798632;268.74550867734837
2025-07-21;31;asp;4.295217471569315;923.8159649421762
2025-07-22;31;asp;3.7788549324578806;364.3880410125923
2025-07-23;31;asp;4.226865592573021;638.852597027145
2025-07-24;31;asp;4.7509374539583575;1001.3383318586856
2025-07-25;31;asp;5.291977688113044;897.7087545864847
2025-07-26;31;asp;1.7657096264952032;200.05594669897104
2025-07-27;31;asp;1.9410407530593494;224.62204765760302
2025-07-28;31;asp;3.8985990473158165;501.0236749865119
2025-07-29;31;asp;3.836077411455758;208.53160740249163
2025-07-30;31;asp;3.6557675787051105;293.903957982858
2025-07-31;31;asp;4.1684417596175845;923.726250247226
2025-08-01;31;asp;4.07844103932096;772.6139677495587
2025-08-02;31;asp;1.681808574301304;300.4951878255661
2025-08-03;31;asp;1.5775604876023308;300.220184928341
2025-08-04;31;asp;3.84389897076608;528.7071548354811
2025-08-05;31;asp;3.2946219727751727;477.9394916775254
2025-08-06;31;asp;3.247194212641057;995.0753831709983
2025-08-07;31;asp;3.442827471958092;296.33742782456926
2025-08-08;31;asp;3.950096224681966;704.3519739612602
2025-08-09;31;asp;2.6293601836172136;337.2287598052379
2025-08-10;31;asp;2.029464776059762;300.26367647247406
2025-08-11;31;asp;4.512103658784789;696.6515604063329
2025-08-12;31;asp;4.894878631887826;715.5146809536737
2025-08-13;31;asp;5.641167881282032;304.1873774103554
2025-08-14;31;asp;6.683860375273605;947.2534017051125
2025-08-15;31;asp;5.575353093057688;912.8120810165088
2025-08-16;31;asp;2.2282418778497726;886.2828064265749
2025-08-17;31;asp;1.943972444438572;299.8608953294108
2025-08-18;31;asp;4.636972842537801;1135.5073034900747
2025-08-19;31;asp;4.10561247815795;473.74622006021167
2025-08-20;31;asp;4.253665672841442;1002.2381904939733
2025-08-21;31;asp;3.3360269630983055;260.5371995341905
2025-08-22;31;asp;5.671159661879311;1382.4672748697124
2025-08-23;31;asp;2.8741635931039737;858.7191935734594
2025-08-24;31;asp;2.991507246718281;344.3353213439949
2025-08-25;31;asp;4.689797902537322;674.2502660460066
2025-08-26;31;asp;4.41157213328181;931.7525422607505
2025-08-27;31;asp;4.282024708421346;1355.851329569592
2025-08-28;31;asp;4.202861033984712;1001.3873335331118
2025-08-29;31;asp;4.544051165383873;959.3125588593655
2025-08-30;31;asp;2.139201246396755;1000.3979425868254
2025-08-31;31;asp;1.6072170487966615;300.7886808634148
2025-09-01;31;asp;3.5041719450652367;768.0730450032863
2025-09-02;31;asp;4.469194054745384;1300.8507982915428
2025-09-03;31;asp;4.057617047557088;868.5061273263709
2025-09-04;31;asp;4.722783889128991;2005.8182274548842
2025-09-05;31;asp;3.703290162962345;300.6408232124797
2025-09-06;31;asp;1.517685972403257;299.328938536906
2025-09-07;31;asp;1.2997015683005568;930.5834343110218
2025-09-08;31;asp;3.378076878604741;640.6954074838976
2025-09-09;31;asp;3.5960737052622713;299.5781199851199
2025-09-10;31;asp;3.593875781910631;320.15427096459416
2025-09-11;31;asp;3.926645648124343;325.98832591701847
2025-09-12;31;asp;4.547067502793184;1004.3850047993092
2025-09-13;31;asp;2.300260707504749;300.2042994569194
2025-09-14;31;asp;1.9867740244239325;1000.7429595339257
2025-09-15;31;asp;4.637398064587669;1350.1037120062767
2025-09-16;31;asp;4.975622646888533;1685.1397125267922
2025-09-17;31;asp;3.8655687003674477;323.87471830179425
2025-09-18;31;asp;5.433148896929459;502.46604549429895
2025-09-19;31;asp;4.478013470323355;1001.9425651713517
2025-09-20;31;asp;2.050320100602366;676.034102205852
2025-09-21;31;asp;2.1784171494158437;2003.4893777279553
2025-09-22;31;asp;5.54548454240489;1132.4840198072195
2025-09-23;31;asp;4.247038595431843;510.1311563940607
2025-09-24;31;asp;4.654374253518502;499.34862075041866
2025-09-25;31;asp;6.134871618151185;1020.5181582406785
2025-09-26;31;asp;5.397311468043719;1055.1872981304532
2025-09-27;31;asp;1.999028275278111;1001.2992988080679
2025-09-28;31;asp;1.4622470339655624;253.36040905429635
2025-09-29;31;asp;4.333178380664247;2935.0782570780393
2025-09-30;31;asp;4.679137352511542;500.0733159956365
2025-10-01;31;asp;4.407776463139979;977.4314099645128
2025-10-02;31;asp;4.4674512890176405;1001.1251700814381
2025-10-03;31;asp;4.244586257846153;499.37487651478017
2025-10-04;31;asp;2.326924550563616;988.2507012210991
2025-10-05;31;asp;2.243496406323028;500.76254474469914
2025-10-06;31;asp;4.236972472107517;500.3264603522476
2025-10-07;31;asp;4.510123342463264;849.0291344190575
2025-10-08;31;asp;4.61003516888488;559.29042658798
2025-10-09;31;asp;3.9719480519766526;1001.0916923885478
2025-10-10;31;asp;5.233066546207772;1002.1111196239367
2025-10-11;31;asp;7.114141544683472;999.6807549204974
2025-10-12;31;asp;2.879711845857296;548.1050590574898
2025-10-13;31;asp;4.348538935664205;851.3059532322662
2025-10-14;31;asp;5.094055856224316;504.0796482367026
2025-10-15;31;asp;4.408464723310098;1005.3183418430506
2025-10-16;31;asp;3.6823708310824252;499.99920927760434
2025-10-17;31;asp;3.9817090087050135;501.47377321721683
2025-10-18;31;asp;1.829382288348291;1001.5090863186603
2025-10-19;31;asp;1.755641717739874;499.90792280673867
2025-10-20;31;asp;3.5095503496818856;538.2174791817021
2025-10-21;31;asp;4.729111999530387;1216.2919644710641
2025-10-22;31;asp;4.428075738779089;1192.717229968876
2025-10-23;31;asp;4.2601827828440255;499.63181844517226
2025-10-24;31;asp;3.9456433687108086;969.6332848910839
2025-10-25;31;asp;1.3586344464768054;500.30350993641207
2025-10-26;31;asp;1.8264913199407746;500.4833301123203
2025-10-27;31;asp;3.452774292904579;503.2668805988297
2025-10-28;31;asp;3.567936328576178;723.2364024996984
2025-10-29;31;asp;3.6511225652910584;548.7989058337574
2025-10-30;31;asp;3.854421772213336;506.5976170920654
2025-10-31;31;asp;4.129372918493562;885.8227913905204
2025-11-01;31;asp;2.1046219982186534;601.0147379662158
2025-11-02;31;asp;1.287597574095275;609.0464902011704
2025-11-03;31;asp;4.14466965471615;610.1525274220929
2025-11-04;31;asp;5.183867561975086;966.7642658864536
2025-11-05;31;asp;5.004246240209407;1146.4400745192806
2025-11-06;31;asp;4.194393759076637;600.989099013666
2025-11-07;31;asp;4.173145820762884;600.4679398415192
2025-11-08;31;asp;1.7318317063610191;600.1067239772123
2025-11-09;31;asp;1.6503066890729758;600.2788999746916
2025-11-10;31;asp;3.900810433838077;1001.0812321588553
2025-11-11;31;asp;3.0928525340652193;600.1184976481995
2025-11-12;31;asp;3.797759451900025;857.2504247983826
2025-11-13;31;asp;3.6238745499461364;600.4633033406246
2025-11-14;31;asp;3.9302248887911584;599.0858355248748
2025-11-15;31;asp;1.8675417669770575;1137.2027343739335
2025-11-16;31;asp;2.398800230815049;1500.4821780183754
2025-11-17;31;asp;4.083528024397391;999.822735477549
2025-11-18;31;asp;4.080057079806489;598.3766938239078
2025-11-19;31;asp;3.7046156228168616;709.4660863381104
2025-11-20;31;asp;4.0724006867525695;1000.0383306909426
2025-11-21;31;asp;4.691586481176543;600.6798015890081
2025-11-22;31;asp;1.9101932331521507;600.8972527872437
2025-11-23;31;asp;3.344271135510359;2261.085588881818
2025-11-24;31;asp;3.416385971748299;601.6385435543796
2025-11-25;31;asp;3.375491406877564;599.7409152197189
2025-11-26;31;asp;3.0147649070521108;906.910947102668
2025-11-27;31;asp;2.290721849884574;602.6252505842999
2025-11-28;31;asp;3.2462958143538927;648.8380787810652
2025-11-29;31;asp;1.5523418583062452;720.338041593262
2025-11-30;31;asp;1.0342172327243042;600.0682029391078
2025-12-01;31;asp;4.059476627250191;1417.0512121579663
2025-12-02;31;asp;3.083545228015477;1001.6311955826958
2025-12-03;31;asp;3.281384060230135;600.7972675679553
2025-12-04;31;asp;3.0890013081894425;599.5200886916207
2025-12-05;31;asp;3.2544723074312674;1001.3569635259303
2025-12-06;31;asp;1.2635821952397432;598.0047851146588
2025-12-07;31;asp;1.1842549101124216;599.8085393158894
2025-12-08;31;asp;3.1608282909523058;1003.4061154967411
2025-12-09;31;asp;3.486613938965463;605.8935172110122
2025-12-10;31;asp;3.2121514169337075;1000.4896466021667
2025-12-11;31;asp;3.523094730426434;597.5611920579607
2025-12-12;31;asp;2.979725516004982;603.0363825026083
2025-12-13;31;asp;1.2541397764481923;600.1346764247348
2025-12-14;31;asp;1.517082746083468;1000.8260177944269
2025-12-15;31;asp;3.1325552042321902;611.865390270555
2025-12-16;31;asp;2.9165607262366193;599.8491080850956
2025-12-17;31;asp;3.1093988593066313;603.0439376421241
2025-12-18;31;asp;2.85956822468535;603.3919510688653
2025-12-19;31;asp;3.0830037208745202;599.9825515709683
2025-12-20;31;asp;1.125917436142737;600.1543046343756
2025-12-21;31;asp;0.9099688317455998;600.1933541119702
2025-12-22;31;asp;2.5939542281029397;600.0806261026788
2025-12-23;31;asp;3.157462588643259;641.5398067498555
2025-12-24;31;asp;2.7179403061233955;973.6804839422088
2025-12-25;31;asp;1.4425404151140724;601.2193921847991
2025-12-26;31;asp;2.1830748200363956;599.9553765714963
2025-12-27;31;asp;1.2089769319971635;600.4158687362078
2025-12-28;31;asp;1.2688546307894053;599.1244855916249
2025-12-29;31;asp;3.574307402754986;502.81075017690017
2025-12-30;31;asp;3.626375913543151;1303.7457024905357
2025-12-31;31;asp;3.318945016226548;597.2044321105616
2025-01-01;63;asp;1.592537013806112;999.6501527319444
2025-01-02;63;asp;2.0729965407765674;1015.9905695897594
2025-01-03;63;asp;2.236710255820662;1000.7349465759941
2025-01-04;63;asp;0.8383360985987913;200.9254402587238
2025-01-05;63;asp;0.6731970396167727;104.64969554154679
2025-01-06;63;asp;2.2967380800899493;1003.969972867246
2025-01-07;63;asp;2.743885600861287;1006.2665685435254
2025-01-08;63;asp;2.3731641666334204;1016.0529168740497
2025-01-09;63;asp;2.146867825596676;999.9484316282419
2025-01-10;63;asp;1.8029167349737487;1000.4739436892932
2025-01-11;63;asp;0.6894171328012445;200.1443855689464
2025-01-12;63;asp;0.6827207530372201;195.96906876815896
2025-01-13;63;asp;2.7038444822999623;1002.9156634699478
2025-01-14;63;asp;2.1705082430181974;1005.5077865846033
2025-01-15;63;asp;1.9715806251820376;976.9022686688652
2025-01-16;63;asp;2.0346687914266854;1001.6284127182843
2025-01-17;63;asp;2.463119473788377;1003.2757175332454
2025-01-18;63;asp;1.9975187452548493;1000.9922242262257
2025-01-19;63;asp;2.653900556310416;537.2588025956493
2025-01-20;63;asp;3.4388991950866883;935.8911760011232
2025-01-21;63;asp;3.009550205471912;799.5449693220432
2025-01-22;63;asp;2.2833926904827435;1000.4256719034333
2025-01-23;63;asp;2.631088676313121;1004.3201943497162
2025-01-24;63;asp;2.0981043459927378;553.2325409642207
2025-01-25;63;asp;1.0306062076198483;447.51093494300363
2025-01-26;63;asp;0.7694273837656386;180.21767838813795
2025-01-27;63;asp;2.6402318304678665;874.3811376947223
2025-01-28;63;asp;2.000086622423831;200.1282985679804
2025-01-29;63;asp;1.3915913817348025;202.64354997504225
2025-01-30;63;asp;1.5470766216003053;159.04233440556806
2025-01-31;63;asp;2.6611224223534258;1532.605845676137
2025-02-01;63;asp;1.169200107798381;999.6833845134474
2025-02-02;63;asp;1.4600278877041046;243.4766226234459
2025-02-03;63;asp;4.405395284905414;1004.8054271567607
2025-02-04;63;asp;3.2845525592940104;999.2837544231855
2025-02-05;63;asp;2.663771140453091;1190.1534832734283
2025-02-06;63;asp;2.294486651050338;999.705313594282
2025-02-07;63;asp;2.348515904164057;862.7864099661756
2025-02-08;63;asp;1.1102173155615747;175.79444580645037
2025-02-09;63;asp;1.1927748859438605;1002.4112882029111
2025-02-10;63;asp;2.4442890657897416;1000.3542265581938
2025-02-11;63;asp;1.9849658739887457;1000.0047941531942
2025-02-12;63;asp;2.206047666001958;939.863707168051
2025-02-13;63;asp;1.9775799596369998;700.4232485376884
2025-02-14;63;asp;2.1861079700323445;1000.0798498865532
2025-02-15;63;asp;1.0068812244275154;1000.1219085254564
2025-02-16;63;asp;0.8402219477015976;999.7607773551555
2025-02-17;63;asp;1.3672700174273316;182.0722110748286
2025-02-18;63;asp;2.2910431384971552;1004.676551562988
2025-02-19;63;asp;1.7415890055797583;687.2081723048403
2025-02-20;63;asp;2.0020022353543334;1005.6877010748186
2025-02-21;63;asp;3.579365910289295;1153.5234512546704
2025-02-22;63;asp;2.4003388633019758;2937.3853503731307
2025-02-23;63;asp;1.3687169328144115;665.8851211415541
2025-02-24;63;asp;2.451478456491177;1050.9581165446625
2025-02-25;63;asp;4.481033908923547;1004.1704572898672
2025-02-26;63;asp;2.8329123971955035;1008.2457364881453
2025-02-27;63;asp;2.6482162576060464;1000.5768958139909
2025-02-28;63;asp;4.307331218020634;1997.3163545388354
2025-03-01;63;asp;1.399572818261131;1006.0735541771356
2025-03-02;63;asp;1.5546740714545282;999.7815956804644
2025-03-03;63;asp;3.1454732530144507;1006.124564729078
2025-03-04;63;asp;2.8227678419569453;1002.0749534885995
2025-03-05;63;asp;1.9219007934666914;1000.3553569289693
2025-03-06;63;asp;2.1593448902776915;1000.3263259636634
2025-03-07;63;asp;2.5543111478629887;1000.4260855622495
2025-03-08;63;asp;0.9569392520363313;999.8800212672701
2025-03-09;63;asp;0.7979905774378063;200.0433679170104
2025-03-10;63;asp;3.008808638683086;1050.6860462293212
2025-03-11;63;asp;2.6836167661835493;1002.1394663556198
2025-03-12;63;asp;2.3458506001557318;1000.8286309097775
2025-03-13;63;asp;2.358377393851571;1001.294881764855
2025-03-14;63;asp;1.893665661195649;240.69981143400892
2025-03-15;63;asp;0.7116930167329694;201.14210810085189
2025-03-16;63;asp;0.586789744779128;143.05976977188877
2025-03-17;63;asp;1.5803719760156476;200.69037937098759
2025-03-18;63;asp;1.8398761050939865;999.6783703307239
2025-03-19;63;asp;2.628960160885554;1001.9073901215742
2025-03-20;63;asp;2.2995407032295074;1001.2370949296136
2025-03-21;63;asp;2.3658099880553394;1000.5137356781204
2025-03-22;63;asp;0.6833468953856586;200.09643806957808
2025-03-23;63;asp;0.8901468792510631;999.8794519459991
2025-03-24;63;asp;2.65240352735221;1004.1076912869041
2025-03-25;63;asp;1.8783975660025547;400.26488130953936
2025-03-26;63;asp;2.2776228616538714;1355.479525025589
2025-03-27;63;asp;2.334574179739429;1002.3115523425786
2025-03-28;63;asp;2.575591582187568;1122.5070032632752
2025-03-29;63;asp;1.225388543354084;999.7991687374499
2025-03-30;63;asp;0.9522176388915247;999.8843117319353
2025-03-31;63;asp;2.2064335227847582;999.6302732023579
2025-04-01;63;asp;2.0194045921616;1000.1412715539147
2025-04-02;63;asp;2.4284958198417685;1001.0379829715898
2025-04-03;63;asp;2.292300973881619;1004.5751123846861
2025-04-04;63;asp;2.1989289325144594;1001.0375087215502
2025-04-05;63;asp;0.7613751321274981;999.9224213387902
2025-04-06;63;asp;0.9907551803436323;201.52049028050058
2025-04-07;63;asp;3.2220581413764373;1003.5386437036686
2025-04-08;63;asp;2.414027505662062;1001.0511517670984
2025-04-09;63;asp;3.1470594567834094;1003.4347335585937
2025-04-10;63;asp;2.421965910861685;1002.6186223348141
2025-04-11;63;asp;2.541803567016628;1001.9876681959893
2025-04-12;63;asp;1.5967505003547597;1799.1216076754658
2025-04-13;63;asp;1.54190893600232;1011.1937497550445
2025-04-14;63;asp;2.1184398500364754;1001.0340357271459
2025-04-15;63;asp;2.4645568470114014;1000.9972746704976
2025-04-16;63;asp;1.6496576842472428;999.7859782140342
2025-04-17;63;asp;1.7913334332745492;1000.4525259192876
2025-04-18;63;asp;1.47311224224652;1010.5460978270212
2025-04-19;63;asp;0.5682423927883417;200.21405194329705
2025-04-20;63;asp;1.1424992110605534;1000.4109620801571
2025-04-21;63;asp;2.467647786108649;1500.1118562181584
2025-04-22;63;asp;2.8308020464976185;1000.029266013349
2025-04-23;63;asp;2.58330903091022;1003.2207575210061
2025-04-24;63;asp;2.5018691906235286;1000.2218628321937
2025-04-25;63;asp;3.0378045732787107;1005.8575479495179
2025-04-26;63;asp;1.0328550890722703;214.6903296085839
2025-04-27;63;asp;1.141229029121931;1000.6655220655961
2025-04-28;63;asp;2.412793529890175;1000.7157238683901
2025-04-29;63;asp;3.103099066586036;1005.1549813775019
2025-04-30;63;asp;2.281593571739058;1001.0549000557728
2025-05-01;63;asp;3.151124199706159;1002.4691477399481
2025-05-02;63;asp;2.4869111251402907;1000.4568109898935
2025-05-03;63;asp;0.6457457923880465;300.0691438979984
2025-05-04;63;asp;0.8599917187497657;999.8738126224491
2025-05-05;63;asp;2.004097523185722;1001.2033294428388
2025-05-06;63;asp;2.4541987300454733;1001.6004448023215
2025-05-07;63;asp;2.1571611748607187;1004.3484823183428
2025-05-08;63;asp;3.124708892211561;356.04031145603824
2025-05-09;63;asp;3.273504213779997;415.6449072773916
2025-05-10;63;asp;1.4787442948323624;300.0045139497983
2025-05-11;63;asp;1.41585537328873;300.10905573568357
2025-05-12;63;asp;2.7582236280448913;445.0146987383373
2025-05-13;63;asp;2.622921109557246;300.198324409586
2025-05-14;63;asp;2.8130254199925417;500.96877135364247
2025-05-15;63;asp;3.1633280992438935;1044.071073555205
2025-05-16;63;asp;2.361266296312111;509.8412700178014
2025-05-17;63;asp;1.307258289881178;300.3693475713341
2025-05-18;63;asp;1.1656262906287846;300.34315570034613
2025-05-19;63;asp;2.3343848821700615;300.0216238375252
2025-05-20;63;asp;2.5638752182941174;738.7049447034532
2025-05-21;63;asp;3.7997884162392754;1501.200566808317
2025-05-22;63;asp;2.824145729273911;409.46280189966143
2025-05-23;63;asp;3.5050821692618532;300.7009262389915
2025-05-24;63;asp;1.1363093906419872;300.31824705183624
2025-05-25;63;asp;1.1949182293629754;295.12555702783413
2025-05-26;63;asp;1.8679900511725858;337.9721010880031
2025-05-27;63;asp;2.3482470801086603;297.0968220582247
2025-05-28;63;asp;2.198504722785294;500.0761170950066
2025-05-29;63;asp;2.685736521791912;328.73649488744235
2025-05-30;63;asp;2.6881813049914607;300.34388328929
2025-05-31;63;asp;1.3437895203305177;300.1273911853294
2025-06-01;63;asp;1.16077802638049;300.1410672151214
2025-06-02;63;asp;2.3461863979103206;300.3370947753668
2025-06-03;63;asp;2.5694899531544633;309.2009772791751
2025-06-04;63;asp;2.2834343666819503;857.856009935028
2025-06-05;63;asp;2.678978265439075;880.8693194229223
2025-06-06;63;asp;2.8028709874643245;697.1588019351586
2025-06-07;63;asp;1.151177359371929;200.40055886702476
2025-06-08;63;asp;0.94790248533629;694.7914029159662
2025-06-09;63;asp;2.826739285652917;541.8623632698502
2025-06-10;63;asp;3.179551300768484;615.6273241863208
2025-06-11;63;asp;2.9326797508790117;697.3138069426212
2025-06-12;63;asp;2.4055736480927274;574.2673901175496
2025-06-13;63;asp;3.0213127642659323;777.1785273996134
2025-06-14;63;asp;1.0607399650101055;299.9603100976359
2025-06-15;63;asp;0.7605595613177317;299.9059200931092
2025-06-16;63;asp;2.208458971327696;978.3593988454154
2025-06-17;63;asp;2.141940100406216;300.97948634104455
2025-06-18;63;asp;2.3272208764720648;1008.7606085359861
2025-06-19;63;asp;1.5771726534756287;547.2876377972252
2025-06-20;63;asp;2.552174618380886;674.2112952692476
2025-06-21;63;asp;1.3145438180216045;300.26599853919464
2025-06-22;63;asp;2.064768734636743;700.2690820249703
2025-06-23;63;asp;2.4111110520058587;501.52981119674774
2025-06-24;63;asp;2.4578063576271827;500.873290190773
2025-06-25;63;asp;2.2410915724975546;916.3848394149992
2025-06-26;63;asp;2.1815829600548318;626.4116674321851
2025-06-27;63;asp;1.7504286705801753;298.13808397644533
2025-06-28;63;asp;0.9050766167439581;300.21059588097694
2025-06-29;63;asp;1.1458246630660716;300.5313139248316
2025-06-30;63;asp;2.2701642537467794;301.37233270224215
2025-07-01;63;asp;2.190571755671724;597.9922779946997
2025-07-02;63;asp;2.3964464841423383;247.17188953327005
2025-07-03;63;asp;2.3653475898727163;1000.9318848623569
2025-07-04;63;asp;1.5755563337497307;285.0599333952107
2025-07-05;63;asp;0.6940350281078381;284.5702548609123
2025-07-06;63;asp;0.737515507045423;285.3043300661426
2025-07-07;63;asp;1.9663649534691932;326.2790051680037
2025-07-08;63;asp;1.6746800585792005;500.2441239488107
2025-07-09;63;asp;2.5571008924857517;544.4858171572977
2025-07-10;63;asp;3.0483853498083553;297.33997291162893
2025-07-11;63;asp;3.517206985005413;351.35982416008915
2025-07-12;63;asp;1.5849892193288708;303.8902551838077
2025-07-13;63;asp;1.1767129927779674;289.05966316612853
2025-07-14;63;asp;3.4303679621923457;504.5882989464504
2025-07-15;63;asp;2.8407691485284743;307.7475461602694
2025-07-16;63;asp;3.661595985013291;2026.8485835844083
2025-07-17;63;asp;4.534336012704755;3162.1572032724816
2025-07-18;63;asp;5.0297468968206696;1002.3501753616879
2025-07-19;63;asp;1.6988947312560037;268.74673447696154
2025-07-20;63;asp;1.8197253832460651;270.72714064558016
2025-07-21;63;asp;3.494185409638354;907.773326034781
2025-07-22;63;asp;3.0793714402420758;336.90012926447014
2025-07-23;63;asp;3.4155527147303335;635.6724024993956
2025-07-24;63;asp;3.8782501425909333;1001.32987371669
2025-07-25;63;asp;4.222328743927259;897.4640248426315
2025-07-26;63;asp;1.3895261983057132;200.05628153822965
2025-07-27;63;asp;1.637340046775365;224.61063718133582
2025-07-28;63;asp;3.193052258047208;500.9164570536159
2025-07-29;63;asp;3.056112262205247;201.238023378288
2025-07-30;63;asp;2.9436273293788213;293.29938411153137
2025-07-31;63;asp;3.4249436593146707;923.9391154418796
2025-08-01;63;asp;3.3201037533794833;772.6268941692151
2025-08-02;63;asp;1.3976765895834657;299.8639002039069
2025-08-03;63;asp;1.3533362869141101;296.51369974106257
2025-08-04;63;asp;3.1590957875964856;527.2154041404151
2025-08-05;63;asp;2.7244750888719307;477.9101563627202
2025-08-06;63;asp;2.76623855883949;993.8654250129764
2025-08-07;63;asp;2.7354371215072586;296.3399513073497
2025-08-08;63;asp;3.1505694826409743;704.7825629714633
2025-08-09;63;asp;2.142679877035327;337.1777622129209
2025-08-10;63;asp;1.6844342443609674;294.75173311921424
2025-08-11;63;asp;3.6647648254268743;696.2959574724906
2025-08-12;63;asp;4.101919670396678;714.250405632148
2025-08-13;63;asp;4.58068364253766;304.2067990685122
2025-08-14;63;asp;5.509524832673862;700.7782447658956
2025-08-15;63;asp;4.4144073730145825;903.472436061912
2025-08-16;63;asp;1.7815247171435267;886.2813176940691
2025-08-17;63;asp;1.5346095350064775;299.8525822322435
2025-08-18;63;asp;3.739601092641375;1103.6056579732376
2025-08-19;63;asp;3.3371014931884546;473.68541128209506
2025-08-20;63;asp;3.3779461801791313;1002.2172742744502
2025-08-21;63;asp;2.7088472973708235;260.4572280182234
2025-08-22;63;asp;4.493523048285635;1200.219514073685
2025-08-23;63;asp;2.3857922816758825;522.6984228525233
2025-08-24;63;asp;2.5280264093117943;344.36340314631894
2025-08-25;63;asp;3.9029848709944908;674.2429829951134
2025-08-26;63;asp;3.647828516031581;692.8557955971104
2025-08-27;63;asp;3.5855364243308587;1363.1639437097276
2025-08-28;63;asp;3.3313821155742445;763.1565739765033
2025-08-29;63;asp;3.645331508326696;956.4872484401598
2025-08-30;63;asp;1.768076775966834;1000.3224716668059
2025-08-31;63;asp;1.2521386465244995;300.6662463469718
2025-09-01;63;asp;2.904562093919434;768.0379120005205
2025-09-02;63;asp;3.6684842421141166;1300.812668573697
2025-09-03;63;asp;3.37916786398641;868.7157682651213
2025-09-04;63;asp;3.611726826328036;1504.2745526666913
2025-09-05;63;asp;3.0892356037887967;300.55023401502353
2025-09-06;63;asp;1.323570696103452;299.35854777952244
2025-09-07;63;asp;1.1454341610062302;930.5682898037509
2025-09-08;63;asp;2.7251488845519667;640.6697991790267
2025-09-09;63;asp;2.9693122172097413;298.90697322924245
2025-09-10;63;asp;2.951570930732852;319.22633639103407
2025-09-11;63;asp;3.0499512598551775;324.9756872469995
2025-09-12;63;asp;3.6049698123692706;1002.836567021796
2025-09-13;63;asp;1.9174210173551665;300.27352318885124
2025-09-14;63;asp;1.5807568315162819;1000.7552674251859
2025-09-15;63;asp;3.8900897103990615;1337.904174192547
2025-09-16;63;asp;4.238368580563459;1661.5363282280969
2025-09-17;63;asp;3.213723389346076;316.142103812921
2025-09-18;63;asp;4.3948532771481625;502.09715543510293
2025-09-19;63;asp;3.6840812352419587;1001.5672833682372
2025-09-20;63;asp;1.5428195152511286;675.8054682344331
2025-09-21;63;asp;1.912664233711879;2003.5773152249183
2025-09-22;63;asp;4.542638309984092;1105.3436845633164
2025-09-23;63;asp;3.4736476946684394;510.0786689005381
2025-09-24;63;asp;3.8113353812147315;499.5306341421151
2025-09-25;63;asp;4.914301528566607;937.3438916866692
2025-09-26;63;asp;4.484752741318442;1055.2360886629845
2025-09-27;63;asp;1.6823048043943634;1001.2874910339663
2025-09-28;63;asp;1.1946829827588528;253.3112334005203
2025-09-29;63;asp;3.5426371354629786;2931.4747126872458
2025-09-30;63;asp;3.817688222041407;500.0628219500813
2025-10-01;63;asp;3.5453876071093404;967.2620399318091
2025-10-02;63;asp;3.6123846702697473;1001.0755877002134
2025-10-03;63;asp;3.4137602027281226;498.88488993838007
2025-10-04;63;asp;1.9575506238531915;960.6225747748975
2025-10-05;63;asp;1.7614805066606936;500.536178027828
2025-10-06;63;asp;3.408279393187975;500.0395612593012
2025-10-07;63;asp;3.677827474154544;822.7081666937661
2025-10-08;63;asp;3.918130547660814;554.4818082574221
2025-10-09;63;asp;3.31662511461425;1001.0856595825885
2025-10-10;63;asp;4.179644084692986;1001.863792844564
2025-10-11;63;asp;5.8783864980273535;999.1227733911825
2025-10-12;63;asp;2.3473683638522984;537.0920349277299
2025-10-13;63;asp;3.5400017439756115;851.3013147550578
2025-10-14;63;asp;4.049198415200891;498.74051171822106
2025-10-15;63;asp;3.5817722758122095;1005.7512471449978
2025-10-16;63;asp;2.9431224684513304;499.8278579365399
2025-10-17;63;asp;3.1353282322815526;501.48058918467575
2025-10-18;63;asp;1.5629803534900784;1001.4496270418736
2025-10-19;63;asp;1.4816148469827448;493.45083496238203
2025-10-20;63;asp;2.90473108134403;531.7548467503651
2025-10-21;63;asp;3.931152033501005;887.6927841641535
2025-10-22;63;asp;3.537473365835439;1164.8705801253968
2025-10-23;63;asp;3.4300171514719797;499.51618428711834
2025-10-24;63;asp;3.259577200888164;969.4373761250959
2025-10-25;63;asp;1.1441322203080508;500.2138045260628
2025-10-26;63;asp;1.5678033672345228;500.07754776340033
2025-10-27;63;asp;2.745756924673252;503.29115696364926
2025-10-28;63;asp;2.9583641047513187;718.474082265089
2025-10-29;63;asp;3.0906688201076826;553.8169510518717
2025-10-30;63;asp;3.1525025209139614;501.4948408424354
2025-10-31;63;asp;3.4642607040901288;877.8002350861976
2025-11-01;63;asp;1.8223888043326761;601.0115196185671
2025-11-02;63;asp;1.1294445948886975;599.9650076948939
2025-11-03;63;asp;3.3464008798927294;495.570141379549
2025-11-04;63;asp;4.247536366009632;966.5656427122162
2025-11-05;63;asp;4.062765359577147;1086.6336573821764
2025-11-06;63;asp;3.562758781678962;600.9152528454865
2025-11-07;63;asp;3.380977634891283;600.373053327424
2025-11-08;63;asp;1.4363267504582067;600.1064283059201
2025-11-09;63;asp;1.339925317555846;588.1281086362641
2025-11-10;63;asp;3.1630465930613862;1003.1307916599034
2025-11-11;63;asp;2.5752540064578704;600.1126705713971
2025-11-12;63;asp;3.14021268874064;856.3229608827229
2025-11-13;63;asp;3.0072464884216186;600.3887177141186
2025-11-14;63;asp;3.199897157755799;596.880151824106
2025-11-15;63;asp;1.5708777692283815;1137.1968640131029
2025-11-16;63;asp;2.1019008374551835;1500.3683930103587
2025-11-17;63;asp;3.2826614485763823;999.8186866468618
2025-11-18;63;asp;3.328966097356654;595.6798104719596
2025-11-19;63;asp;3.079608482333057;709.4804024054756
2025-11-20;63;asp;3.4212490525062713;999.6496311035402
2025-11-21;63;asp;3.7873329471244053;600.5098033408419
2025-11-22;63;asp;1.6286663649221593;600.373331745361
2025-11-23;63;asp;3.054999643872651;2151.040462395553
2025-11-24;63;asp;2.8135431546937677;599.3854573749283
2025-11-25;63;asp;2.78518268925818;599.5882152626846
2025-11-26;63;asp;2.590994082288273;905.5534175449445
2025-11-27;63;asp;1.9109970158327378;589.7727849439538
2025-11-28;63;asp;2.676417301742212;635.6923842164348
2025-11-29;63;asp;1.3760092540832736;716.2906225299079
2025-11-30;63;asp;0.9119366487590382;599.0122453830957
2025-12-01;63;asp;3.2361690837613417;1384.5777276387348
2025-12-02;63;asp;2.6500690519603127;1000.611764499706
2025-12-03;63;asp;2.708387574168068;600.6971082843241
2025-12-04;63;asp;2.518136105785801;599.5030022414418
2025-12-05;63;asp;2.6152060975483606;1001.6985598554056
2025-12-06;63;asp;1.115837159849032;597.9675845343709
2025-12-07;63;asp;1.0105816285922504;599.7981346950096
2025-12-08;63;asp;2.671419340449735;1003.4008695104932
2025-12-09;63;asp;2.8733312213899698;605.8023422751148
2025-12-10;63;asp;2.6386021291278188;1000.5573769824313
2025-12-11;63;asp;2.935914575484299;595.2927960442286
2025-12-12;63;asp;2.4597851245159728;599.7800827629738
2025-12-13;63;asp;1.0805956025626675;600.1354810962224
2025-12-14;63;asp;1.3916600061679214;1000.818269669882
2025-12-15;63;asp;2.592961743598909;611.4696857969742
2025-12-16;63;asp;2.4567941219852854;599.9172661398611
2025-12-17;63;asp;2.6547022781611505;603.0387320371848
2025-12-18;63;asp;2.360534872273062;603.6023901179107
2025-12-19;63;asp;2.4651088749246037;600.3139101614308
2025-12-20;63;asp;1.0123311516863858;600.1550522190664
2025-12-21;63;asp;0.8111157956791375;600.2027745662004
2025-12-22;63;asp;2.1058448580420244;600.0756366610738
2025-12-23;63;asp;2.5562268172168396;640.3737343361297
2025-12-24;63;asp;2.3085529137124445;972.8034911687529
2025-12-25;63;asp;1.2295688221942636;600.9045228337715
2025-12-26;63;asp;1.8053596081144607;599.9354415584723
2025-12-27;63;asp;1.108039024622845;600.4081759410203
2025-12-28;63;asp;1.1685225784834554;597.2937429919309
2025-12-29;63;asp;2.8173258079254784;501.8889871854705
2025-12-30;63;asp;3.07047977629984;1303.389204228004
2025-12-31;63;asp;2.6584003684939415;559.9574620989272
