day;delta;algorithm;avg_M;max_M
2025-01-01;8;ttv;40.730257104985846;1406.1032435668985
2025-01-02;8;ttv;52.65042479982232;1606.168597392259
2025-01-03;8;ttv;56.71883987188845;1402.7721367567044
2025-01-04;8;ttv;32.37751038871903;941.251798256447
2025-01-05;8;ttv;26.356181714780632;991.2074409581877
2025-01-06;8;ttv;57.64686794803827;1474.2154434781628
2025-01-07;8;ttv;66.1928107499656;1374.700806846605
2025-01-08;8;ttv;66.13386094480904;1401.5645904402345
2025-01-09;8;ttv;60.20418678944394;1391.37180896437
2025-01-10;8;ttv;64.03975348842962;1393.0437267074844
2025-01-11;8;ttv;32.033836674188414;1138.3672294352134
2025-01-12;8;ttv;30.53206939766505;922.1939630710169
2025-01-13;8;ttv;70.95180142450285;2183.446289511585
2025-01-14;8;ttv;52.763677775735076;1432.803268967981
2025-01-15;8;ttv;56.858229018187664;1362.0789514242695
2025-01-16;8;ttv;56.375711743409866;1396.8459373284697
2025-01-17;8;ttv;63.68099597439903;1449.430762081137
2025-01-18;8;ttv;64.51626463944883;5316.800889895498
2025-01-19;8;ttv;77.08255896478299;5863.00244983034
2025-01-20;8;ttv;84.5362049924745;1321.737778897446
2025-01-21;8;ttv;92.20863234436881;1257.27056502352
2025-01-22;8;ttv;60.963312823533016;1771.9794506576682
2025-01-23;8;ttv;76.60850485506595;1410.3097681922914
2025-01-24;8;ttv;66.51202262366598;1109.2781647286824
2025-01-25;8;ttv;32.6994424893019;805.9788428333982
2025-01-26;8;ttv;32.94324523184927;833.6578252110218
2025-01-27;8;ttv;77.52903661050514;1077.6525916670475
2025-01-28;8;ttv;54.990772282136454;821.5167373089214
2025-01-29;8;ttv;51.54670752722098;1039.6182381136216
2025-01-30;8;ttv;60.25848754405472;1059.8076458870833
2025-01-31;8;ttv;87.85196250744974;2722.5066447677477
2025-02-01;8;ttv;48.67145357355709;1580.6453006299614
2025-02-02;8;ttv;57.840458457026436;1044.089243863727
2025-02-03;8;ttv;138.58879867827935;1758.456512805153
2025-02-04;8;ttv;96.73998704290707;1658.3062759625152
2025-02-05;8;ttv;74.6827784924375;1404.1984193275853
2025-02-06;8;ttv;67.29561621400143;1401.3452049849564
2025-02-07;8;ttv;75.47401636827017;1005.1936804336725
2025-02-08;8;ttv;44.337013525355374;805.2694962021393
2025-02-09;8;ttv;42.13728272800566;1474.321287981426
2025-02-10;8;ttv;75.07798234953148;1698.5293812914786
2025-02-11;8;ttv;65.373465749085;1438.0589006908763
2025-02-12;8;ttv;71.50221632808555;1226.7116269867383
2025-02-13;8;ttv;65.6265863868844;2010.423255218037
2025-02-14;8;ttv;69.23960235846916;1703.1887036827252
2025-02-15;8;ttv;33.63912498500156;1545.6097567445931
2025-02-16;8;ttv;83.18689973358268;7552.461962453996
2025-02-17;8;ttv;43.18402187141839;557.4821841650573
2025-02-18;8;ttv;72.61710519378;1565.6375685330256
2025-02-19;8;ttv;68.84737627152664;6192.740107043753
2025-02-20;8;ttv;65.8172529252987;1576.0937416598167
2025-02-21;8;ttv;105.79973471214856;1862.1780942914934
2025-02-22;8;ttv;63.81946812095474;3051.100369972531
2025-02-23;8;ttv;51.12548044412158;1417.6538197494726
2025-02-24;8;ttv;89.34895740164701;1471.8087352311431
2025-02-25;8;ttv;129.3329968988717;2511.6375305085903
2025-02-26;8;ttv;99.33742966743914;2857.4596298866863
2025-02-27;8;ttv;79.99662962947785;2568.93262746997
2025-02-28;8;ttv;129.36356441738695;2048.472206028271
2025-03-01;8;ttv;46.61298167147022;2000.4449924555265
2025-03-02;8;ttv;58.77566481545036;1021.6198306687671
2025-03-03;8;ttv;91.4802847614681;1796.0843889779567
2025-03-04;8;ttv;96.7570390533983;1613.5851802937586
2025-03-05;8;ttv;77.58143163080952;1944.171087364768
2025-03-06;8;ttv;85.01615602431428;5010.279381517837
2025-03-07;8;ttv;89.39103175847258;1866.6086965667257
2025-03-08;8;ttv;38.397453801639806;1366.6418667365433
2025-03-09;8;ttv;50.83611355062014;927.8291954526522
2025-03-10;8;ttv;96.36768836056437;1615.2161908967842
2025-03-11;8;ttv;79.71467796602062;1404.4854872699846
2025-03-12;8;ttv;69.39138089903555;1439.4105219816759
2025-03-13;8;ttv;73.7219184774869;1475.4358879539714
2025-03-14;8;ttv;66.05107079728012;679.1055664267841
2025-03-15;8;ttv;38.55522910551226;1666.7862479102087
2025-03-16;8;ttv;36.308334451544454;582.0037657428201
2025-03-17;8;ttv;63.12727259990379;717.0375260329633
2025-03-18;8;ttv;74.21306570634368;1429.2058778508247
2025-03-19;8;ttv;81.12842096423212;1428.363169650066
2025-03-20;8;ttv;79.71621842762353;1474.5275294159635
2025-03-21;8;ttv;96.69919978985561;12009.844356381393
2025-03-22;8;ttv;37.5205675281219;630.3997621198822
2025-03-23;8;ttv;46.63983001638995;1347.2537457771607
2025-03-24;8;ttv;88.24693677935348;1526.2901592591975
2025-03-25;8;ttv;82.0716191116702;2710.3240351693944
2025-03-26;8;ttv;79.92482911539098;6018.708788174874
2025-03-27;8;ttv;78.99338071926208;1428.1402769507633
2025-03-28;8;ttv;111.08105933039408;1613.912109034445
2025-03-29;8;ttv;60.69472683879225;1773.0369793645052
2025-03-30;8;ttv;49.655291969278885;1422.7319142149388
2025-03-31;8;ttv;90.68390876885442;1530.366866537468
2025-04-01;8;ttv;79.62775470842185;2036.4716389504022
2025-04-02;8;ttv;79.20768277757716;2038.2198433292324
2025-04-03;8;ttv;80.45498917840821;1503.8941575783854
2025-04-04;8;ttv;89.5750662119968;1663.9126393452752
2025-04-05;8;ttv;44.36014164550437;1627.160958349537
2025-04-06;8;ttv;61.519761520686664;1067.3339497020233
2025-04-07;8;ttv;115.39519348524043;2047.4735691116339
2025-04-08;8;ttv;83.70738846286046;1433.050765258158
2025-04-09;8;ttv;106.6850192283657;1453.314210840877
2025-04-10;8;ttv;77.33483720434951;1536.6475201062385
2025-04-11;8;ttv;86.65914649957968;1925.2647749433509
2025-04-12;8;ttv;65.59185727730068;2937.727334959528
2025-04-13;8;ttv;62.350660001336955;1489.5761389437237
2025-04-14;8;ttv;77.33818142538698;1427.920105846133
2025-04-15;8;ttv;82.33078849748377;1736.24228031456
2025-04-16;8;ttv;71.27683707109654;1398.49909782841
2025-04-17;8;ttv;72.7681251749302;2161.8967531821327
2025-04-18;8;ttv;68.48141551458556;1825.3715274914796
2025-04-19;8;ttv;32.860076938387515;607.9667501029206
2025-04-20;8;ttv;44.88587790386042;1386.0437672921953
2025-04-21;8;ttv;79.71374718702249;2194.411241545691
2025-04-22;8;ttv;104.51774925932223;1653.492415165574
2025-04-23;8;ttv;88.85624607002272;1427.738178182924
2025-04-24;8;ttv;81.419714247303;1416.5197452033874
2025-04-25;8;ttv;90.88411543909383;1529.4147339656
2025-04-26;8;ttv;49.217103323558256;762.8462644382927
2025-04-27;8;ttv;51.7922565053191;1437.7352358073085
2025-04-28;8;ttv;88.72873700644195;1697.6721857141445
2025-04-29;8;ttv;91.50863907154368;2397.9311782857335
2025-04-30;8;ttv;75.68345425796059;1509.3177734648755
2025-05-01;8;ttv;94.26180485301228;2068.2418107287544
2025-05-02;8;ttv;71.33514501853105;1515.1505588298232
2025-05-03;8;ttv;41.568003195207055;644.3429131837206
2025-05-04;8;ttv;47.86412505969486;1383.2016795575264
2025-05-05;8;ttv;75.3523552635891;1494.7711835771856
2025-05-06;8;ttv;92.36773122680883;4839.730812127632
2025-05-07;8;ttv;77.22446721899831;1494.3503333848982
2025-05-08;8;ttv;98.54162587350514;1318.3533366435818
2025-05-09;8;ttv;105.13716349687101;1248.7870776414547
2025-05-10;8;ttv;62.047214657479365;798.3983382194734
2025-05-11;8;ttv;72.33676164558304;1029.0817169294774
2025-05-12;8;ttv;110.1465715836508;1075.7400229534223
2025-05-13;8;ttv;125.47430434038579;5248.1453840404965
2025-05-14;8;ttv;101.63860263873758;1841.016066168693
2025-05-15;8;ttv;93.24505319158771;1234.2677364100339
2025-05-16;8;ttv;82.38159060050965;1166.034224316648
2025-05-17;8;ttv;65.91236472380567;1014.8960252778346
2025-05-18;8;ttv;64.65846476842728;1067.1862388747534
2025-05-19;8;ttv;89.11276334147259;902.9836973991834
2025-05-20;8;ttv;90.95564533284754;2045.5320303957183
2025-05-21;8;ttv;102.64027191070298;1640.004994345003
2025-05-22;8;ttv;86.86568615697144;796.2439552484923
2025-05-23;8;ttv;118.88969557558208;998.9689944849035
2025-05-24;8;ttv;56.13579567786135;1871.196658415783
2025-05-25;8;ttv;56.274212653536836;911.3968982021422
2025-05-26;8;ttv;60.383738418830596;896.2173507212124
2025-05-27;8;ttv;77.85347771129122;849.1011579520487
2025-05-28;8;ttv;76.21207494350153;1171.5640394701802
2025-05-29;8;ttv;91.71796351551355;1337.2851521187904
2025-05-30;8;ttv;83.94031752661428;828.305644373423
2025-05-31;8;ttv;62.32345035894574;1363.0570837398357
2025-06-01;8;ttv;53.30859071587707;759.0419841000534
2025-06-02;8;ttv;68.2985819980598;891.3786980382929
2025-06-03;8;ttv;76.01994396699268;1253.5797108532975
2025-06-04;8;ttv;68.54346362776158;1033.4482043390205
2025-06-05;8;ttv;75.4026292228365;1128.6604148322049
2025-06-06;8;ttv;85.9579936911631;1357.244018130257
2025-06-07;8;ttv;47.50646192224143;871.2210215861139
2025-06-08;8;ttv;45.440676632614206;977.1255853599639
2025-06-09;8;ttv;86.99132378507518;837.9718246872121
2025-06-10;8;ttv;106.53575553889668;1265.9229856523748
2025-06-11;8;ttv;90.46947434794085;1399.5223568725035
2025-06-12;8;ttv;93.2733944628529;1843.0265252195252
2025-06-13;8;ttv;106.05765815946911;1840.69931094088
2025-06-14;8;ttv;54.99361915723064;1369.5217752355939
2025-06-15;8;ttv;56.19401268186142;672.0173429127244
2025-06-16;8;ttv;84.24810130752883;1023.1379070824842
2025-06-17;8;ttv;86.64648057432912;1021.6303301017871
2025-06-18;8;ttv;89.79691386244816;1391.06307136172
2025-06-19;8;ttv;64.70117744540991;1729.9053269034832
2025-06-20;8;ttv;104.26286805811506;1949.0883687825688
2025-06-21;8;ttv;77.14243267935491;1858.051240852119
2025-06-22;8;ttv;96.89151200488277;2201.2009532625775
2025-06-23;8;ttv;86.28355494563259;1113.8364519829663
2025-06-24;8;ttv;79.84917720960912;1843.1241755148449
2025-06-25;8;ttv;62.74758493320563;1199.113328251924
2025-06-26;8;ttv;80.04026128605942;2014.105189601418
2025-06-27;8;ttv;65.40065325245452;1847.7381091115121
2025-06-28;8;ttv;50.97771587487524;2375.427404327551
2025-06-29;8;ttv;62.77777769445085;2101.9335937045726
2025-06-30;8;ttv;70.47200828899045;1654.1190465555972
2025-07-01;8;ttv;78.79095616843696;1840.4783537149035
2025-07-02;8;ttv;87.74494795803822;1836.6881879507546
2025-07-03;8;ttv;81.13612224320822;1888.5593023478696
2025-07-04;8;ttv;61.88405919689883;2095.518453839424
2025-07-05;8;ttv;49.46161782697977;1883.3177302214754
2025-07-06;8;ttv;53.25261265420742;2062.002126569989
2025-07-07;8;ttv;66.87614186954303;1739.7406827568952
2025-07-08;8;ttv;66.7793576500216;1655.9006250827422
2025-07-09;8;ttv;89.83801198488538;1564.3295058825292
2025-07-10;8;ttv;116.25959215286734;15943.535036486295
2025-07-11;8;ttv;107.32138065265498;15926.724095837197
2025-07-12;8;ttv;78.98397363830959;1519.0850243465688
2025-07-13;8;ttv;64.33396583097132;1851.014279617629
2025-07-14;8;ttv;115.98965473429566;1994.8238445381048
2025-07-15;8;ttv;102.8665546314661;3001.219762419027
2025-07-16;8;ttv;112.11113748014542;2228.836835494556
2025-07-17;8;ttv;121.1141407579744;3309.805121015841
2025-07-18;8;ttv;135.08289663622426;1625.5254072516811
2025-07-19;8;ttv;63.67726372227331;1031.5656330589375
2025-07-20;8;ttv;87.45870628235028;1041.024621317205
2025-07-21;8;ttv;125.04950473769857;6444.119869567236
2025-07-22;8;ttv;110.92699717300046;765.9691281903164
2025-07-23;8;ttv;112.95685269019245;865.9748097719697
2025-07-24;8;ttv;123.45684383053846;2251.959439061765
2025-07-25;8;ttv;164.1880755448822;1906.4062775530563
2025-07-26;8;ttv;82.35011680973405;982.6918809602989
2025-07-27;8;ttv;88.11707930998088;868.0241459856453
2025-07-28;8;ttv;137.6927695652342;1183.8966149021928
2025-07-29;8;ttv;124.30014051737999;1140.0477758617603
2025-07-30;8;ttv;100.91073513040921;980.4643513582239
2025-07-31;8;ttv;106.31357859424153;1288.1066262772474
2025-08-01;8;ttv;145.7999447776058;1435.7460167020622
2025-08-02;8;ttv;104.25055767153442;1552.5913713184116
2025-08-03;8;ttv;95.99426715416698;1459.1577450239236
2025-08-04;8;ttv;123.94061317652947;1181.0896204179517
2025-08-05;8;ttv;116.86608462970932;1283.759131997046
2025-08-06;8;ttv;132.52839295137;1915.589004538499
2025-08-07;8;ttv;124.54781004956608;1388.6041278106288
2025-08-08;8;ttv;132.98747631751448;2942.250916874398
2025-08-09;8;ttv;128.32557747613745;1840.4387884088228
2025-08-10;8;ttv;109.4966635900618;1887.7079472607727
2025-08-11;8;ttv;158.26446070155666;4402.812955709085
2025-08-12;8;ttv;165.52722327985163;2742.506328959182
2025-08-13;8;ttv;197.2649934112422;2152.8056026772147
2025-08-14;8;ttv;199.77180295220336;2124.6366547703196
2025-08-15;8;ttv;173.04251136215478;1666.660438101335
2025-08-16;8;ttv;132.09592469211887;4643.166719653033
2025-08-17;8;ttv;144.7627043012126;1697.2423496703336
2025-08-18;8;ttv;198.59444380990706;3027.7278492345445
2025-08-19;8;ttv;185.93280688770372;1967.9270790797857
2025-08-20;8;ttv;163.86072298812707;1937.2248832370756
2025-08-21;8;ttv;139.6713826812079;1123.5037508872738
2025-08-22;8;ttv;194.90391365882053;2086.342745679161
2025-08-23;8;ttv;145.49689290459708;1583.3533544174015
2025-08-24;8;ttv;208.84485063842206;3235.5349894642236
2025-08-25;8;ttv;315.5826513279774;4192.485907763521
2025-08-26;8;ttv;221.06112388401326;3621.689000895552
2025-08-27;8;ttv;211.38575618995753;2680.3914194588788
2025-08-28;8;ttv;186.03280709026203;3352.43692218808
2025-08-29;8;ttv;248.0751394169187;4333.955238801076
2025-08-30;8;ttv;150.53492903748193;2195.127915455946
2025-08-31;8;ttv;174.23123874316445;4729.903668241285
2025-09-01;8;ttv;170.5619916259534;2476.3828028181997
2025-09-02;8;ttv;231.1775418903616;3493.4525494234417
2025-09-03;8;ttv;154.74801121401597;1803.7347934375057
2025-09-04;8;ttv;160.51619628298943;2687.9476334455794
2025-09-05;8;ttv;158.59665601334407;1228.9273345195347
2025-09-06;8;ttv;103.40530751298927;1651.1550363308288
2025-09-07;8;ttv;116.00833851110808;3057.248872644991
2025-09-08;8;ttv;151.26778749801898;1825.3440560209028
2025-09-09;8;ttv;141.08974571313487;1705.5210300869194
2025-09-10;8;ttv;131.80463478090476;2079.446063005994
2025-09-11;8;ttv;164.05549678515595;1418.5040501189474
2025-09-12;8;ttv;172.4254951334135;1806.5603760021104
2025-09-13;8;ttv;133.69827290093045;1943.0911909130039
2025-09-14;8;ttv;156.31619094170102;1855.4665745779935
2025-09-15;8;ttv;163.64273459783445;1647.8930531387016
2025-09-16;8;ttv;123.1954295365897;2371.7348914215336
2025-09-17;8;ttv;133.22551317621506;1928.2818201976863
2025-09-18;8;ttv;142.89744722267858;1960.6078482115595
2025-09-19;8;ttv;125.67515449484523;1497.3748380434195
2025-09-20;8;ttv;79.47965029452236;2034.5580572720442
2025-09-21;8;ttv;115.3345811627234;3504.131956547593
2025-09-22;8;ttv;178.22896786033854;2289.3444116007104
2025-09-23;8;ttv;161.99063571155867;2603.9066487082096
2025-09-24;8;ttv;199.8944495301996;1854.0226603494768
2025-09-25;8;ttv;261.64888984945793;2444.374870418064
2025-09-26;8;ttv;194.26306488219768;2714.9371148717214
2025-09-27;8;ttv;176.1393531079133;2735.7863864191436
2025-09-28;8;ttv;160.58571149977132;2000.9099663715995
2025-09-29;8;ttv;175.02406685228306;3136.790950075593
2025-09-30;8;ttv;185.83222805421852;4428.897728163632
2025-10-01;8;ttv;150.42292950677322;2048.8773516862893
2025-10-02;8;ttv;144.03153498212947;2449.4082426328387
2025-10-03;8;ttv;186.64455657732347;3462.846619217059
2025-10-04;8;ttv;144.70690822934503;1768.3345294293322
2025-10-05;8;ttv;331.9616076128991;16438.831371257318
2025-10-06;8;ttv;216.37516077759574;5919.670783552579
2025-10-07;8;ttv;194.01951218191857;3981.4121166083714
2025-10-08;8;ttv;201.65385805484544;2121.6991862613454
2025-10-09;8;ttv;319.53211563102326;8416.27453180647
2025-10-10;8;ttv;287.70639461753564;2917.099167856162
2025-10-11;8;ttv;234.47074653230726;5569.131014647026
2025-10-12;8;ttv;268.40485301208685;10698.126748902276
2025-10-13;8;ttv;257.2465930505018;19171.94783303635
2025-10-14;8;ttv;369.4587237011806;10804.640981362852
2025-10-15;8;ttv;304.8794881928866;9898.568733253847
2025-10-16;8;ttv;266.96248739184847;10866.473274524644
2025-10-17;8;ttv;264.0303913376321;6254.182036570172
2025-10-18;8;ttv;132.0345623069222;3215.4482622134265
2025-10-19;8;ttv;286.4218814572025;9566.854730791047
2025-10-20;8;ttv;277.06208147506146;8583.422388657154
2025-10-21;8;ttv;506.3022838562022;13226.780517446188
2025-10-22;8;ttv;300.902624093508;11137.785136977629
2025-10-23;8;ttv;343.25040954650285;13679.820870822929
2025-10-24;8;ttv;199.69931151928364;4842.682071336396
2025-10-25;8;ttv;109.64929363838225;5710.086357763107
2025-10-26;8;ttv;174.56296003480327;6220.167083350939
2025-10-27;8;ttv;223.7513134235617;6274.786829296752
2025-10-28;8;ttv;219.445746935872;8389.2571357555
2025-10-29;8;ttv;242.2355863606872;5902.23365810952
2025-10-30;8;ttv;439.4318390523849;21467.11095057907
2025-10-31;8;ttv;332.70973874128543;15853.049761836488
2025-11-01;8;ttv;204.46465651449046;3940.5908495314493
2025-11-02;8;ttv;183.52647757356965;7711.129283110474
2025-11-03;8;ttv;300.7735038060993;9677.540798905009
2025-11-04;8;ttv;315.73103404046685;10512.327520794926
2025-11-05;8;ttv;230.83947209673056;5933.787418048848
2025-11-06;8;ttv;187.64806675530494;14810.253465084528
2025-11-07;8;ttv;178.10581806683015;7957.9647766612525
2025-11-08;8;ttv;139.43472134341317;3238.6169285312753
2025-11-09;8;ttv;266.6727680980883;11066.671121792091
2025-11-10;8;ttv;224.39576204010677;9092.508446931695
2025-11-11;8;ttv;212.78157810927078;10557.56544121978
2025-11-12;8;ttv;240.4391710304677;8602.773887973974
2025-11-13;8;ttv;382.4437483379783;7736.477774889143
2025-11-14;8;ttv;307.0062531065524;11022.024528476215
2025-11-15;8;ttv;313.5190224896076;6262.000440004183
2025-11-16;8;ttv;441.81869594079626;13343.013204229166
2025-11-17;8;ttv;332.7651714626357;6679.042741108178
2025-11-18;8;ttv;329.86980756030266;6381.042692229155
2025-11-19;8;ttv;314.2267271556153;5274.507449036654
2025-11-20;8;ttv;292.3908820178034;9391.89710060187
2025-11-21;8;ttv;407.00795956255547;6724.153928262799
2025-11-22;8;ttv;294.8365969094659;4985.631815416681
2025-11-23;8;ttv;361.5906071778575;5445.666243507421
2025-11-24;8;ttv;342.86691058124063;5969.171104457914
2025-11-25;8;ttv;341.1621731185328;10851.137729590002
2025-11-26;8;ttv;445.5222200687081;6078.869059489865
2025-11-27;8;ttv;447.5502665610691;8352.217471729937
2025-11-28;8;ttv;474.8291649029413;8821.776231936848
2025-11-29;8;ttv;352.13258465286054;4103.002445417322
2025-11-30;8;ttv;394.0266932695787;6646.832415411794
2025-12-01;8;ttv;675.1379062159378;11133.23303593572
2025-12-02;8;ttv;478.1341350757191;6333.119718665812
2025-12-03;8;ttv;750.2824957889005;8385.034532074456
2025-12-04;8;ttv;526.5126796299667;6136.951005628842
2025-12-05;8;ttv;590.7040849521986;5896.305271134453
2025-12-06;8;ttv;297.56210640192734;6180.579128212075
2025-12-07;8;ttv;199.2881762352189;6966.027877599643
2025-12-08;8;ttv;171.01420067522432;3428.1295657541186
2025-12-09;8;ttv;232.7744652629265;9518.023581321471
2025-12-10;8;ttv;244.0558559691514;7875.914294670449
2025-12-11;8;ttv;268.14292478933356;6879.335559094548
2025-12-12;8;ttv;269.2471167485213;4371.888660131205
2025-12-13;8;ttv;205.51363614212826;3125.1752696112785
2025-12-14;8;ttv;331.8658044063601;8191.102529550045
2025-12-15;8;ttv;394.9333536361988;9545.824389877234
2025-12-16;8;ttv;356.154302697095;7153.335636450758
2025-12-17;8;ttv;458.73541614768146;11577.83337939912
2025-12-18;8;ttv;428.45079397975354;10496.658975453067
2025-12-19;8;ttv;365.78902212004397;8180.311559635843
2025-12-20;8;ttv;166.47809719875272;3083.8063275381746
2025-12-21;8;ttv;202.13643597954731;4118.771923596755
2025-12-22;8;ttv;279.8406146173093;3587.3403060689607
2025-12-23;8;ttv;226.3438418382504;3129.2216785796363
2025-12-24;8;ttv;234.9014583053299;3282.3774905640194
2025-12-25;8;ttv;220.957055512893;4265.836801689932
2025-12-26;8;ttv;240.4062208395705;2729.298924728302
2025-12-27;8;ttv;192.0013338373062;2908.5477712803513
2025-12-28;8;ttv;257.9178854350862;4802.376133388395
2025-12-29;8;ttv;371.8783496813282;6111.96581442702
2025-12-30;8;ttv;289.8925920187417;2947.989609241782
2025-12-31;8;ttv;261.0318915473104;4780.977885034299
2025-01-01;8;defi;29.1602529025488;1034.4637909966902
2025-01-02;8;defi;39.59436423131154;1214.0121741750709
2025-01-03;8;defi;42.033467440856704;1046.004883357509
2025-01-04;8;defi;18.258660817633285;252.30591056468623
2025-01-05;8;defi;13.512352466579102;160.51479339093515
2025-01-06;8;defi;41.897134242217476;1062.9577555530698
2025-01-07;8;defi;50.03668194803337;1018.0013817024105
2025-01-08;8;defi;45.052196345705724;1047.5402136280316
2025-01-09;8;defi;40.49249920685279;1041.0437164321202
2025-01-10;8;defi;36.41158739875061;1033.8702408950871
2025-01-11;8;defi;15.688207103956124;224.2901847007813
2025-01-12;8;defi;15.539467831694372;339.7099686534397
2025-01-13;8;defi;48.356329486943764;1292.1686371234207
2025-01-14;8;defi;36.62993235781172;1058.931714968254
2025-01-15;8;defi;38.22612562797601;996.8679023753637
2025-01-16;8;defi;39.408429166102394;1031.392087408664
2025-01-17;8;defi;49.41416283255935;1089.285139388481
2025-01-18;8;defi;37.91497909423239;1056.1751220017334
2025-01-19;8;defi;49.288849218612306;614.9441170408644
2025-01-20;8;defi;64.52683809958405;1225.580341836103
2025-01-21;8;defi;62.21128026546777;937.5179740008614
2025-01-22;8;defi;43.199407479733395;1213.7662463732202
2025-01-23;8;defi;52.139874675460455;1037.380763963507
2025-01-24;8;defi;42.141163769137954;604.2013165059878
2025-01-25;8;defi;19.858725026291296;477.345888373495
2025-01-26;8;defi;16.908413006584656;238.49818932298047
2025-01-27;8;defi;52.61273641568688;1073.4183364023875
2025-01-28;8;defi;37.81982140047757;301.36483392793474
2025-01-29;8;defi;30.24074626322757;231.70095482370664
2025-01-30;8;defi;36.740513988223846;251.45069197599656
2025-01-31;8;defi;48.349705060997096;2030.8511025908874
2025-02-01;8;defi;22.30227274864917;1015.2761912289068
2025-02-02;8;defi;33.230810565686646;320.69079539374695
2025-02-03;8;defi;92.59180786117491;1217.0424147379117
2025-02-04;8;defi;65.02910054040558;1297.0462037868638
2025-02-05;8;defi;49.555298002605475;1246.965521766891
2025-02-06;8;defi;44.47236411166851;1055.1020868476583
2025-02-07;8;defi;50.487678139871136;940.880794930124
2025-02-08;8;defi;29.30521335161703;656.1986648361274
2025-02-09;8;defi;28.562020019851374;1075.2226832935667
2025-02-10;8;defi;48.432773247382485;1068.7774917834179
2025-02-11;8;defi;42.54106405224456;1093.8748743641138
2025-02-12;8;defi;47.586806684347344;1098.768194950814
2025-02-13;8;defi;42.759242432135736;1430.3481220414444
2025-02-14;8;defi;43.858954052178895;1249.6660634100122
2025-02-15;8;defi;23.56451572767499;1120.8032825132652
2025-02-16;8;defi;19.20376532631374;1009.8860930834428
2025-02-17;8;defi;29.618733699155086;395.5110324674842
2025-02-18;8;defi;50.05184847331588;1084.9867784972434
2025-02-19;8;defi;39.65054039840945;781.9160348227483
2025-02-20;8;defi;45.23807630074389;1198.9285726744026
2025-02-21;8;defi;66.72132694317425;1203.9926179217423
2025-02-22;8;defi;46.20400773482075;3046.656975958637
2025-02-23;8;defi;29.164219038354585;678.607688773462
2025-02-24;8;defi;56.729852153985675;1138.092290931736
2025-02-25;8;defi;86.63093313881654;1277.2933382957099
2025-02-26;8;defi;66.40272141356162;1147.268558648214
2025-02-27;8;defi;55.51540936548378;1521.0391572351375
2025-02-28;8;defi;84.82369465881142;2042.8328142738244
2025-03-01;8;defi;31.37679596946527;1251.5131876693558
2025-03-02;8;defi;37.419338560130356;1014.9458452696952
2025-03-03;8;defi;64.4892096982175;1107.7898590066036
2025-03-04;8;defi;56.574441781089035;1123.0131426190221
2025-03-05;8;defi;42.4172741197237;1054.9694415964893
2025-03-06;8;defi;45.78487946900239;1192.0036707200354
2025-03-07;8;defi;49.10327220064863;1128.3885178125793
2025-03-08;8;defi;22.340321248934014;1018.9063816469192
2025-03-09;8;defi;25.677609829326272;328.0429990550145
2025-03-10;8;defi;61.18777477119093;1222.0453315174839
2025-03-11;8;defi;51.06063467128543;1061.020143855048
2025-03-12;8;defi;44.1642774583051;1088.5076184731365
2025-03-13;8;defi;49.638716166000016;1131.4379008279957
2025-03-14;8;defi;46.66009354455232;328.5165226836495
2025-03-15;8;defi;22.94091626969912;264.2887494933156
2025-03-16;8;defi;20.857680188521815;226.51219689467618
2025-03-17;8;defi;40.37097108629983;316.4835263500048
2025-03-18;8;defi;44.85535105098495;1083.9126344521028
2025-03-19;8;defi;54.425365044672404;1136.5544121375071
2025-03-20;8;defi;49.273169244584395;1133.0697583741305
2025-03-21;8;defi;47.965995265020844;1135.270129306611
2025-03-22;8;defi;17.663662105628305;240.7326126142544
2025-03-23;8;defi;23.190591223637995;1007.374816746265
2025-03-24;8;defi;60.10128038070148;1150.9932964894226
2025-03-25;8;defi;45.12334063069974;459.43850679965277
2025-03-26;8;defi;45.761627730768375;2020.89716905531
2025-03-27;8;defi;46.85430521493425;1085.2051224532165
2025-03-28;8;defi;62.94690229077374;1367.8227654709933
2025-03-29;8;defi;29.146961054321373;1064.198408949928
2025-03-30;8;defi;25.291522981166512;1076.8557368683148
2025-03-31;8;defi;50.424085865040254;1049.9814243271453
2025-04-01;8;defi;45.40277007934209;1287.5795295167238
2025-04-02;8;defi;47.71672669677342;1232.1761454465093
2025-04-03;8;defi;46.47020984774937;1093.027721376068
2025-04-04;8;defi;43.609898346056916;1111.4746562760454
2025-04-05;8;defi;20.63176477937791;1066.527411670784
2025-04-06;8;defi;29.530074585213875;288.94022035400576
2025-04-07;8;defi;66.69747711945172;1289.9185255720115
2025-04-08;8;defi;52.554016115734726;1051.7196082822152
2025-04-09;8;defi;64.66321668914142;1086.6257703616006
2025-04-10;8;defi;53.46013646216958;1062.3997015665468
2025-04-11;8;defi;53.0510685740013;1095.6151082318097
2025-04-12;8;defi;39.744050583400835;1817.0655404740146
2025-04-13;8;defi;34.185494345987365;1067.3307815660796
2025-04-14;8;defi;49.39674090983407;1056.8935543501848
2025-04-15;8;defi;51.594678424106135;1087.697473568848
2025-04-16;8;defi;42.458223286302776;1036.5392323654578
2025-04-17;8;defi;41.640805189122645;1077.5864397593127
2025-04-18;8;defi;36.652212795616755;1063.4136942744599
2025-04-19;8;defi;19.874521877509242;305.10530229676914
2025-04-20;8;defi;24.43494750960109;1040.7349070656699
2025-04-21;8;defi;51.89917133628436;2193.3160367494006
2025-04-22;8;defi;68.51709331227624;1303.405896639319
2025-04-23;8;defi;62.88627638065501;1079.8539291989227
2025-04-24;8;defi;53.79599393282969;1058.408114836916
2025-04-25;8;defi;63.28860011648771;1090.0578830829493
2025-04-26;8;defi;28.242732050555563;273.6714241312238
2025-04-27;8;defi;27.22511481517619;1084.6498567427352
2025-04-28;8;defi;56.273588908863;1171.4022173708308
2025-04-29;8;defi;57.30955616798993;2037.176165038206
2025-04-30;8;defi;46.483018211337516;1134.947947119769
2025-05-01;8;defi;54.25792663324353;1259.7058019246813
2025-05-02;8;defi;45.50416553999472;1151.6927162061957
2025-05-03;8;defi;20.83941533627229;318.9154341460252
2025-05-04;8;defi;21.209481564623722;1015.1466729975178
2025-05-05;8;defi;46.08178909300921;1050.721953539103
2025-05-06;8;defi;49.316690829272794;1066.4512701870765
2025-05-07;8;defi;43.518713552197426;1086.566349079596
2025-05-08;8;defi;62.81880989537186;479.81909292897205
2025-05-09;8;defi;67.78598230201293;555.6619068668145
2025-05-10;8;defi;33.182152973723916;495.7598982571454
2025-05-11;8;defi;31.31052521553938;454.95528725184244
2025-05-12;8;defi;52.971915460377396;608.8642343406307
2025-05-13;8;defi;55.177620769919216;433.1090238532209
2025-05-14;8;defi;52.34428799859032;748.2315020525353
2025-05-15;8;defi;55.94051604510439;1213.3923772204344
2025-05-16;8;defi;44.632773996307264;651.0645692960403
2025-05-17;8;defi;26.197273035532305;568.8994892663146
2025-05-18;8;defi;23.60287992862514;663.9175173852428
2025-05-19;8;defi;42.21333478082981;460.23766888801663
2025-05-20;8;defi;48.082758413702855;796.8412527171312
2025-05-21;8;defi;61.632552741945545;1543.249192677978
2025-05-22;8;defi;53.142962416832724;523.6385512899182
2025-05-23;8;defi;64.24300589354603;571.0162086715861
2025-05-24;8;defi;22.74372282407217;611.999148063914
2025-05-25;8;defi;22.645922639612834;521.387399028613
2025-05-26;8;defi;32.859177042371236;455.39087944022197
2025-05-27;8;defi;44.69110250486005;464.61523163491285
2025-05-28;8;defi;40.45730341985062;694.7776591622484
2025-05-29;8;defi;48.52242684457015;512.3406415455154
2025-05-30;8;defi;46.26237745021732;518.4756147245034
2025-05-31;8;defi;23.661369671846046;452.14075075420726
2025-06-01;8;defi;18.91429144821664;460.8236919699869
2025-06-02;8;defi;40.08032397491554;368.6670667525029
2025-06-03;8;defi;46.63716739863828;467.189044050792
2025-06-04;8;defi;37.98024427409232;878.2603947783756
2025-06-05;8;defi;47.10527838879546;1125.1192176920042
2025-06-06;8;defi;48.80862010770653;711.3399732641265
2025-06-07;8;defi;22.68508695299814;315.4771282298464
2025-06-08;8;defi;18.29088262035331;721.4627486193986
2025-06-09;8;defi;53.503641176126955;678.141210753821
2025-06-10;8;defi;58.21676430360994;1153.0551275837352
2025-06-11;8;defi;51.857206174930724;1089.308133926659
2025-06-12;8;defi;44.335087168196516;1265.894024050142
2025-06-13;8;defi;57.76382898414076;913.0084559996708
2025-06-14;8;defi;21.715089554910882;451.57407941731486
2025-06-15;8;defi;21.396491123224905;501.6764684497112
2025-06-16;8;defi;45.49043543357411;1006.2117433806073
2025-06-17;8;defi;47.66360252450321;493.3906763153005
2025-06-18;8;defi;46.123921939305994;1167.7935986200755
2025-06-19;8;defi;29.43136074422305;567.3204768828815
2025-06-20;8;defi;55.116925011064666;776.0278558628308
2025-06-21;8;defi;30.345649744264193;362.1644899594109
2025-06-22;8;defi;41.2190274793847;807.2916578549901
2025-06-23;8;defi;51.04629319584034;563.0173569819067
2025-06-24;8;defi;47.36171157717147;539.0118928968024
2025-06-25;8;defi;41.73440201840195;934.1634026923826
2025-06-26;8;defi;40.584643185689586;758.3727642617575
2025-06-27;8;defi;36.22563257966912;461.1857349875063
2025-06-28;8;defi;19.358269614382635;488.0141990504314
2025-06-29;8;defi;22.07862549753079;460.9001550701887
2025-06-30;8;defi;41.90586528001581;499.32326375984917
2025-07-01;8;defi;40.82381358329049;891.2510437824797
2025-07-02;8;defi;47.53806402053558;489.2577291617984
2025-07-03;8;defi;47.70971359941682;1033.906314123291
2025-07-04;8;defi;33.020938554856755;394.5574824818036
2025-07-05;8;defi;15.34047560542898;440.6811871542284
2025-07-06;8;defi;16.34313766855734;473.9253785838293
2025-07-07;8;defi;37.10223933227304;821.1696908024735
2025-07-08;8;defi;33.86626510739507;536.8930946661594
2025-07-09;8;defi;47.31803185432381;755.3992318648993
2025-07-10;8;defi;58.18508563037032;493.0210042433151
2025-07-11;8;defi;66.35835740844283;809.7426188945868
2025-07-12;8;defi;31.721140381921057;506.827948751057
2025-07-13;8;defi;24.58711639086354;313.27924411703856
2025-07-14;8;defi;66.13983992334612;615.1732205810542
2025-07-15;8;defi;60.51243633844488;477.5359642660185
2025-07-16;8;defi;75.76639526461814;2203.300419184574
2025-07-17;8;defi;86.01043496830223;3299.0858750380007
2025-07-18;8;defi;97.82281380657821;1051.9453148085058
2025-07-19;8;defi;35.14172907179387;398.16975086729445
2025-07-20;8;defi;39.76045712198231;378.48381480257524
2025-07-21;8;defi;73.96728274083098;1003.7240021352089
2025-07-22;8;defi;69.00358010421608;510.6957547717856
2025-07-23;8;defi;71.49326882162588;708.5957241512548
2025-07-24;8;defi;75.18227670220593;2074.35874918517
2025-07-25;8;defi;90.77960522938419;969.9752903925158
2025-07-26;8;defi;36.10230835761352;317.70419112071295
2025-07-27;8;defi;40.199690910737026;350.1630706577921
2025-07-28;8;defi;71.57009777327619;519.457732029068
2025-07-29;8;defi;59.24052995411827;428.9795774681928
2025-07-30;8;defi;60.38744254419884;465.0491626956303
2025-07-31;8;defi;64.31392958268007;1004.0129825704227
2025-08-01;8;defi;65.32215035286842;868.2996055360617
2025-08-02;8;defi;30.753903922824026;353.789850236081
2025-08-03;8;defi;32.19456469436022;826.4372097185878
2025-08-04;8;defi;60.26071580079803;835.376219772126
2025-08-05;8;defi;57.240454049677545;883.2451791223444
2025-08-06;8;defi;52.70711779776011;1062.218995412709
2025-08-07;8;defi;60.10647778683036;387.47216589257056
2025-08-08;8;defi;67.77046856595423;824.7831566670092
2025-08-09;8;defi;47.97252648618584;547.8179727364537
2025-08-10;8;defi;37.65952395498163;516.5920671443095
2025-08-11;8;defi;74.85983827099628;941.5826057237149
2025-08-12;8;defi;80.51191292398774;791.3132842733614
2025-08-13;8;defi;88.87283134952216;754.4055515479444
2025-08-14;8;defi;112.65295512041548;2121.526465074263
2025-08-15;8;defi;91.4966643856026;1072.9212264984633
2025-08-16;8;defi;35.4835836739275;923.6392196637933
2025-08-17;8;defi;34.37134001096863;516.0369410136435
2025-08-18;8;defi;73.80586741879875;1262.6235320711478
2025-08-19;8;defi;73.38979245536328;601.335042661468
2025-08-20;8;defi;70.31847805640452;1644.9533669258244
2025-08-21;8;defi;54.641106740587006;409.76602138714924
2025-08-22;8;defi;91.99635597275545;1947.7012386389754
2025-08-23;8;defi;43.562562811656825;993.5777230630155
2025-08-24;8;defi;48.7237092786031;936.0118692630404
2025-08-25;8;defi;74.5123031830777;762.827743764979
2025-08-26;8;defi;68.25188944780788;1195.1648434075696
2025-08-27;8;defi;64.22895500688068;1507.7971136852998
2025-08-28;8;defi;62.473931437371675;1631.2579567920634
2025-08-29;8;defi;70.19331375313718;992.2388532069882
2025-08-30;8;defi;30.938771800113756;1150.125465466586
2025-08-31;8;defi;27.368449558045057;480.83072610816185
2025-09-01;8;defi;51.331908052278436;844.3622501105832
2025-09-02;8;defi;64.16299593619544;1580.5326328587762
2025-09-03;8;defi;62.01021530192834;941.5694989348965
2025-09-04;8;defi;66.63851091943842;2585.1231586167078
2025-09-05;8;defi;55.79488802071829;467.92343917097713
2025-09-06;8;defi;24.56997365577238;466.95999327272693
2025-09-07;8;defi;22.28475568731465;961.3264603622843
2025-09-08;8;defi;53.881626293996945;720.8010201313036
2025-09-09;8;defi;54.51075656332107;478.5538204589638
2025-09-10;8;defi;54.60904003642534;491.9143650956986
2025-09-11;8;defi;61.216121287616915;510.2350768147735
2025-09-12;8;defi;75.93152572511173;1071.5048946753896
2025-09-13;8;defi;40.58968007240024;474.36603447826565
2025-09-14;8;defi;34.15924148846754;1023.2498142890555
2025-09-15;8;defi;69.5023373440088;1482.5804485990486
2025-09-16;8;defi;73.66292044920989;2274.3041599806616
2025-09-17;8;defi;60.3035741810292;553.2052813659201
2025-09-18;8;defi;82.49074225360671;943.1049697323981
2025-09-19;8;defi;65.72811937455343;1098.8803123366881
2025-09-20;8;defi;31.575413695176632;787.0827500015562
2025-09-21;8;defi;32.522858195999234;2015.1299209264146
2025-09-22;8;defi;88.02840606992523;1312.1716232787992
2025-09-23;8;defi;69.73571083250258;798.4787105766193
2025-09-24;8;defi;77.32219291999233;869.9759093491192
2025-09-25;8;defi;105.38288492061336;1155.7362491613633
2025-09-26;8;defi;86.81674685209022;1139.702554793286
2025-09-27;8;defi;34.420676150472424;1031.9309037313453
2025-09-28;8;defi;25.68367135225705;516.6857605639603
2025-09-29;8;defi;67.4320871225004;2981.241328203546
2025-09-30;8;defi;72.56192644428417;759.7179311447153
2025-10-01;8;defi;67.74295360323907;1016.6588579653286
2025-10-02;8;defi;68.86372043255842;2014.4665203821642
2025-10-03;8;defi;69.39634042658818;820.0195102457045
2025-10-04;8;defi;33.18313990957542;1024.094166695902
2025-10-05;8;defi;35.22942669688634;772.790514390122
2025-10-06;8;defi;65.03789506040486;824.2110490817076
2025-10-07;8;defi;69.71786762417936;1005.1837455798898
2025-10-08;8;defi;67.55996059673924;760.4520000473252
2025-10-09;8;defi;63.09258469471126;1187.7826629036028
2025-10-10;8;defi;82.71115599777413;1156.235776083385
2025-10-11;8;defi;104.1594950199443;1354.6727550621138
2025-10-12;8;defi;47.38473019376581;846.5518585068064
2025-10-13;8;defi;65.75832555755598;1089.290664433852
2025-10-14;8;defi;84.48761605731691;767.2215879761177
2025-10-15;8;defi;66.59196663385903;1061.2740009276895
2025-10-16;8;defi;60.299542102557474;758.4397421973215
2025-10-17;8;defi;63.49291848513403;758.4699406841462
2025-10-18;8;defi;26.26524212331508;1007.7780911130804
2025-10-19;8;defi;28.00835930139731;767.2558516935069
2025-10-20;8;defi;54.009445091048306;780.703931617971
2025-10-21;8;defi;73.55142194896288;1300.52417033058
2025-10-22;8;defi;70.1888872641729;1707.9828054463374
2025-10-23;8;defi;64.00885072194569;765.5542410572774
2025-10-24;8;defi;59.709045328217314;1180.4721659106012
2025-10-25;8;defi;21.999466447522213;756.712831176635
2025-10-26;8;defi;30.850378259554137;785.6216586834654
2025-10-27;8;defi;58.234936427928965;802.154215013125
2025-10-28;8;defi;55.155045537526085;828.6232585058951
2025-10-29;8;defi;56.835972810078104;768.9591840400052
2025-10-30;8;defi;58.61163032737656;781.8559633457972
2025-10-31;8;defi;63.75402378501247;1237.1254071913213
2025-11-01;8;defi;33.754895883236614;937.5155748478297
2025-11-02;8;defi;22.440654414836132;685.2840645635886
2025-11-03;8;defi;64.60288516558775;880.2140801572202
2025-11-04;8;defi;81.23457943146305;1234.4942736600387
2025-11-05;8;defi;77.2164530331624;1511.7595193658274
2025-11-06;8;defi;63.9734656101978;922.442890392071
2025-11-07;8;defi;65.97133197281596;639.3454390438889
2025-11-08;8;defi;29.73682441568417;668.0182469758479
2025-11-09;8;defi;29.81684786704997;918.7798689468154
2025-11-10;8;defi;60.08123784844901;1045.379444329946
2025-11-11;8;defi;47.54907502317104;910.6763885961357
2025-11-12;8;defi;57.61866582335475;993.0593215393945
2025-11-13;8;defi;54.7501538548551;1080.9623802695232
2025-11-14;8;defi;60.166663978149245;910.2168367431623
2025-11-15;8;defi;28.068600871445067;1158.9392120145576
2025-11-16;8;defi;38.041807389955146;3010.540521232683
2025-11-17;8;defi;60.882551814815976;1048.9008626629575
2025-11-18;8;defi;63.91930731448764;675.100434939095
2025-11-19;8;defi;58.6093379436529;831.9762810113963
2025-11-20;8;defi;65.07926559946797;2103.992198230014
2025-11-21;8;defi;74.64307886396826;1148.062468186205
2025-11-22;8;defi;29.25987690556708;685.8261652497665
2025-11-23;8;defi;42.0689689896082;3014.3592850712016
2025-11-24;8;defi;55.42283370296104;991.3548994032428
2025-11-25;8;defi;52.09990303852142;923.7978168150481
2025-11-26;8;defi;48.27176122123915;945.1833041846427
2025-11-27;8;defi;37.451100010494656;617.2109513222825
2025-11-28;8;defi;50.53375777846794;911.0303423252933
2025-11-29;8;defi;25.49247723155595;735.1029552579687
2025-11-30;8;defi;18.1448553377985;742.0366003556433
2025-12-01;8;defi;62.02984509349644;1497.240268455163
2025-12-02;8;defi;50.65977464041268;1281.618276963937
2025-12-03;8;defi;51.223910842184566;672.5954903363873
2025-12-04;8;defi;45.27456138150271;625.382214666718
2025-12-05;8;defi;51.62702448972531;1052.5308081907926
2025-12-06;8;defi;20.73514263430385;706.0244611448178
2025-12-07;8;defi;17.45861198164827;719.8779325852875
2025-12-08;8;defi;44.79912090408572;1061.4687398657682
2025-12-09;8;defi;52.25643554069685;712.5240915544852
2025-12-10;8;defi;47.1316306391275;1018.1323502665659
2025-12-11;8;defi;52.45139503702375;1007.021335378814
2025-12-12;8;defi;44.043230437701574;795.6929148012476
2025-12-13;8;defi;21.111223250573925;904.472016218936
2025-12-14;8;defi;23.87145827923565;1028.5486074383873
2025-12-15;8;defi;46.24442700372401;957.0743600365089
2025-12-16;8;defi;43.71281008811137;619.8063877468151
2025-12-17;8;defi;44.00097697484587;843.1449805249637
2025-12-18;8;defi;43.08980835223319;940.6848493813268
2025-12-19;8;defi;44.31707646744641;633.5729337063083
2025-12-20;8;defi;16.741772718640668;903.4970774495034
2025-12-21;8;defi;14.25665661002374;905.7838780760101
2025-12-22;8;defi;38.24559014173379;609.4514390316916
2025-12-23;8;defi;46.63009155959503;996.2333942813029
2025-12-24;8;defi;38.694258681430284;1016.8309392102682
2025-12-25;8;defi;20.822606797271945;645.0467981195875
2025-12-26;8;defi;33.42305176617708;1123.3358018724405
2025-12-27;8;defi;17.842290059641176;908.0240511277
2025-12-28;8;defi;21.14805789516258;1624.4036889494541
2025-12-29;8;defi;51.30124069303917;708.5620511414071
2025-12-30;8;defi;51.05396943114124;1437.455739226794
2025-12-31;8;defi;47.90991187110346;963.975636852208
2025-01-01;8;asp;23.164516473798724;1018.2298446080615
2025-01-02;8;asp;32.489512969573546;1193.7038869296941
2025-01-03;8;asp;34.51501208361976;1043.6200043129522
2025-01-04;8;asp;12.900796944095148;220.87878536579936
2025-01-05;8;asp;9.957518760223376;158.10850872585354
2025-01-06;8;asp;35.29149290301814;1027.830162810484
2025-01-07;8;asp;42.938988720953155;1015.5899004612302
2025-01-08;8;asp;35.698469216496186;1045.1854305480624
2025-01-09;8;asp;33.12784538991464;1008.5002014478412
2025-01-10;8;asp;28.920876441402626;1029.0726916616168
2025-01-11;8;asp;10.14182737594405;205.52479145972595
2025-01-12;8;asp;10.836972390651315;339.13589858659043
2025-01-13;8;asp;39.4929785794665;1288.009968706929
2025-01-14;8;asp;30.326209574425825;1048.6313065904906
2025-01-15;8;asp;31.967176050453556;996.5564683189898
2025-01-16;8;asp;32.9060088765079;1027.6616602210397
2025-01-17;8;asp;40.59156156940663;1069.7266338331403
2025-01-18;8;asp;31.16526274564508;1026.613476102312
2025-01-19;8;asp;42.78812478622781;612.9224733263949
2025-01-20;8;asp;56.64311366113816;1213.1811164181854
2025-01-21;8;asp;53.19910080896471;862.4385578324926
2025-01-22;8;asp;37.225671414946035;1211.0426519044956
2025-01-23;8;asp;43.37901525814925;1035.4830667284675
2025-01-24;8;asp;35.32014939910457;598.6430872809102
2025-01-25;8;asp;14.48778328604541;476.54329617966306
2025-01-26;8;asp;11.457600997857256;211.33972791743338
2025-01-27;8;asp;42.32125697347601;1059.3686785988043
2025-01-28;8;asp;31.287416998878673;295.04858877978654
2025-01-29;8;asp;21.936148072816696;225.63159338006733
2025-01-30;8;asp;26.999726474088515;234.1957365269612
2025-01-31;8;asp;39.30940515219065;2017.597204187367
2025-02-01;8;asp;16.155113107682475;1011.7139497911745
2025-02-02;8;asp;23.558322025049016;274.8736764576311
2025-02-03;8;asp;77.19876374228855;1177.4567937355735
2025-02-04;8;asp;50.90218375072412;1244.161899157972
2025-02-05;8;asp;38.985511382084056;1210.2642970122263
2025-02-06;8;asp;33.87946442670669;1053.834313383823
2025-02-07;8;asp;36.226588534086744;937.1897252626603
2025-02-08;8;asp;17.11014595784755;334.67551443231986
2025-02-09;8;asp;15.927241155331398;1065.0312238217596
2025-02-10;8;asp;35.91340731957619;1013.4138554494242
2025-02-11;8;asp;30.708571272543217;1091.0244718406643
2025-02-12;8;asp;35.667715871843676;1065.9276165087213
2025-02-13;8;asp;30.291433376958967;1426.0308731434088
2025-02-14;8;asp;32.19087660158011;1210.5628264562806
2025-02-15;8;asp;13.62495645158855;1028.1538182116942
2025-02-16;8;asp;11.314925041424367;1008.5922110396665
2025-02-17;8;asp;20.47015479641262;251.83133451454057
2025-02-18;8;asp;36.23914251706253;1079.692852122285
2025-02-19;8;asp;28.441224726074207;775.7443717305027
2025-02-20;8;asp;32.152903239282175;1186.9519179837962
2025-02-21;8;asp;52.99738834211411;1189.13172988212
2025-02-22;8;asp;33.48282963780199;3044.764776884257
2025-02-23;8;asp;19.319970945804148;678.2480286824989
2025-02-24;8;asp;40.533773343358654;1106.762042061146
2025-02-25;8;asp;67.04675485265444;1234.8442153006115
2025-02-26;8;asp;47.637875071534644;1137.9993207776495
2025-02-27;8;asp;41.90680858221539;1519.4738697622624
2025-02-28;8;asp;66.20667824456598;2037.0750756444968
2025-03-01;8;asp;19.685471500267703;1212.3564577276684
2025-03-02;8;asp;24.94620832175644;1014.4273277104102
2025-03-03;8;asp;46.9066285337326;1095.8956542832034
2025-03-04;8;asp;41.72838419804136;1096.935629568612
2025-03-05;8;asp;30.283315251027048;1012.8800986718783
2025-03-06;8;asp;32.163866510465844;1151.6716073333048
2025-03-07;8;asp;37.01456548867939;1099.3706119701494
2025-03-08;8;asp;12.446534969859341;1014.4955141102943
2025-03-09;8;asp;12.664712170335376;280.55751846959953
2025-03-10;8;asp;46.592065936950036;1154.0653507502716
2025-03-11;8;asp;40.28629867269289;1048.0757913755294
2025-03-12;8;asp;34.89085255846;1028.9391542406515
2025-03-13;8;asp;34.15246063335407;1019.2997846562165
2025-03-14;8;asp;31.185564520924363;311.27819261270736
2025-03-15;8;asp;11.860087551914992;209.94284269861487
2025-03-16;8;asp;9.582062438395901;153.9479856945171
2025-03-17;8;asp;26.04595830006164;226.2186368032856
2025-03-18;8;asp;29.756202227377827;1067.218643832141
2025-03-19;8;asp;40.275996178106446;1131.8199373463174
2025-03-20;8;asp;34.984512506574454;1047.1978371349296
2025-03-21;8;asp;36.214476725597194;1131.5798551864011
2025-03-22;8;asp;10.144633066007506;216.3311669469561
2025-03-23;8;asp;12.33198871842396;1002.8986695607564
2025-03-24;8;asp;42.312457290887096;1069.081984307948
2025-03-25;8;asp;32.57712041029227;452.8546965684599
2025-03-26;8;asp;32.92338669193721;2001.820028037021
2025-03-27;8;asp;34.42488721782817;1077.572946640241
2025-03-28;8;asp;42.34547210248724;1342.7553036033476
2025-03-29;8;asp;15.282380217659071;1040.7616776244229
2025-03-30;8;asp;12.846105392482935;1004.0993758663193
2025-03-31;8;asp;34.950762671534534;1022.8876897251904
2025-04-01;8;asp;30.36683993589894;1246.762577175319
2025-04-02;8;asp;34.984453393155164;1221.8816745283007
2025-04-03;8;asp;33.513015167166394;1053.9840417007238
2025-04-04;8;asp;32.17981176408926;1064.5561145132624
2025-04-05;8;asp;10.124689716887005;1008.043931129782
2025-04-06;8;asp;15.193600461553203;234.6570838035477
2025-04-07;8;asp;49.20591904637704;1263.7249546477196
2025-04-08;8;asp;37.27917621918727;1050.6924270452973
2025-04-09;8;asp;46.20938975096847;1084.87090287312
2025-04-10;8;asp;36.63403056117792;1048.5419326980625
2025-04-11;8;asp;36.42859186610144;1054.7147388932385
2025-04-12;8;asp;20.97916597542854;1816.619745774109
2025-04-13;8;asp;19.03394120834046;1043.461976848401
2025-04-14;8;asp;31.60654377012578;1052.5510098035304
2025-04-15;8;asp;34.44467097793373;1063.4197813166188
2025-04-16;8;asp;26.206821128321668;1026.3890418108538
2025-04-17;8;asp;26.597016951320622;1030.8537246816522
2025-04-18;8;asp;20.88729190958661;1046.8201861563848
2025-04-19;8;asp;8.50449051782893;223.01757482865958
2025-04-20;8;asp;13.85124304331199;1010.7044014493407
2025-04-21;8;asp;35.58832218527158;1552.8324574886472
2025-04-22;8;asp;49.468211191625535;1302.010187930442
2025-04-23;8;asp;42.912658268737154;1052.1711486884608
2025-04-24;8;asp;39.9905713695558;1013.5182850203307
2025-04-25;8;asp;46.794204192999885;1082.4721437791973
2025-04-26;8;asp;17.816061654414998;236.4420418837036
2025-04-27;8;asp;15.850488660983586;1058.7790302346166
2025-04-28;8;asp;39.00704978216268;1098.5311190473858
2025-04-29;8;asp;41.45312088342596;2026.2705595604557
2025-04-30;8;asp;32.92761449445854;1058.3131716791427
2025-05-01;8;asp;39.81832161965743;1250.0368450135143
2025-05-02;8;asp;33.47044356166335;1063.4368604948572
2025-05-03;8;asp;10.324422901900574;318.823428007503
2025-05-04;8;asp;12.083731597009706;1013.380145091551
2025-05-05;8;asp;30.766493053994925;1008.726107978494
2025-05-06;8;asp;37.774811737839386;1047.4066936988029
2025-05-07;8;asp;32.62150951290243;1084.919042213596
2025-05-08;8;asp;49.12315082060166;453.87104932616376
2025-05-09;8;asp;52.85247385732878;551.4562429734527
2025-05-10;8;asp;21.506909636043204;334.150161104056
2025-05-11;8;asp;20.21536846155162;342.8465935355424
2025-05-12;8;asp;43.30466532116872;600.3718273444416
2025-05-13;8;asp;41.70974354749522;358.7570953889376
2025-05-14;8;asp;42.56313169896165;747.8054483271522
2025-05-15;8;asp;47.84979418825624;1211.2549666607804
2025-05-16;8;asp;37.549117472370774;636.8300687840291
2025-05-17;8;asp;18.1859036327893;522.3749092554896
2025-05-18;8;asp;15.95323875948524;509.29929285476663
2025-05-19;8;asp;35.52951941741878;445.19247146863677
2025-05-20;8;asp;38.60769749492421;795.9201215006035
2025-05-21;8;asp;53.68089518408437;1538.4051091339195
2025-05-22;8;asp;43.80199869564202;462.2650988932408
2025-05-23;8;asp;54.4473225662097;560.491040037056
2025-05-24;8;asp;14.924063819135789;604.8366136441012
2025-05-25;8;asp;15.63683660367094;309.1864815910569
2025-05-26;8;asp;26.577055297705712;351.80299206349224
2025-05-27;8;asp;36.71008366547183;377.82645591610293
2025-05-28;8;asp;33.79884348905453;552.4631126338807
2025-05-29;8;asp;40.79864805143391;507.68636359990074
2025-05-30;8;asp;39.726006482984545;422.1065536838511
2025-05-31;8;asp;18.491503625386045;416.3282142902575
2025-06-01;8;asp;14.556400762491293;355.31486054143596
2025-06-02;8;asp;35.026100013373885;333.57561406068635
2025-06-03;8;asp;40.16892823207001;456.9977172746444
2025-06-04;8;asp;32.76645251128411;877.9716558274496
2025-06-05;8;asp;40.5660334576866;1047.1700526435604
2025-06-06;8;asp;41.848679761546066;710.1461056649239
2025-06-07;8;asp;16.15396627679328;314.47796295255347
2025-06-08;8;asp;12.243440319479575;711.830063017226
2025-06-09;8;asp;43.532100095069524;648.6848242053665
2025-06-10;8;asp;47.66450517218546;1145.9176421784
2025-06-11;8;asp;42.79687897184473;1027.5898272818783
2025-06-12;8;asp;35.9561708011802;1252.176582265436
2025-06-13;8;asp;44.943949128022396;911.436212554737
2025-06-14;8;asp;13.98150585076525;410.8648800972092
2025-06-15;8;asp;10.89424271579536;309.1420086301535
2025-06-16;8;asp;34.202126864576115;1005.7296208382185
2025-06-17;8;asp;32.83137688679291;434.118699709061
2025-06-18;8;asp;33.70044779552972;1123.970376742695
2025-06-19;8;asp;20.98372712190153;564.6821247400768
2025-06-20;8;asp;44.4205345561736;735.7135597715175
2025-06-21;8;asp;17.075847638767303;333.5958810613992
2025-06-22;8;asp;27.698142659203683;806.8096797671077
2025-06-23;8;asp;38.158491385076175;531.2969979276963
2025-06-24;8;asp;38.82381352590836;532.721987883554
2025-06-25;8;asp;34.606788843097895;932.3467285855446
2025-06-26;8;asp;32.904856730987674;757.9663470800434
2025-06-27;8;asp;28.027836041942667;356.1137387244379
2025-06-28;8;asp;11.959082456188991;310.42907788393944
2025-06-29;8;asp;13.965277432595272;311.8912462674998
2025-06-30;8;asp;33.92906937470351;397.12399763355944
2025-07-01;8;asp;31.14448676348498;884.2263685344502
2025-07-02;8;asp;37.21407846571435;440.61171307976497
2025-07-03;8;asp;36.70608094224074;1027.7836384541117
2025-07-04;8;asp;24.654921387397344;300.8471122875363
2025-07-05;8;asp;9.811811527414156;293.4688830558495
2025-07-06;8;asp;10.380038845458063;291.56737156922776
2025-07-07;8;asp;30.903562230341795;820.4721569715251
2025-07-08;8;asp;27.136291456914122;533.9817557717258
2025-07-09;8;asp;39.394402302931624;675.4664928992613
2025-07-10;8;asp;49.32166096629783;474.4257675671049
2025-07-11;8;asp;56.010488985623795;806.448988088278
2025-07-12;8;asp;22.81253519714014;362.9560317135788
2025-07-13;8;asp;17.804231966301824;311.6673859494239
2025-07-14;8;asp;54.18515135545338;592.0711012724926
2025-07-15;8;asp;48.56989887904468;451.6304251593002
2025-07-16;8;asp;63.76001808743922;2188.9275315954123
2025-07-17;8;asp;74.19530655168265;3297.1559399064445
2025-07-18;8;asp;85.31669358253693;1042.5379799024875
2025-07-19;8;asp;26.713343604768973;287.0865831355025
2025-07-20;8;asp;27.522893507785287;367.4176287719164
2025-07-21;8;asp;56.516332125922446;995.3433515503134
2025-07-22;8;asp;51.014124196022216;495.82600599687936
2025-07-23;8;asp;55.16227312411146;698.5745722049695
2025-07-24;8;asp;60.30934065550032;2073.2434475641003
2025-07-25;8;asp;71.32323259410238;937.6996699855678
2025-07-26;8;asp;22.540928545643713;265.3403580912785
2025-07-27;8;asp;23.418074471006673;301.15864153085766
2025-07-28;8;asp;52.77190874444233;518.7707236768345
2025-07-29;8;asp;50.08928052142197;379.5293035693373
2025-07-30;8;asp;50.087337593923344;322.70406889876074
2025-07-31;8;asp;54.67234740272861;968.0061338561857
2025-08-01;8;asp;54.26816623939398;841.8713169571073
2025-08-02;8;asp;21.028832370006413;334.9530853004735
2025-08-03;8;asp;21.91514607519074;333.7909711229721
2025-08-04;8;asp;48.58673145155876;821.5481061394119
2025-08-05;8;asp;43.40433801955276;643.8719751455765
2025-08-06;8;asp;41.15671200645094;1026.2663373304636
2025-08-07;8;asp;46.309183302652656;351.9518592056652
2025-08-08;8;asp;53.15859246486771;808.9853223264911
2025-08-09;8;asp;33.48108401072609;415.764765567069
2025-08-10;8;asp;25.93976807116528;332.9879812330771
2025-08-11;8;asp;60.94044304219696;868.6396052947939
2025-08-12;8;asp;66.39688534889028;788.9397416433467
2025-08-13;8;asp;74.94832903372986;653.8297075628885
2025-08-14;8;asp;93.34401305050284;1595.9252264120157
2025-08-15;8;asp;76.00387061311156;1046.7697052046083
2025-08-16;8;asp;28.07060343043215;922.6496984546043
2025-08-17;8;asp;25.16872721647474;325.52234516276343
2025-08-18;8;asp;59.41717769740786;1225.1702046992414
2025-08-19;8;asp;55.59923958319039;587.8239788427177
2025-08-20;8;asp;57.90780278462814;1625.783851194875
2025-08-21;8;asp;44.07443760100208;317.61770454757624
2025-08-22;8;asp;79.42934136346096;1937.114227997648
2025-08-23;8;asp;35.996511004586644;977.1034974964942
2025-08-24;8;asp;38.90445756679889;626.2915302832622
2025-08-25;8;asp;63.16996795236196;727.0282345955068
2025-08-26;8;asp;59.18847702848227;1114.7006738811756
2025-08-27;8;asp;54.562110281900125;1462.963475609838
2025-08-28;8;asp;54.14900283261571;1182.1888783924194
2025-08-29;8;asp;59.09201605960433;977.2417963993654
2025-08-30;8;asp;25.882894381813284;1039.8819926169083
2025-08-31;8;asp;21.55898001048939;317.8781807214485
2025-09-01;8;asp;44.216991977895944;842.7939693672885
2025-09-02;8;asp;55.11909556515306;1541.7872139458118
2025-09-03;8;asp;53.36964996199437;910.2588098956675
2025-09-04;8;asp;58.215203201237415;2576.5241734697606
2025-09-05;8;asp;47.508838317597665;408.96871980652605
2025-09-06;8;asp;18.917253100378005;319.1520862450941
2025-09-07;8;asp;17.15328818649621;943.7563939728147
2025-09-08;8;asp;45.01537898809269;650.7049087150904
2025-09-09;8;asp;46.312878579535976;398.4778365047833
2025-09-10;8;asp;45.81478950370115;338.8842391702694
2025-09-11;8;asp;52.094815808751534;350.80606093634583
2025-09-12;8;asp;62.14948979902965;1063.3732291647061
2025-09-13;8;asp;29.829168887090752;342.3803934331147
2025-09-14;8;asp;24.765584069624843;1022.5612657388207
2025-09-15;8;asp;59.32654868943599;1462.7028959919683
2025-09-16;8;asp;64.27822506964252;2253.7614024983586
2025-09-17;8;asp;50.15938706890669;507.0772123431452
2025-09-18;8;asp;70.96327414130795;744.2857369837137
2025-09-19;8;asp;55.59710541075746;1089.724113156568
2025-09-20;8;asp;25.33985592825515;705.2569160064356
2025-09-21;8;asp;25.539864491149235;2012.8677876004497
2025-09-22;8;asp;72.62302251336513;1310.937120105674
2025-09-23;8;asp;56.98211749327475;591.927215279101
2025-09-24;8;asp;64.3938568613053;846.6729356798348
2025-09-25;8;asp;86.1689595178757;1110.89401160109
2025-09-26;8;asp;72.28669413215475;1127.015981279007
2025-09-27;8;asp;25.248508413987615;1026.0205494252573
2025-09-28;8;asp;18.39793240542583;510.4644750249367
2025-09-29;8;asp;57.734388222903895;2963.7592631721204
2025-09-30;8;asp;61.91368729486317;677.0923780942364
2025-10-01;8;asp;57.38001645923659;1013.3563783189778
2025-10-02;8;asp;58.02853017443415;2013.4528467889852
2025-10-03;8;asp;58.956456086328245;565.3574195713213
2025-10-04;8;asp;28.265346853780457;1015.9875304580271
2025-10-05;8;asp;28.635057802819315;515.2547383865459
2025-10-06;8;asp;56.217264366339286;569.4187314378687
2025-10-07;8;asp;57.79607428826579;999.4370117661266
2025-10-08;8;asp;56.07657316065689;699.2880804847124
2025-10-09;8;asp;51.54202830084913;1168.5336054151821
2025-10-10;8;asp;69.17233785118866;1130.5126303017003
2025-10-11;8;asp;90.72708067779615;1350.7537714803095
2025-10-12;8;asp;37.4278513413576;563.3413161272849
2025-10-13;8;asp;55.861817216171964;1087.3011313567602
2025-10-14;8;asp;71.00152620264274;598.1337206941784
2025-10-15;8;asp;55.85928224026108;1053.0278276077847
2025-10-16;8;asp;50.03800787160757;532.7033934148612
2025-10-17;8;asp;53.65970179688392;509.4778036436992
2025-10-18;8;asp;21.857091616782554;1006.2746419040558
2025-10-19;8;asp;22.770022228582594;516.2564995135228
2025-10-20;8;asp;45.740081743609004;574.0995394476492
2025-10-21;8;asp;62.51341555013829;1296.890924019969
2025-10-22;8;asp;59.723183841587485;1707.776191897962
2025-10-23;8;asp;54.59529190215486;616.7634494923659
2025-10-24;8;asp;50.308760216387576;1178.3966434367178
2025-10-25;8;asp;16.40072495167921;619.5520848237276
2025-10-26;8;asp;23.43583525501717;780.0734138394829
2025-10-27;8;asp;47.16867538633605;569.2449135267153
2025-10-28;8;asp;46.68817612492937;822.7656723097173
2025-10-29;8;asp;48.30209070290683;759.6130081284773
2025-10-30;8;asp;50.38494927115842;527.3545112275294
2025-10-31;8;asp;54.84179252608172;1097.8788068153608
2025-11-01;8;asp;27.66668566850256;926.3722779851995
2025-11-02;8;asp;18.03654877504745;681.8147015400555
2025-11-03;8;asp;55.17129026503546;793.3900609316411
2025-11-04;8;asp;68.82555720493131;1127.859971920676
2025-11-05;8;asp;66.26408172570065;1497.8322777285339
2025-11-06;8;asp;56.28482726480227;712.7987238871992
2025-11-07;8;asp;56.722746981307516;628.3000064822643
2025-11-08;8;asp;22.49651085561465;644.3173706659476
2025-11-09;8;asp;22.042396159650604;729.1717394999695
2025-11-10;8;asp;52.50769705983148;1044.0745265866635
2025-11-11;8;asp;40.647149608373624;626.1120219481207
2025-11-12;8;asp;50.58130306843279;864.3345056232049
2025-11-13;8;asp;47.405060172296174;1080.514356856408
2025-11-14;8;asp;52.34628654790745;687.6572235738504
2025-11-15;8;asp;22.76872306474528;1155.9384277632837
2025-11-16;8;asp;30.516894692448147;1585.2176133719604
2025-11-17;8;asp;52.189607334629514;1029.5000256108888
2025-11-18;8;asp;54.435722041331445;672.575998671317
2025-11-19;8;asp;50.199788266192805;763.4611848264607
2025-11-20;8;asp;55.968507524706986;1101.4672362195204
2025-11-21;8;asp;65.3226786568633;1120.2481740270102
2025-11-22;8;asp;23.734061573995312;683.4570301842607
2025-11-23;8;asp;37.05858097103969;3006.5226095015355
2025-11-24;8;asp;48.7865305138059;688.8589774879812
2025-11-25;8;asp;44.7672656111041;647.9591833418201
2025-11-26;8;asp;40.223492580282006;925.8529252276809
2025-11-27;8;asp;31.301700873529164;614.2345009664749
2025-11-28;8;asp;43.205145404628375;725.7009680912118
2025-11-29;8;asp;19.670697628041726;729.8537872307612
2025-11-30;8;asp;13.830253515759978;739.447139827901
2025-12-01;8;asp;52.19991471958457;1492.6210572395942
2025-12-02;8;asp;43.40660150278007;1257.9251931050892
2025-12-03;8;asp;43.50091151668952;672.2747294557265
2025-12-04;8;asp;38.54880916940674;623.3143611253751
2025-12-05;8;asp;42.479974677024785;1044.0202301087973
2025-12-06;8;asp;15.837863633756566;700.8240562122814
2025-12-07;8;asp;14.902695367276399;700.0349511222911
2025-12-08;8;asp;40.52129757316447;1058.1242317150343
2025-12-09;8;asp;46.12802329044868;699.2796781783684
2025-12-10;8;asp;41.55416368674083;1015.699987827574
2025-12-11;8;asp;46.164185813965744;710.8318554382158
2025-12-12;8;asp;38.1537207729543;711.1596893316057
2025-12-13;8;asp;15.801354589939933;692.2759239551457
2025-12-14;8;asp;18.345733845738778;1016.3181211043843
2025-12-15;8;asp;39.89900405599911;691.5510295775582
2025-12-16;8;asp;37.37130366792442;612.9363966679565
2025-12-17;8;asp;38.54032571039725;826.1067759341223
2025-12-18;8;asp;37.60494671953365;774.9373943005081
2025-12-19;8;asp;39.30414961518757;631.0825935775471
2025-12-20;8;asp;14.109453948991197;624.7695584115805
2025-12-21;8;asp;11.501573977208924;613.4073433524608
2025-12-22;8;asp;33.800519722806115;609.2588870268971
2025-12-23;8;asp;41.66570331593449;850.1273488053838
2025-12-24;8;asp;34.24979428832918;1011.4388671404619
2025-12-25;8;asp;17.885261037220765;616.7224034518877
2025-12-26;8;asp;29.272169312761157;833.5994992057645
2025-12-27;8;asp;14.88232743012805;614.3293174375176
2025-12-28;8;asp;16.91544112874778;814.4790940304016
2025-12-29;8;asp;45.76640382029682;599.8183519183291
2025-12-30;8;asp;45.73430411387898;1431.3587058789535
2025-12-31;8;asp;42.53760883962558;901.373762299586
2025-01-01;16;ttv;77.21105395597432;1493.3593894911803
2025-01-02;16;ttv;99.2486757828309;1833.40168535415
2025-01-03;16;ttv;107.05289417400442;1508.294445782935
2025-01-04;16;ttv;61.179138109181764;947.511159747587
2025-01-05;16;ttv;49.79786202842824;1015.511769111883
2025-01-06;16;ttv;108.72435965129723;2218.4969578453392
2025-01-07;16;ttv;125.1294696733103;1402.8111563723728
2025-01-08;16;ttv;124.87810022083477;1434.3923054549753
2025-01-09;16;ttv;113.79916299502575;1454.9528790489571
2025-01-10;16;ttv;120.93034967624371;1733.7500121528685
2025-01-11;16;ttv;60.62828679938949;1147.243657116592
2025-01-12;16;ttv;57.64266549760354;968.451435058854
2025-01-13;16;ttv;133.84907310822263;2478.4741589594996
2025-01-14;16;ttv;99.3049434217171;1644.921694996019
2025-01-15;16;ttv;107.46331640735424;1438.19232361449
2025-01-16;16;ttv;106.68285667803465;1531.8345637696132
2025-01-17;16;ttv;120.27092677896049;1541.5947556113545
2025-01-18;16;ttv;121.81700213127439;5333.111362200066
2025-01-19;16;ttv;145.53501387406007;6514.862160854035
2025-01-20;16;ttv;159.6980063280898;1484.5277707072964
2025-01-21;16;ttv;174.20133529989238;1715.9731822634226
2025-01-22;16;ttv;115.12360546711557;1791.5251241523235
2025-01-23;16;ttv;144.7076216476028;1496.5802321801834
2025-01-24;16;ttv;125.54591548423903;1166.1700878584409
2025-01-25;16;ttv;61.61427910089513;842.7588625024497
2025-01-26;16;ttv;62.19687676259809;909.3022386639019
2025-01-27;16;ttv;146.51456817955557;1230.9415199449022
2025-01-28;16;ttv;103.81308559385407;984.0129115815608
2025-01-29;16;ttv;97.28161283071145;1593.81291758673
2025-01-30;16;ttv;113.81986198425827;1312.534093307437
2025-01-31;16;ttv;165.92722521521583;2811.103401760886
2025-02-01;16;ttv;91.29284936341607;1610.6790030997229
2025-02-02;16;ttv;110.04608642316566;1078.1540374182587
2025-02-03;16;ttv;261.86591420553617;1936.6408182201956
2025-02-04;16;ttv;182.7366340179934;1894.738268289539
2025-02-05;16;ttv;141.13805579923624;1454.4171129841777
2025-02-06;16;ttv;127.28400710508555;1439.602779704233
2025-02-07;16;ttv;142.43023838398543;1121.4661099837015
2025-02-08;16;ttv;83.72774453124529;876.1293934361296
2025-02-09;16;ttv;79.72793745605553;2908.9975740922746
2025-02-10;16;ttv;141.58077125611507;2741.1654294687946
2025-02-11;16;ttv;123.55318141580646;1511.2761028751547
2025-02-12;16;ttv;134.71723225636524;1257.872230988777
2025-02-13;16;ttv;124.01875708049626;2231.56067118763
2025-02-14;16;ttv;130.9095769708732;2052.242189221268
2025-02-15;16;ttv;63.45440541012974;1819.9722222892358
2025-02-16;16;ttv;157.16719937976953;9251.24916167324
2025-02-17;16;ttv;81.51413099687393;570.2219311828543
2025-02-18;16;ttv;137.03035283357647;1664.4655981462142
2025-02-19;16;ttv;129.93801788462616;6631.074839526449
2025-02-20;16;ttv;124.32487178301318;1722.7703736242313
2025-02-21;16;ttv;199.7637364142211;2169.9383802448892
2025-02-22;16;ttv;120.36183989579237;3207.8145110741248
2025-02-23;16;ttv;96.46780362664204;1876.4312386275553
2025-02-24;16;ttv;168.66668932526522;1657.3774121378053
2025-02-25;16;ttv;244.5152869228554;3523.6623722514737
2025-02-26;16;ttv;187.57043730584613;3043.6664495811433
2025-02-27;16;ttv;150.6661153458086;3272.4496945580518
2025-02-28;16;ttv;244.53181838711967;2099.8620912665883
2025-03-01;16;ttv;88.04320887160192;2044.1374282393542
2025-03-02;16;ttv;110.9367266461918;1164.5837183904348
2025-03-03;16;ttv;172.4906120821987;1964.5150785781143
2025-03-04;16;ttv;182.83662213667535;1680.2014147402435
2025-03-05;16;ttv;146.3765236250265;1963.0895321523358
2025-03-06;16;ttv;160.01766978399152;6325.2034219028155
2025-03-07;16;ttv;168.7879758711175;2315.984849328766
2025-03-08;16;ttv;72.64005922373134;1382.9761081273614
2025-03-09;16;ttv;95.92368462922609;1012.2068443156111
2025-03-10;16;ttv;181.9618181419439;1744.61341002521
2025-03-11;16;ttv;150.74843069916776;1666.518197766911
2025-03-12;16;ttv;131.07107404026036;1494.0453388273527
2025-03-13;16;ttv;139.1799189438035;1527.0099320213244
2025-03-14;16;ttv;124.52842907542002;966.8071819132189
2025-03-15;16;ttv;72.86552169038526;1908.2441952917761
2025-03-16;16;ttv;68.51770650313811;650.9011379803947
2025-03-17;16;ttv;119.24818548401718;1160.2609575403371
2025-03-18;16;ttv;140.07016467796444;1501.471786930536
2025-03-19;16;ttv;153.40729226489552;1518.1831714345421
2025-03-20;16;ttv;150.5028607773067;1534.4964043989266
2025-03-21;16;ttv;182.70063869351605;12878.20031431917
2025-03-22;16;ttv;70.91152617489502;711.5010073082981
2025-03-23;16;ttv;88.02989857002125;1353.2070726954685
2025-03-24;16;ttv;166.7729201888315;1596.3195173982444
2025-03-25;16;ttv;154.99506931697613;3277.7049036557173
2025-03-26;16;ttv;150.9988940965712;9303.754905854097
2025-03-27;16;ttv;149.1463039323159;1650.2388916247005
2025-03-28;16;ttv;209.7034229857949;2887.0728189437186
2025-03-29;16;ttv;114.61050404722819;2641.8864057804294
2025-03-30;16;ttv;93.99627153370685;1427.2500266021823
2025-03-31;16;ttv;170.9610436141934;1591.5633962203997
2025-04-01;16;ttv;150.5067753559513;2103.2456727427207
2025-04-02;16;ttv;149.4063048230584;2119.575719371684
2025-04-03;16;ttv;152.1073122777457;1698.9082678439743
2025-04-04;16;ttv;169.1601891644926;1749.8514498953614
2025-04-05;16;ttv;83.75370430336163;1687.7122990925893
2025-04-06;16;ttv;115.99545462511614;1115.1817197364398
2025-04-07;16;ttv;217.80222648135225;2102.331628967992
2025-04-08;16;ttv;158.19194595004265;1516.766275717445
2025-04-09;16;ttv;201.37868091053346;1658.2298437908817
2025-04-10;16;ttv;146.0080694037711;1967.0512374980633
2025-04-11;16;ttv;163.67686512908006;2014.7954460826213
2025-04-12;16;ttv;123.76141153651682;3026.9852461368832
2025-04-13;16;ttv;117.76558482765894;2281.444379329303
2025-04-14;16;ttv;145.6993184295698;1504.390866136997
2025-04-15;16;ttv;155.46746430133928;1821.6186066698058
2025-04-16;16;ttv;134.60104702489903;1527.6096053329527
2025-04-17;16;ttv;137.44245792831717;2216.964152612822
2025-04-18;16;ttv;128.90843308742066;2155.348222938588
2025-04-19;16;ttv;62.258539366628284;642.6587121548125
2025-04-20;16;ttv;84.75774284364057;1418.4267476916452
2025-04-21;16;ttv;150.54178285106246;2700.580895895607
2025-04-22;16;ttv;197.4032358841458;1735.204354376864
2025-04-23;16;ttv;167.85244838537122;1483.9021380568854
2025-04-24;16;ttv;153.7521130793217;1477.3829932101619
2025-04-25;16;ttv;171.2435186919278;1593.2088162023865
2025-04-26;16;ttv;92.97563611028612;776.1944388607113
2025-04-27;16;ttv;97.68014193494332;1599.3333950532015
2025-04-28;16;ttv;167.71942519479998;1979.5168746046652
2025-04-29;16;ttv;172.68944074672356;2451.531392633246
2025-04-30;16;ttv;142.66581244437475;1724.2037493544512
2025-05-01;16;ttv;177.9862575551132;2748.489237648803
2025-05-02;16;ttv;134.55484302031476;1594.2231124611562
2025-05-03;16;ttv;78.44364345750486;827.6380161875846
2025-05-04;16;ttv;90.05900665542511;1524.8759594022547
2025-05-05;16;ttv;141.84046174910532;1531.010416302912
2025-05-06;16;ttv;174.67194212743428;4996.906578176161
2025-05-07;16;ttv;145.57015810425273;1628.9358746920216
2025-05-08;16;ttv;186.3307785299755;1405.174056762045
2025-05-09;16;ttv;198.37313889373618;1611.2916352631278
2025-05-10;16;ttv;117.17696966155475;875.0383898917464
2025-05-11;16;ttv;136.8760341330639;1222.9246843448714
2025-05-12;16;ttv;207.47101761053128;1342.866682099072
2025-05-13;16;ttv;236.96576287945044;5347.347915493355
2025-05-14;16;ttv;192.01135020544135;1913.763091596385
2025-05-15;16;ttv;176.02259144588479;1514.8501866111187
2025-05-16;16;ttv;155.70815115867936;1248.2432749274274
2025-05-17;16;ttv;124.54006711162205;1061.65206638772
2025-05-18;16;ttv;121.82889645959132;1361.1556694180554
2025-05-19;16;ttv;168.4295221031189;1285.3262550050981
2025-05-20;16;ttv;171.8047444518597;2414.948045070734
2025-05-21;16;ttv;193.84410036239527;1694.9178402591378
2025-05-22;16;ttv;164.28526487868734;880.9725624100674
2025-05-23;16;ttv;224.5586393026167;1554.2026006686344
2025-05-24;16;ttv;106.01808551736951;1880.747644371864
2025-05-25;16;ttv;106.14131454219773;1422.6390539246288
2025-05-26;16;ttv;114.4234342557968;1019.4301105021707
2025-05-27;16;ttv;146.77244790070415;1521.694755133601
2025-05-28;16;ttv;144.32145377958975;1399.4304639288957
2025-05-29;16;ttv;172.9617313702068;1466.2378497298928
2025-05-30;16;ttv;158.57540334495252;1239.5547282508417
2025-05-31;16;ttv;117.9767066425091;1382.8971570095578
2025-06-01;16;ttv;100.49231486027662;1225.0498589480594
2025-06-02;16;ttv;129.08019402561038;1262.8063960789605
2025-06-03;16;ttv;143.40352208498015;1384.2114573128256
2025-06-04;16;ttv;129.3030220271789;1068.59649461842
2025-06-05;16;ttv;142.64035919565148;1315.8071500787635
2025-06-06;16;ttv;162.28512627001012;1497.2814904355319
2025-06-07;16;ttv;89.77579242084083;942.5590782419508
2025-06-08;16;ttv;85.86364836017725;1141.9999146016362
2025-06-09;16;ttv;163.88967448849118;968.2521677313501
2025-06-10;16;ttv;201.16812400028297;1449.8986083420486
2025-06-11;16;ttv;171.0333030684095;1670.525325561835
2025-06-12;16;ttv;176.2707803715502;3011.1521384151138
2025-06-13;16;ttv;200.22073280404422;1861.6398005994124
2025-06-14;16;ttv;104.09479827967218;1801.9399509170078
2025-06-15;16;ttv;106.07767164526253;859.2397468063504
2025-06-16;16;ttv;158.92828529573165;1133.5319603092466
2025-06-17;16;ttv;163.4787091196909;1498.210200876223
2025-06-18;16;ttv;169.96900388099357;1458.1574326356194
2025-06-19;16;ttv;122.36561915936795;1738.4718291367294
2025-06-20;16;ttv;195.43288266036683;1966.1583442189683
2025-06-21;16;ttv;146.64682356294063;1929.6971367717256
2025-06-22;16;ttv;183.2144378639243;2257.1619058700926
2025-06-23;16;ttv;162.19299969107598;1267.2105598011954
2025-06-24;16;ttv;151.4429486924413;1921.721875150415
2025-06-25;16;ttv;118.57663516263345;1225.0776121992594
2025-06-26;16;ttv;150.92963337589785;2189.468139786374
2025-06-27;16;ttv;123.81407406532638;2026.8785365358447
2025-06-28;16;ttv;96.25076889941147;2593.342532739532
2025-06-29;16;ttv;118.32953910563843;2177.222848331013
2025-06-30;16;ttv;132.88659789014702;1705.3585146638334
2025-07-01;16;ttv;148.82316417837254;2027.0214580135055
2025-07-02;16;ttv;165.90457493615943;1876.456347296845
2025-07-03;16;ttv;153.0368677989632;1904.9707229370013
2025-07-04;16;ttv;117.0219210773615;2107.5762525525
2025-07-05;16;ttv;91.4414757397878;2016.6569372057645
2025-07-06;16;ttv;102.1555461165395;2289.490119343154
2025-07-07;16;ttv;126.40317500575115;1828.0604339093322
2025-07-08;16;ttv;125.97040922767214;1729.1650628724428
2025-07-09;16;ttv;169.42182280130032;1783.5475135201573
2025-07-10;16;ttv;205.72259293283784;15976.523097107729
2025-07-11;16;ttv;216.45800633719327;15982.579059035981
2025-07-12;16;ttv;149.04319934735676;1635.8410905168896
2025-07-13;16;ttv;121.59231519279852;1944.2565533118977
2025-07-14;16;ttv;218.55965254591015;2052.462692135482
2025-07-15;16;ttv;193.91874107934925;3068.0503012751897
2025-07-16;16;ttv;212.56759094587898;3248.7947950181683
2025-07-17;16;ttv;228.7284237935821;3375.2524658866573
2025-07-18;16;ttv;255.33942661737677;2432.654465621383
2025-07-19;16;ttv;119.87803873267211;1126.2458792657783
2025-07-20;16;ttv;165.4729006818177;1590.376586331572
2025-07-21;16;ttv;236.11563944470217;6596.779091769605
2025-07-22;16;ttv;209.39505351109887;1022.9310511623158
2025-07-23;16;ttv;213.35618046886538;1372.5837476347508
2025-07-24;16;ttv;232.93220899223957;2405.1444514972814
2025-07-25;16;ttv;310.5477335647111;2103.5417806854075
2025-07-26;16;ttv;155.40785694942758;999.4252939011155
2025-07-27;16;ttv;166.37965695651525;1113.872178195924
2025-07-28;16;ttv;259.7799919757301;1411.2646562586137
2025-07-29;16;ttv;234.7470476479542;1337.2509398237087
2025-07-30;16;ttv;190.49173418431505;1274.9356315275663
2025-07-31;16;ttv;200.61138182374333;1482.9488021109908
2025-08-01;16;ttv;275.7409713161981;2190.6055102302394
2025-08-02;16;ttv;197.0466050762929;1738.5443493702305
2025-08-03;16;ttv;181.36614594912552;1758.9978299946238
2025-08-04;16;ttv;233.87851798786292;1818.4264746637818
2025-08-05;16;ttv;220.59304994082876;1569.1275981994554
2025-08-06;16;ttv;250.42622924959906;2352.2780856717577
2025-08-07;16;ttv;235.13936444098752;1792.762199929919
2025-08-08;16;ttv;251.03502159123758;3001.061134031922
2025-08-09;16;ttv;242.49720252464274;2044.746040997447
2025-08-10;16;ttv;206.77452243356166;2176.2564670082215
2025-08-11;16;ttv;298.7219945888085;5579.98274843467
2025-08-12;16;ttv;312.5337472683839;2832.273809749875
2025-08-13;16;ttv;372.24448725559876;2912.5510678951578
2025-08-14;16;ttv;377.3853109097236;2230.1219017876133
2025-08-15;16;ttv;326.7461602807133;1902.85193145277
2025-08-16;16;ttv;249.16306099572455;5014.058411746425
2025-08-17;16;ttv;273.40093133283864;2421.487605518464
2025-08-18;16;ttv;375.0292854483683;3616.4102905075
2025-08-19;16;ttv;351.2496060220062;2444.9513603401792
2025-08-20;16;ttv;309.5714857072063;3068.8432064595795
2025-08-21;16;ttv;263.76669473434794;1619.7530154136928
2025-08-22;16;ttv;368.1125227300402;2350.45362768863
2025-08-23;16;ttv;274.8466058205377;1710.2914731672734
2025-08-24;16;ttv;393.9599414630202;3291.810894098199
2025-08-25;16;ttv;595.8538069020083;5434.842146513207
2025-08-26;16;ttv;417.94607946781593;4116.351859275622
2025-08-27;16;ttv;399.36874779287245;3242.578645398504
2025-08-28;16;ttv;351.7404337779943;4274.657405188957
2025-08-29;16;ttv;468.4524792606644;5787.487532166708
2025-08-30;16;ttv;284.1576780317033;2239.8517078033674
2025-08-31;16;ttv;329.0913107723349;4756.402061370671
2025-09-01;16;ttv;322.1785159113179;3510.4542007995974
2025-09-02;16;ttv;436.41518714965906;4882.406390959994
2025-09-03;16;ttv;292.4491395506176;2748.067170256847
2025-09-04;16;ttv;303.1084773859084;2991.8247072116724
2025-09-05;16;ttv;299.3217524262405;2065.8560829936846
2025-09-06;16;ttv;195.48447806738668;2041.4723065628689
2025-09-07;16;ttv;218.64202627371668;3450.050729996612
2025-09-08;16;ttv;286.5153026767108;2088.22357291124
2025-09-09;16;ttv;266.59424175607325;2054.5817533790014
2025-09-10;16;ttv;248.88860692528945;2306.9198372765936
2025-09-11;16;ttv;309.88087692350604;1817.297140043062
2025-09-12;16;ttv;324.9977861411209;2151.5119708808234
2025-09-13;16;ttv;252.6392204686848;2246.9299110686943
2025-09-14;16;ttv;295.29528568357966;2612.07757088638
2025-09-15;16;ttv;308.9212924461702;2457.592314341045
2025-09-16;16;ttv;232.39362192209;3428.0684146275935
2025-09-17;16;ttv;251.43545595962303;2067.4168462994467
2025-09-18;16;ttv;269.82557845454653;2657.8108749054772
2025-09-19;16;ttv;237.20687826752055;1615.3586062378358
2025-09-20;16;ttv;150.14921487853206;2060.349759635522
2025-09-21;16;ttv;217.61415999749198;3645.2833057271355
2025-09-22;16;ttv;336.79901910245115;2628.368149518889
2025-09-23;16;ttv;305.84147052577157;2738.5437352799963
2025-09-24;16;ttv;377.3486895740481;2990.3080771187224
2025-09-25;16;ttv;494.11473999725376;4175.520320072193
2025-09-26;16;ttv;367.00145490270353;2741.3322476157073
2025-09-27;16;ttv;332.9482861782735;2992.39360013276
2025-09-28;16;ttv;303.24503570683004;2372.89456107993
2025-09-29;16;ttv;330.8270493862566;3670.9586504245644
2025-09-30;16;ttv;350.62078653972185;4586.1525856097
2025-10-01;16;ttv;284.3548931149771;2241.011516962963
2025-10-02;16;ttv;271.57603292497316;3089.739575600734
2025-10-03;16;ttv;351.98340045448424;3757.255290513174
2025-10-04;16;ttv;273.2013908479198;3028.2917602303505
2025-10-05;16;ttv;627.8141750433795;16921.459337157175
2025-10-06;16;ttv;408.847301307564;9220.917077015625
2025-10-07;16;ttv;365.85097262973113;4461.521810788632
2025-10-08;16;ttv;380.71421107565993;2857.2548174892095
2025-10-09;16;ttv;602.6622409966938;8672.014380544375
2025-10-10;16;ttv;543.8223160084494;3773.0359740182225
2025-10-11;16;ttv;442.9720381727454;6414.865677016175
2025-10-12;16;ttv;506.4589616738231;16851.116546820107
2025-10-13;16;ttv;485.95624333798605;19229.520954723394
2025-10-14;16;ttv;697.3755928044732;15714.85160457381
2025-10-15;16;ttv;574.9830419558174;17649.96857453754
2025-10-16;16;ttv;503.3120210496271;14953.409001836071
2025-10-17;16;ttv;498.9473480584215;9366.174925233905
2025-10-18;16;ttv;248.97324230720696;3874.0571564962224
2025-10-19;16;ttv;540.1061096745336;12482.657367954343
2025-10-20;16;ttv;524.0129808202175;11224.391662644659
2025-10-21;16;ttv;954.8956239309108;20987.62764096373
2025-10-22;16;ttv;569.0241578896313;14316.053955034164
2025-10-23;16;ttv;648.522257986597;19107.456780833083
2025-10-24;16;ttv;376.9623508839423;5291.075697852722
2025-10-25;16;ttv;206.8805790284622;5832.290974009974
2025-10-26;16;ttv;329.6582511269039;6449.76735879084
2025-10-27;16;ttv;421.8334415147859;6494.433727737894
2025-10-28;16;ttv;413.5493659307045;10796.237529889717
2025-10-29;16;ttv;457.19124599916483;7539.544185971035
2025-10-30;16;ttv;829.3093696099446;30160.26882849724
2025-10-31;16;ttv;626.9545950138329;18547.028521620883
2025-11-01;16;ttv;386.2807686834065;4087.325804843792
2025-11-02;16;ttv;344.88098836371455;7924.388681374446
2025-11-03;16;ttv;568.9195722121862;10986.741079308944
2025-11-04;16;ttv;596.0644920472695;13154.425901424667
2025-11-05;16;ttv;435.9800386903367;7008.545557908264
2025-11-06;16;ttv;354.8483894122819;18304.635356153216
2025-11-07;16;ttv;336.6074389230171;10365.088728115186
2025-11-08;16;ttv;263.47972611837065;3306.9791706581154
2025-11-09;16;ttv;502.4344398246126;12270.957328368248
2025-11-10;16;ttv;423.7269379390115;12245.659271287315
2025-11-11;16;ttv;401.57479934417165;14643.91047547765
2025-11-12;16;ttv;453.1131396744938;11324.881659094552
2025-11-13;16;ttv;721.5998778151259;12211.397992231834
2025-11-14;16;ttv;579.6004941872839;11278.196491117784
2025-11-15;16;ttv;592.1560898218963;7817.3172572430385
2025-11-16;16;ttv;832.5042602431517;19112.9486313866
2025-11-17;16;ttv;627.0026754923047;8544.78169488589
2025-11-18;16;ttv;621.9505773312588;9565.215724852398
2025-11-19;16;ttv;594.8408131464877;6917.958971271394
2025-11-20;16;ttv;551.1466482351171;11205.233501825953
2025-11-21;16;ttv;768.2531865273135;8064.614439007526
2025-11-22;16;ttv;556.030052206685;5235.315290610151
2025-11-23;16;ttv;681.9064969277729;8370.495613287943
2025-11-24;16;ttv;649.1595264011279;7509.908359072856
2025-11-25;16;ttv;644.2957651049546;18545.262065887062
2025-11-26;16;ttv;840.0138599996666;9941.95160242319
2025-11-27;16;ttv;844.6409008180364;11596.60018525213
2025-11-28;16;ttv;896.543756447065;10710.484005648266
2025-11-29;16;ttv;665.986929196757;4458.703506641586
2025-11-30;16;ttv;744.5781782093725;8612.595625471724
2025-12-01;16;ttv;1273.4499434587528;16639.185509680992
2025-12-02;16;ttv;903.981829710424;7842.938350430584
2025-12-03;16;ttv;1414.3284719425687;9197.833724889673
2025-12-04;16;ttv;994.8632408517033;7644.985885222399
2025-12-05;16;ttv;1113.3551469176546;10807.208644002512
2025-12-06;16;ttv;563.2937836974179;8055.742884161652
2025-12-07;16;ttv;377.10462202333815;7152.662694981775
2025-12-08;16;ttv;322.88604549948604;4751.069932467685
2025-12-09;16;ttv;439.99776778958164;13820.223852390764
2025-12-10;16;ttv;461.0717612948624;13503.915081856043
2025-12-11;16;ttv;505.8082298327424;6990.472620631693
2025-12-12;16;ttv;508.7677545291531;6592.716597516999
2025-12-13;16;ttv;388.80102993317803;5981.804776835094
2025-12-14;16;ttv;625.647962002659;9506.924415966741
2025-12-15;16;ttv;745.9929585532744;12817.376712289524
2025-12-16;16;ttv;672.8576789532466;9684.28377657995
2025-12-17;16;ttv;865.7622126581011;15290.200591727207
2025-12-18;16;ttv;809.0764052730281;15537.034996682727
2025-12-19;16;ttv;692.6032599218195;9593.042573860332
2025-12-20;16;ttv;314.17234345892336;3330.9613617025393
2025-12-21;16;ttv;382.5178966339448;5709.74574704951
2025-12-22;16;ttv;528.6386190405483;4176.437402485282
2025-12-23;16;ttv;427.80548398487144;3291.4738250194964
2025-12-24;16;ttv;443.68043108346956;3933.923830117757
2025-12-25;16;ttv;416.81381081595686;4818.229553891775
2025-12-26;16;ttv;454.28189056168765;4006.9627302865774
2025-12-27;16;ttv;362.8676623446123;3375.0562050718327
2025-12-28;16;ttv;486.9858131684283;6285.377159833263
2025-12-29;16;ttv;701.805604540896;7259.701216575944
2025-12-30;16;ttv;547.3475844478365;4056.4489514371603
2025-12-31;16;ttv;492.86109295306403;4979.52048062281
2025-01-01;16;defi;55.241816506491176;1119.6747048270913
2025-01-02;16;defi;74.73772606512783;1422.7338584543018
2025-01-03;16;defi;79.33222777541566;1139.429812805002
2025-01-04;16;defi;34.463932485105104;338.7326932601124
2025-01-05;16;defi;25.5441659913853;181.19209911678058
2025-01-06;16;defi;79.10288344682371;1350.8575789521528
2025-01-07;16;defi;94.48040941698318;1187.5839620795632
2025-01-08;16;defi;85.06370428547523;1076.6358110379315
2025-01-09;16;defi;76.51359800579004;1102.058774678004
2025-01-10;16;defi;68.72404523502291;1093.1657685643295
2025-01-11;16;defi;29.65626200077078;234.98580557026858
2025-01-12;16;defi;29.35198081436024;511.5979212656291
2025-01-13;16;defi;91.26473218429089;1450.2718762104844
2025-01-14;16;defi;68.91648100603099;1081.3870545908896
2025-01-15;16;defi;72.29720241558383;1006.1649062008365
2025-01-16;16;defi;74.47332914453914;1156.6342778883677
2025-01-17;16;defi;93.35090244446702;1176.445544116594
2025-01-18;16;defi;71.62983070401691;1095.0934527274749
2025-01-19;16;defi;93.05636850729404;736.1013323792691
2025-01-20;16;defi;121.89123350664124;1331.5117254658671
2025-01-21;16;defi;117.52519859718005;1284.0961578454533
2025-01-22;16;defi;81.56559135985364;1230.6590905557537
2025-01-23;16;defi;98.50264676897163;1146.9818864478975
2025-01-24;16;defi;79.53685774720522;922.9801957528368
2025-01-25;16;defi;37.456403337764385;488.1666095585041
2025-01-26;16;defi;31.88927384483038;280.69413881389255
2025-01-27;16;defi;99.42340618850878;1223.9741292942886
2025-01-28;16;defi;71.38669447145966;343.32004734970377
2025-01-29;16;defi;57.08354850780577;338.7720086501306
2025-01-30;16;defi;69.38092827083592;364.30054347957616
2025-01-31;16;defi;91.33070688361263;2097.6111532260697
2025-02-01;16;defi;41.881151891613335;1034.6674305514482
2025-02-02;16;defi;63.03679509950773;600.2222245973024
2025-02-03;16;defi;174.94007956024367;1282.8841031998354
2025-02-04;16;defi;122.85472249556368;1531.6532337618173
2025-02-05;16;defi;93.54558362081926;1286.498931048935
2025-02-06;16;defi;84.09353348146028;1085.584365076819
2025-02-07;16;defi;95.23118513240836;1045.6255322991433
2025-02-08;16;defi;55.34639430582089;669.4694993438991
2025-02-09;16;defi;54.02767885724122;2090.7065213963515
2025-02-10;16;defi;91.44510340258826;2049.3836257776898
2025-02-11;16;defi;80.31836618342521;1131.7156524119537
2025-02-12;16;defi;89.73890975889273;1158.4358435043348
2025-02-13;16;defi;80.82210514483694;1463.288717054078
2025-02-14;16;defi;82.84849624623689;1344.0831933888971
2025-02-15;16;defi;44.48467594707412;1196.1925374503817
2025-02-16;16;defi;36.251669974194385;1035.0489787884044
2025-02-17;16;defi;55.95182920390936;462.30427382494275
2025-02-18;16;defi;94.4258763906875;1180.1353234209212
2025-02-19;16;defi;74.89423771145977;829.4005614500758
2025-02-20;16;defi;85.49521492888361;1249.450193759937
2025-02-21;16;defi;126.04628040210588;1773.3648961285455
2025-02-22;16;defi;87.22441120422477;3094.9260771444865
2025-02-23;16;defi;55.05101000630898;688.0439686662095
2025-02-24;16;defi;107.04773146876595;1216.3859745120326
2025-02-25;16;defi;163.75984294266522;1434.3149950572194
2025-02-26;16;defi;125.40092614161523;1177.6189832834534
2025-02-27;16;defi;104.55762155042986;1554.9981674969972
2025-02-28;16;defi;160.47314778298312;2073.2847527066797
2025-03-01;16;defi;59.23636549581382;1288.0516717209714
2025-03-02;16;defi;70.62293347179082;1156.1203626308104
2025-03-03;16;defi;121.74480681100361;1204.9513000431168
2025-03-04;16;defi;106.80046658505812;1254.0140807957823
2025-03-05;16;defi;80.1357840675942;1071.0050385385266
2025-03-06;16;defi;86.10911354239121;1261.959499245111
2025-03-07;16;defi;92.7249572445848;1163.2770193374338
2025-03-08;16;defi;42.23356618974217;1032.5485064386107
2025-03-09;16;defi;48.46665611724607;423.11670088736787
2025-03-10;16;defi;115.53957898716045;1287.790217233745
2025-03-11;16;defi;96.4793204129036;1121.004390433
2025-03-12;16;defi;83.33362630902727;1138.8040283362052
2025-03-13;16;defi;93.72227052095708;1170.388463381545
2025-03-14;16;defi;88.04493440754733;529.1545262219812
2025-03-15;16;defi;43.382798208268085;354.31747132285517
2025-03-16;16;defi;39.382142366170605;301.97533176779575
2025-03-17;16;defi;76.18046785302853;469.3110873900282
2025-03-18;16;defi;84.62030093078758;1135.0855778484856
2025-03-19;16;defi;102.89484048949566;1258.3709060954334
2025-03-20;16;defi;92.9327428156093;1191.8696166697405
2025-03-21;16;defi;90.68753868122698;1254.3042556723462
2025-03-22;16;defi;33.3637776021079;307.459734305599
2025-03-23;16;defi;43.76769704787238;1012.9278624062041
2025-03-24;16;defi;113.54658446350348;1216.3489147894206
2025-03-25;16;defi;85.21070746101014;590.3307687930545
2025-03-26;16;defi;86.41384938411818;3089.3964002148487
2025-03-27;16;defi;88.45834724947522;1298.2809460386488
2025-03-28;16;defi;118.92414260469212;2111.116464687617
2025-03-29;16;defi;54.98445759498552;1115.301222651252
2025-03-30;16;defi;47.83489548083;1079.746013680513
2025-03-31;16;defi;95.0610259462855;1100.8285610745663
2025-04-01;16;defi;85.72116398753765;1352.3811868463708
2025-04-02;16;defi;90.16131974451838;1255.9140664468673
2025-04-03;16;defi;87.81481232659033;1164.6322807139604
2025-04-04;16;defi;82.38231689384666;1143.5895009794936
2025-04-05;16;defi;38.92954298799502;1117.6874884955278
2025-04-06;16;defi;55.7551055349046;352.94766102842823
2025-04-07;16;defi;125.84535999218409;1314.5674197236342
2025-04-08;16;defi;99.31598976428332;1107.554981156028
2025-04-09;16;defi;122.07120925997663;1253.4373250370006
2025-04-10;16;defi;100.91266476679021;1338.108966988221
2025-04-11;16;defi;100.21065979186181;1157.305780246741
2025-04-12;16;defi;75.01323898232036;1886.4584254321612
2025-04-13;16;defi;64.54335965307858;1272.5971129367067
2025-04-14;16;defi;93.12535197347762;1141.9036541907478
2025-04-15;16;defi;97.59831850833244;1222.5321060309668
2025-04-16;16;defi;80.14657649882594;1132.8222446837308
2025-04-17;16;defi;78.62558625908753;1108.8733841999579
2025-04-18;16;defi;68.889046595682;1133.1144876930284
2025-04-19;16;defi;37.72488989056028;405.7854128903637
2025-04-20;16;defi;46.17647154278276;1069.3491634154116
2025-04-21;16;defi;97.99907424706532;2698.222827804851
2025-04-22;16;defi;129.40549477099302;1367.8588530228626
2025-04-23;16;defi;118.78443361686456;1109.6839689509436
2025-04-24;16;defi;101.6037763735745;1103.9700296565907
2025-04-25;16;defi;119.31465332095966;1189.8032877760945
2025-04-26;16;defi;53.376140865155314;463.03050980011454
2025-04-27;16;defi;51.445366920973505;1110.6381032086879
2025-04-28;16;defi;106.24515300081465;1287.156928199215
2025-04-29;16;defi;108.0416596668607;2058.980022885015
2025-04-30;16;defi;87.54533607880505;1184.338629565255
2025-05-01;16;defi;102.39779039936275;2014.2614169120566
2025-05-02;16;defi;85.73542821306172;1230.06484332719
2025-05-03;16;defi;39.3188550268062;462.4231139419764
2025-05-04;16;defi;40.0227323266063;1025.537270995518
2025-05-05;16;defi;86.70204801341288;1124.085383709913
2025-05-06;16;defi;93.05861536590672;1293.5915149025607
2025-05-07;16;defi;81.9585244289043;1126.116372096184
2025-05-08;16;defi;118.7285534162201;650.9165592191258
2025-05-09;16;defi;127.92091592905183;606.1181635320212
2025-05-10;16;defi;62.53996004430129;658.3454755382611
2025-05-11;16;defi;59.24966884817053;611.805704280834
2025-05-12;16;defi;100.01813566348709;728.9498404067447
2025-05-13;16;defi;104.13483146921202;575.9679374965755
2025-05-14;16;defi;98.82356821972184;883.2007854183738
2025-05-15;16;defi;105.4574278677556;1243.28142266257
2025-05-16;16;defi;84.36576486693748;754.2978420174767
2025-05-17;16;defi;49.43613433209811;633.7497232688403
2025-05-18;16;defi;44.569156946042234;881.6095071133506
2025-05-19;16;defi;79.68456692592473;584.3831789444105
2025-05-20;16;defi;90.8582292276371;821.6235520684061
2025-05-21;16;defi;116.41526017085341;1588.4564093411357
2025-05-22;16;defi;100.55401169030921;687.6843194747584
2025-05-23;16;defi;121.31322604754003;826.3683727437159
2025-05-24;16;defi;42.910767347931184;617.6239576954445
2025-05-25;16;defi;42.70194769827255;674.5346343791376
2025-05-26;16;defi;62.17243619829082;626.8828821121572
2025-05-27;16;defi;84.32626799671917;663.5001688226725
2025-05-28;16;defi;76.42928510044821;858.6005685474466
2025-05-29;16;defi;91.58717068917129;625.092065414121
2025-05-30;16;defi;87.45566832671533;555.1047778716149
2025-05-31;16;defi;44.74032020754714;606.7744650965972
2025-06-01;16;defi;35.61479041831764;619.9789138302082
2025-06-02;16;defi;75.67849479713827;665.5213697831072
2025-06-03;16;defi;88.05087678393015;596.7467153617293
2025-06-04;16;defi;71.62189516900956;896.7156150736167
2025-06-05;16;defi;89.02253997294879;1225.6265985145803
2025-06-06;16;defi;92.13786594757649;723.8462566592623
2025-06-07;16;defi;42.862590143195796;383.8444962007604
2025-06-08;16;defi;34.5726650758239;762.8780472011989
2025-06-09;16;defi;100.84053308413077;761.0924231385823
2025-06-10;16;defi;109.90040560373542;1176.7680090030842
2025-06-11;16;defi;97.99349643833598;1128.745462391315
2025-06-12;16;defi;83.682800429198;1301.5642796939426
2025-06-13;16;defi;109.08427933119313;968.9219363989665
2025-06-14;16;defi;41.061965568197046;564.5605017955304
2025-06-15;16;defi;40.343505430216176;658.4842610217942
2025-06-16;16;defi;85.77474778906222;1055.2307569904776
2025-06-17;16;defi;89.93747832420213;547.532088009696
2025-06-18;16;defi;87.192283628577;1262.4063106817514
2025-06-19;16;defi;55.6641035637133;724.5090063034731
2025-06-20;16;defi;103.8782186777197;872.3406770861314
2025-06-21;16;defi;57.28137408963382;514.7966813745626
2025-06-22;16;defi;77.85164997621501;865.8938169978386
2025-06-23;16;defi;96.20138311137208;670.7416666686643
2025-06-24;16;defi;89.46309591359899;612.2132129911221
2025-06-25;16;defi;78.81547684656128;947.1554137750975
2025-06-26;16;defi;76.61783826549488;870.835957881709
2025-06-27;16;defi;68.39168376272177;620.3014238980122
2025-06-28;16;defi;36.59853622938094;642.7506248345596
2025-06-29;16;defi;41.70819570324478;480.5526992541882
2025-06-30;16;defi;79.1013408940909;757.3948759380525
2025-07-01;16;defi;77.12232485780073;1045.9824936718373
2025-07-02;16;defi;89.78970258831407;579.5018138838738
2025-07-03;16;defi;90.08971940039027;1145.8480371420283
2025-07-04;16;defi;62.45854319449565;587.524862969251
2025-07-05;16;defi;28.889038921953947;585.1844445985371
2025-07-06;16;defi;30.847382244737215;635.6117467567178
2025-07-07;16;defi;70.08802942871445;848.9015379273636
2025-07-08;16;defi;63.9018730971757;558.9507809834414
2025-07-09;16;defi;89.30307100144763;781.4769216871899
2025-07-10;16;defi;109.69561220497727;549.7345239286284
2025-07-11;16;defi;125.3228826160931;941.3168808506193
2025-07-12;16;defi;59.90774580338446;715.998554136106
2025-07-13;16;defi;46.41629236855388;461.0224696948623
2025-07-14;16;defi;124.82240121533393;666.6706499609588
2025-07-15;16;defi;114.26492399160729;526.8702308400655
2025-07-16;16;defi;143.07592809811354;3205.710949188001
2025-07-17;16;defi;162.395514377063;3351.0794599994742
2025-07-18;16;defi;184.85494437695505;1631.4728990588203
2025-07-19;16;defi;66.24281736464657;525.6503789078082
2025-07-20;16;defi;75.1920234398843;559.2463666362512
2025-07-21;16;defi;139.72328342280846;1130.5472873940275
2025-07-22;16;defi;130.27780975863848;702.434949766903
2025-07-23;16;defi;135.01001951022255;930.5654036397041
2025-07-24;16;defi;141.9679407631497;2225.142668646549
2025-07-25;16;defi;171.56339170641422;1109.702592976082
2025-07-26;16;defi;68.14908477930045;424.18429662453076
2025-07-27;16;defi;75.91087783865535;458.3505960666339
2025-07-28;16;defi;135.1014509321995;935.3241940507959
2025-07-29;16;defi;111.91814813475881;554.771517412782
2025-07-30;16;defi;113.99842706331661;610.9363723863491
2025-07-31;16;defi;121.4088622164962;1040.968023479394
2025-08-01;16;defi;123.31120145330497;952.0785172046326
2025-08-02;16;defi;58.057330617184995;520.0067207316255
2025-08-03;16;defi;60.7890593755974;852.1964500742761
2025-08-04;16;defi;113.72632284847208;927.2896571397196
2025-08-05;16;defi;108.03580949640647;1114.3057283605133
2025-08-06;16;defi;99.62713860430709;1095.4024720240955
2025-08-07;16;defi;113.47319435375003;415.4767049130134
2025-08-08;16;defi;127.96312855599484;895.1545813824691
2025-08-09;16;defi;90.58073537769205;613.5986564302764
2025-08-10;16;defi;71.11169235983536;641.9877634809266
2025-08-11;16;defi;141.3846957144892;1632.6691690257717
2025-08-12;16;defi;152.02783598652954;890.171863907486
2025-08-13;16;defi;167.5813312762678;1156.4349388710136
2025-08-14;16;defi;212.7758349737798;2206.9555919502227
2025-08-15;16;defi;172.79837623741574;1345.2953631219561
2025-08-16;16;defi;67.04134696854406;1016.8883125202715
2025-08-17;16;defi;64.89462238665031;529.7676061296859
2025-08-18;16;defi;139.48167867945136;1327.1364658652146
2025-08-19;16;defi;138.56404295930258;724.605668903079
2025-08-20;16;defi;132.8387154968537;1685.6821996757083
2025-08-21;16;defi;103.14651460976575;461.58282013547137
2025-08-22;16;defi;173.90642638501367;1995.2391095774185
2025-08-23;16;defi;82.25043426633545;1032.1503851836806
2025-08-24;16;defi;92.0082255707912;958.4693275011632
2025-08-25;16;defi;140.5667050967622;1111.6029187447107
2025-08-26;16;defi;128.9990330428641;1268.63512328796
2025-08-27;16;defi;121.35170936542293;1580.22281593165
2025-08-28;16;defi;118.03383927484869;1754.5249413409529
2025-08-29;16;defi;132.5270516386635;1017.9833947019355
2025-08-30;16;defi;58.43557736083548;1168.8230532143104
2025-08-31;16;defi;51.69745637894396;645.470788972902
2025-09-01;16;defi;96.91727298873647;894.1025682413451
2025-09-02;16;defi;121.19547228995722;1747.2216443592993
2025-09-03;16;defi;117.02067684930302;1315.3657330070714
2025-09-04;16;defi;125.76001900937673;2651.4340960245745
2025-09-05;16;defi;105.40693424917075;626.1938055164659
2025-09-06;16;defi;46.33784064278748;619.417947667249
2025-09-07;16;defi;42.13649172013136;977.9450463071385
2025-09-08;16;defi;101.80788868409138;769.8978732722629
2025-09-09;16;defi;102.99499087651508;633.8351837509495
2025-09-10;16;defi;103.19228580028053;653.5168786778573
2025-09-11;16;defi;115.61832825265611;676.7951334530118
2025-09-12;16;defi;143.22188376812883;1213.3032020128107
2025-09-13;16;defi;76.7594680294054;628.4534679530726
2025-09-14;16;defi;64.45199021807449;1044.0802458642133
2025-09-15;16;defi;131.2210674158594;1788.2754150192452
2025-09-16;16;defi;139.0232716690091;3326.3322586750546
2025-09-17;16;defi;113.92323217178132;710.3416905795613
2025-09-18;16;defi;155.87704615640294;1127.681106558273
2025-09-19;16;defi;124.08834204049674;1194.2115634224126
2025-09-20;16;defi;59.620694299950294;1096.165682471076
2025-09-21;16;defi;61.303103632563214;2027.0932381350226
2025-09-22;16;defi;166.11561887424415;1531.332820167133
2025-09-23;16;defi;131.72299539415687;1117.669110062446
2025-09-24;16;defi;145.9191202183064;1072.0629939308533
2025-09-25;16;defi;199.04963490573962;1246.1703590915483
2025-09-26;16;defi;164.03308430160953;1689.0246383843971
2025-09-27;16;defi;64.99302579552808;1057.5756601181795
2025-09-28;16;defi;48.49750871981064;528.1558327123468
2025-09-29;16;defi;127.33343188047355;3000.4829155893194
2025-09-30;16;defi;137.09309370499486;1026.7234187449667
2025-10-01;16;defi;127.88377288506432;1129.43640964947
2025-10-02;16;defi;129.88658764263184;2037.596458052739
2025-10-03;16;defi;131.0378109343458;1104.1051411183114
2025-10-04;16;defi;62.51833581255458;1039.710427042858
2025-10-05;16;defi;66.54149235810864;1038.935105760794
2025-10-06;16;defi;122.61560520435647;1303.8054518654328
2025-10-07;16;defi;131.87050390469813;1099.247417114912
2025-10-08;16;defi;127.65597712732075;835.900134424054
2025-10-09;16;defi;119.12836968685527;1317.8781445317784
2025-10-10;16;defi;156.1782672626087;1318.253281548408
2025-10-11;16;defi;196.60396289141727;1534.3037247775992
2025-10-12;16;defi;89.42592256084399;860.8525643852782
2025-10-13;16;defi;124.15424021261725;1250.5762275186958
2025-10-14;16;defi;159.47092486354126;1042.9715541028909
2025-10-15;16;defi;125.89116006683768;1122.9656245388508
2025-10-16;16;defi;113.81162730150375;1017.2937248041412
2025-10-17;16;defi;119.93022057348279;1018.9869386618351
2025-10-18;16;defi;49.56123607187081;1021.5204141261516
2025-10-19;16;defi;52.866699868614226;1044.2941984589354
2025-10-20;16;defi;101.8064440436067;1059.8588558439028
2025-10-21;16;defi;139.09501354536627;1516.05058338667
2025-10-22;16;defi;132.47732932670527;2521.511335918612
2025-10-23;16;defi;120.79714657228476;1028.6598518030123
2025-10-24;16;defi;112.61031663146242;1603.9828634261942
2025-10-25;16;defi;41.569897618515604;1020.6575148365885
2025-10-26;16;defi;58.28333064105617;1036.984179661462
2025-10-27;16;defi;109.84235547002451;823.0835634148482
2025-10-28;16;defi;104.05595778454341;855.4370631920557
2025-10-29;16;defi;107.34791082881215;853.8659928889564
2025-10-30;16;defi;110.68450667399213;827.2923992387671
2025-10-31;16;defi;120.4366105596523;1316.8238020093254
2025-11-01;16;defi;63.770647204427995;1248.989567084926
2025-11-02;16;defi;42.370446995944484;993.2503554963564
2025-11-03;16;defi;121.90353245161388;1362.0720908755789
2025-11-04;16;defi;153.2813073270724;1292.5667106441897
2025-11-05;16;defi;145.9830411482677;1871.3992466315804
2025-11-06;16;defi;120.94286619217588;952.2198459234812
2025-11-07;16;defi;124.58500542689127;711.5896262582457
2025-11-08;16;defi;56.26827403194698;1003.4569397035121
2025-11-09;16;defi;56.30742074820063;981.3766289187269
2025-11-10;16;defi;113.40638724335302;1233.5314871382338
2025-11-11;16;defi;89.8396656891986;926.1616849896761
2025-11-12;16;defi;108.64543618556552;1353.565677106532
2025-11-13;16;defi;103.3654456872478;1123.8833609554024
2025-11-14;16;defi;113.63121587464464;1001.3419092266764
2025-11-15;16;defi;53.02710576049198;1176.895752616373
2025-11-16;16;defi;71.99362188439633;3053.5608111550973
2025-11-17;16;defi;114.66617988191445;1075.491640188148
2025-11-18;16;defi;120.73711525714097;943.9496102891677
2025-11-19;16;defi;110.70175909149188;1143.1502325992983
2025-11-20;16;defi;122.8924481180702;2207.7152121370646
2025-11-21;16;defi;140.88606042773512;1360.644326206048
2025-11-22;16;defi;55.28801494675262;911.9118533904034
2025-11-23;16;defi;79.69563214219394;3025.8677156696854
2025-11-24;16;defi;104.48994486446465;1019.1274941930404
2025-11-25;16;defi;98.49546881617776;932.321407897565
2025-11-26;16;defi;91.13393314077665;995.80731102572
2025-11-27;16;defi;70.62318177683444;937.702722025469
2025-11-28;16;defi;95.46070649957926;948.3337505501721
2025-11-29;16;defi;48.16608316765124;941.5984425711275
2025-11-30;16;defi;34.019976886961665;945.2539065571707
2025-12-01;16;defi;117.29459549693264;1580.4034604548963
2025-12-02;16;defi;95.69723207499038;2268.902888274894
2025-12-03;16;defi;96.56790189831273;1032.0816168304054
2025-12-04;16;defi;85.14763486332599;662.8904231336313
2025-12-05;16;defi;97.5725295469799;1073.4624358020149
2025-12-06;16;defi;39.273887764967284;1011.5261471072301
2025-12-07;16;defi;32.938212868597425;1023.5388952842388
2025-12-08;16;defi;84.54845982067071;1315.703980673923
2025-12-09;16;defi;98.74298594257553;1021.2384695466751
2025-12-10;16;defi;88.91571167777201;1092.1969201332993
2025-12-11;16;defi;98.96038900533556;1114.4431417863539
2025-12-12;16;defi;83.11829709827633;1026.4727429722936
2025-12-13;16;defi;39.812018602128056;1211.083814232195
2025-12-14;16;defi;44.97851311395688;1082.7587499606109
2025-12-15;16;defi;87.23106003750667;996.8611571303401
2025-12-16;16;defi;82.49406547719111;924.8251227374836
2025-12-17;16;defi;83.013328453058;1064.675840800061
2025-12-18;16;defi;81.36802071742382;1116.0038988883778
2025-12-19;16;defi;83.69450645635155;1013.3371823008805
2025-12-20;16;defi;31.63415762692469;945.080720500681
2025-12-21;16;defi;26.915595412459098;919.0162716093043
2025-12-22;16;defi;72.22028661449694;918.3485078647373
2025-12-23;16;defi;88.1556799695782;1299.5821814622009
2025-12-24;16;defi;73.10632680062686;1042.6219284913705
2025-12-25;16;defi;39.293004555300534;931.9827604306464
2025-12-26;16;defi;63.24111275013056;1148.760722699063
2025-12-27;16;defi;33.64635792725111;1211.6265677355127
2025-12-28;16;defi;39.71288582979466;1630.7785810896628
2025-12-29;16;defi;96.96657162124866;770.1717914462762
2025-12-30;16;defi;96.31806142020501;1637.2476370205986
2025-12-31;16;defi;90.51567134994647;985.6332245848596
2025-01-01;16;asp;41.2281116668427;1030.6980756911412
2025-01-02;16;asp;57.218305839583664;1268.3029623219923
2025-01-03;16;asp;60.87390047881156;1054.1687897510792
2025-01-04;16;asp;22.482783489381355;225.64445039436814
2025-01-05;16;asp;17.581543951788486;170.30376758665594
2025-01-06;16;asp;62.075791218339084;1248.1347255837245
2025-01-07;16;asp;75.47810352132645;1033.4407162604562
2025-01-08;16;asp;62.98214526078619;1071.904373738781
2025-01-09;16;asp;58.18770583615488;1013.7276179267272
2025-01-10;16;asp;50.273706378967;1070.9883855032895
2025-01-11;16;asp;17.810625727556335;215.6424692591888
2025-01-12;16;asp;19.130539657457017;369.77191788866304
2025-01-13;16;asp;69.71853687556982;1418.8840352912996
2025-01-14;16;asp;53.53282340124233;1076.535929629412
2025-01-15;16;asp;56.30987874772809;1005.042649386165
2025-01-16;16;asp;58.19741578476277;1140.9741814502217
2025-01-17;16;asp;71.42778122330157;1105.8972334403484
2025-01-18;16;asp;54.55722186337485;1047.949596529736
2025-01-19;16;asp;75.55792425771287;671.5964332719786
2025-01-20;16;asp;99.39106018305883;1247.2351490973715
2025-01-21;16;asp;92.98979584720246;898.413593942597
2025-01-22;16;asp;65.43152527835414;1222.904771573238
2025-01-23;16;asp;76.31095810781385;1136.7306501328442
2025-01-24;16;asp;62.23087118140729;618.2482013809097
2025-01-25;16;asp;25.867753803388403;486.1411443478374
2025-01-26;16;asp;20.235016532395527;234.69094084779405
2025-01-27;16;asp;74.712227000135;1139.65195780191
2025-01-28;16;asp;55.41562732850981;335.80110495168543
2025-01-29;16;asp;38.698321813166196;256.84088223893946
2025-01-30;16;asp;47.41038193532404;266.1352298434497
2025-01-31;16;asp;69.74924256582499;2077.768249916597
2025-02-01;16;asp;28.618804434973764;1020.3818376426024
2025-02-02;16;asp;41.63986598130514;300.6790794397896
2025-02-03;16;asp;134.72330413654808;1223.5437371237572
2025-02-04;16;asp;90.49502050741482;1346.0613764087655
2025-02-05;16;asp;69.50277447071976;1231.9586207879352
2025-02-06;16;asp;60.235307494767575;1076.992901730576
2025-02-07;16;asp;64.39816615411877;981.1541903732016
2025-02-08;16;asp;30.166066455723886;343.52879941925573
2025-02-09;16;asp;28.735077220639106;2070.693359783498
2025-02-10;16;asp;64.0491715012494;2011.3746571985946
2025-02-11;16;asp;54.23425662601404;1123.4681047041645
2025-02-12;16;asp;62.62873621011051;1115.3766870194668
2025-02-13;16;asp;53.51287723743875;1451.9900722020677
2025-02-14;16;asp;57.30578622681199;1227.3530069079914
2025-02-15;16;asp;24.471599033742205;1036.8299540824487
2025-02-16;16;asp;20.277375981248813;1017.4181224647493
2025-02-17;16;asp;35.85157556269456;276.45215160256043
2025-02-18;16;asp;63.59690507115227;1102.3889974296806
2025-02-19;16;asp;50.44675290536903;815.6174914682094
2025-02-20;16;asp;57.0647327384964;1213.5852402651215
2025-02-21;16;asp;94.09046129273739;1422.4469555856272
2025-02-22;16;asp;60.385070783717254;3073.231322469754
2025-02-23;16;asp;34.305098794815116;681.1934638954539
2025-02-24;16;asp;70.97020996673395;1177.924877349767
2025-02-25;16;asp;118.74293350185333;1371.2752551886608
2025-02-26;16;asp;83.21508668436095;1161.585465520327
2025-02-27;16;asp;73.55876689322523;1547.952680298889
2025-02-28;16;asp;117.47152253796644;2057.6001698396635
2025-03-01;16;asp;35.24617464306592;1215.7228803578544
2025-03-02;16;asp;43.50537091851279;1021.9749310194184
2025-03-03;16;asp;83.17287249245847;1175.9853557837869
2025-03-04;16;asp;74.35106764994279;1227.702946926532
2025-03-05;16;asp;53.695124602965286;1027.1255668775543
2025-03-06;16;asp;57.043599690046904;1188.251346076776
2025-03-07;16;asp;66.12209435996768;1126.0064886626915
2025-03-08;16;asp;22.418093366166516;1021.2796765041713
2025-03-09;16;asp;22.121322363849682;293.04691983316343
2025-03-10;16;asp;82.48322668193882;1191.6185854101036
2025-03-11;16;asp;71.52959292367696;1088.0108950935303
2025-03-12;16;asp;61.97229840053682;1063.4251493843383
2025-03-13;16;asp;60.8474734080231;1055.0987269700076
2025-03-14;16;asp;54.82643701040134;345.6661451816873
2025-03-15;16;asp;20.86961835766997;227.143958520598
2025-03-16;16;asp;16.770791857672666;205.4659577738678
2025-03-17;16;asp;45.585771336238615;271.8754793833571
2025-03-18;16;asp;51.47004674910309;1099.006418035625
2025-03-19;16;asp;71.83461604188952;1154.2371294275742
2025-03-20;16;asp;61.856637934574046;1097.612683800613
2025-03-21;16;asp;64.42840768634757;1220.205041800844
2025-03-22;16;asp;17.836964416053828;220.6333958700387
2025-03-23;16;asp;21.927514219994716;1006.3688187748555
2025-03-24;16;asp;74.68346249761443;1089.0838854877125
2025-03-25;16;asp;57.14244041901688;483.00638096472244
2025-03-26;16;asp;58.411108734440525;3065.938567049425
2025-03-27;16;asp;60.53303719377412;1224.28173562406
2025-03-28;16;asp;74.3273496573201;2032.397308447519
2025-03-29;16;asp;27.415102159907445;1045.966836030019
2025-03-30;16;asp;22.424451857318218;1005.9788091722363
2025-03-31;16;asp;61.341399554948104;1070.8983036949385
2025-04-01;16;asp;53.58734739110054;1265.2295848566157
2025-04-02;16;asp;62.068053502779314;1241.587645483257
2025-04-03;16;asp;59.54113915967704;1131.513365503042
2025-04-04;16;asp;57.09063999244829;1083.396944701438
2025-04-05;16;asp;18.12505050841947;1013.9297421689256
2025-04-06;16;asp;26.598547030784673;267.784195100485
2025-04-07;16;asp;86.91162740275844;1276.125931260066
2025-04-08;16;asp;66.20935681260791;1056.6913367200098
2025-04-09;16;asp;82.147343657688;1109.0280880199527
2025-04-10;16;asp;64.66955167595451;1240.9845462067308
2025-04-11;16;asp;64.46101757991642;1100.568543208308
2025-04-12;16;asp;36.80203246644965;1831.8832403646252
2025-04-13;16;asp;34.200230175194015;1229.0618522794214
2025-04-14;16;asp;55.72106674503048;1113.9076802206089
2025-04-15;16;asp;61.453215815318075;1144.2199181621143
2025-04-16;16;asp;46.37455378431567;1057.6713482219611
2025-04-17;16;asp;46.989132002820284;1048.6666837368157
2025-04-18;16;asp;36.90878003617404;1097.8867682534594
2025-04-19;16;asp;15.248692764753889;224.85712448096743
2025-04-20;16;asp;25.23454884131432;1017.0360118513405
2025-04-21;16;asp;63.39699887513902;2009.2360790353266
2025-04-22;16;asp;86.61301401668203;1316.687238270337
2025-04-23;16;asp;75.6172949474069;1074.6595608707692
2025-04-24;16;asp;70.49782267700597;1031.3950784818683
2025-04-25;16;asp;82.46412269289489;1146.939963463373
2025-04-26;16;asp;31.363479295846663;284.6826532641455
2025-04-27;16;asp;28.069901893282054;1086.296259611107
2025-04-28;16;asp;68.6005207066054;1239.2784943133615
2025-04-29;16;asp;74.03607249740736;2036.367509962196
2025-04-30;16;asp;58.43529326051687;1076.886876550806
2025-05-01;16;asp;71.57346731364603;2008.8054798701346
2025-05-02;16;asp;59.9148873727743;1097.6408284859378
2025-05-03;16;asp;17.954556579634314;325.85697873954337
2025-05-04;16;asp;21.41265566377637;1021.389092956991
2025-05-05;16;asp;53.80342327615324;1073.5184597545003
2025-05-06;16;asp;67.43226122079031;1262.4846841864114
2025-05-07;16;asp;57.05544279284494;1108.1549925282422
2025-05-08;16;asp;86.26014710935647;488.4809023255996
2025-05-09;16;asp;92.43828125443827;596.4567315141483
2025-05-10;16;asp;37.85017146493736;341.593231329792
2025-05-11;16;asp;35.97169872777023;410.4441539928045
2025-05-12;16;asp;75.88663960401931;620.2496254924137
2025-05-13;16;asp;73.07032061324554;390.661390359712
2025-05-14;16;asp;75.14535318282671;878.2890668859433
2025-05-15;16;asp;84.74453583408864;1230.585855787208
2025-05-16;16;asp;66.28629601869957;721.4287634089355
2025-05-17;16;asp;32.022331525753295;539.6571887976907
2025-05-18;16;asp;28.15733893946027;555.224762889531
2025-05-19;16;asp;62.63436968233569;490.2971973043922
2025-05-20;16;asp;68.49803143985231;815.3366905021711
2025-05-21;16;asp;95.75646287248301;1566.769591555555
2025-05-22;16;asp;77.47923987158367;481.12674430148144
2025-05-23;16;asp;95.72224734596304;575.2430613952915
2025-05-24;16;asp;26.773305994777303;609.4320997498264
2025-05-25;16;asp;27.68548651390336;317.86912960089415
2025-05-26;16;asp;46.89825280385364;369.3301967343876
2025-05-27;16;asp;64.44260808580692;625.2524558368725
2025-05-28;16;asp;59.401285893314686;575.9638610853051
2025-05-29;16;asp;71.7315219699045;614.506659843836
2025-05-30;16;asp;70.61006199365006;442.84086294053833
2025-05-31;16;asp;32.64953514068449;422.41590450315863
2025-06-01;16;asp;26.054127244505874;411.7491561706978
2025-06-02;16;asp;61.84718857601305;439.28787954358216
2025-06-03;16;asp;70.56910320643199;508.7234464927127
2025-06-04;16;asp;58.14781350095722;890.7762244281741
2025-06-05;16;asp;71.52994287900898;1062.4902464428092
2025-06-06;16;asp;73.94443147201888;720.8800985800258
2025-06-07;16;asp;28.453245042558706;317.8987414374956
2025-06-08;16;asp;22.08544803779516;714.7626875566592
2025-06-09;16;asp;77.02824532281977;704.2883136941389
2025-06-10;16;asp;84.00333259911132;1161.7849972042222
2025-06-11;16;asp;76.05140930525245;1044.4692058600701
2025-06-12;16;asp;63.74016448824807;1280.3634054052268
2025-06-13;16;asp;79.62062172193879;937.8901462029438
2025-06-14;16;asp;24.816569734750427;540.5506895925597
2025-06-15;16;asp;19.24375092203399;312.09399670371477
2025-06-16;16;asp;60.28526723167253;1043.6578776876243
2025-06-17;16;asp;57.80452619080297;449.6776087134546
2025-06-18;16;asp;59.86314229318229;1137.1917327590613
2025-06-19;16;asp;37.643347884063736;718.8598167858278
2025-06-20;16;asp;79.30660102711457;798.5939010993432
2025-06-21;16;asp;30.429221328446673;340.8568860965923
2025-06-22;16;asp;49.38724175265416;831.5782128698289
2025-06-23;16;asp;66.61629181626924;556.5770942911308
2025-06-24;16;asp;68.44106346012528;591.6397096201192
2025-06-25;16;asp;60.66601282231853;944.6102552586915
2025-06-26;16;asp;58.30983734368646;765.5580799698342
2025-06-27;16;asp;48.77328804111533;384.1244154747689
2025-06-28;16;asp;21.129622817415996;362.82596951275144
2025-06-29;16;asp;24.946020098354097;363.0801510228203
2025-06-30;16;asp;59.960362915159834;417.74260209423466
2025-07-01;16;asp;55.346015359862;974.9965344300613
2025-07-02;16;asp;65.64803090115262;502.2706905298245
2025-07-03;16;asp;64.81822489991113;1059.2928790242795
2025-07-04;16;asp;43.34042956641456;368.76899817800665
2025-07-05;16;asp;17.228095209641424;301.3062506808872
2025-07-06;16;asp;18.539367725185855;342.71540369558784
2025-07-07;16;asp;54.19283996645992;833.1790778306913
2025-07-08;16;asp;47.938463612186574;547.0975814258967
2025-07-09;16;asp;69.03182852679855;727.8324881642463
2025-07-10;16;asp;86.07679933368793;504.31007036066813
2025-07-11;16;asp;98.19265729662962;850.6457085012964
2025-07-12;16;asp;40.343316906531946;556.5553138224889
2025-07-13;16;asp;31.01416906670075;322.7321861999816
2025-07-14;16;asp;94.88446374487835;624.8236533000869
2025-07-15;16;asp;84.40381192403842;490.9923492811462
2025-07-16;16;asp;111.41289377370293;2217.5091480686733
2025-07-17;16;asp;130.1403739167373;3332.149532528941
2025-07-18;16;asp;148.81901061668756;1128.5010766855044
2025-07-19;16;asp;46.232898681233436;297.9118179554976
2025-07-20;16;asp;48.24302266529328;501.77331459457304
2025-07-21;16;asp;98.70033153014211;1075.780909605963
2025-07-22;16;asp;89.0308852042313;557.6714765538115
2025-07-23;16;asp;96.27349093025904;908.632990786277
2025-07-24;16;asp;105.97813043179198;2195.119868355981
2025-07-25;16;asp;124.28744585581022;1004.2346951756717
2025-07-26;16;asp;39.587690611716305;291.20835486634536
2025-07-27;16;asp;41.38802272394814;430.2799144730544
2025-07-28;16;asp;92.42547342183555;529.206930562556
2025-07-29;16;asp;87.94325891206503;457.14292222334495
2025-07-30;16;asp;86.45100189303996;489.9918206134473
2025-07-31;16;asp;95.86834319953176;988.0540550988944
2025-08-01;16;asp;95.0141834948021;902.9767951455575
2025-08-02;16;asp;36.93970297618859;354.2837937341366
2025-08-03;16;asp;37.79707499595858;538.3342266435327
2025-08-04;16;asp;85.78108575932279;887.6050452222645
2025-08-05;16;asp;75.7773900646002;756.5173253953365
2025-08-06;16;asp;72.3146022605502;1065.939432217706
2025-08-07;16;asp;80.84452499385083;384.5502053354348
2025-08-08;16;asp;93.88414108520888;873.6708213843739
2025-08-09;16;asp;58.16798055703043;463.2005541598082
2025-08-10;16;asp;45.50115962631771;348.3987861523015
2025-08-11;16;asp;106.36007573247029;951.0926754848507
2025-08-12;16;asp;115.06512277271325;864.0250633465146
2025-08-13;16;asp;130.46325533285258;993.9101036577694
2025-08-14;16;asp;163.05058006977728;1770.2646601605722
2025-08-15;16;asp;132.09716566801134;1331.3470143927211
2025-08-16;16;asp;49.03490448673101;986.5791677983548
2025-08-17;16;asp;43.91718553756581;328.40596077079124
2025-08-18;16;asp;104.43137235251939;1281.577799550281
2025-08-19;16;asp;97.01604023429962;642.3837653817989
2025-08-20;16;asp;101.24960204063179;1641.606596884162
2025-08-21;16;asp;77.39717004035958;357.98663637808113
2025-08-22;16;asp;139.20678732787889;1963.3970623806051
2025-08-23;16;asp;63.48915775234095;1010.8087925433065
2025-08-24;16;asp;68.31405220008928;643.5076614335679
2025-08-25;16;asp;110.2833590779403;1094.494227944056
2025-08-26;16;asp;103.98028268125263;1222.320644446328
2025-08-27;16;asp;96.72933899504943;1483.1225023855577
2025-08-28;16;asp;96.31163628022719;1215.0025253966223
2025-08-29;16;asp;103.7882589252208;984.332794694968
2025-08-30;16;asp;45.6995134188078;1042.1212643729536
2025-08-31;16;asp;37.72398376443228;330.3030138839077
2025-09-01;16;asp;77.65130227671527;873.2419333283673
2025-09-02;16;asp;98.16905001441172;1680.2571574107287
2025-09-03;16;asp;93.83437110262192;1308.5778102597428
2025-09-04;16;asp;103.36000306640145;2617.706598274465
2025-09-05;16;asp;83.42889456566904;588.4125515595011
2025-09-06;16;asp;32.93987032756021;324.82699296043813
2025-09-07;16;asp;29.997324691980598;958.4169285393242
2025-09-08;16;asp;78.84201231339802;761.4069836474941
2025-09-09;16;asp;81.51105503805972;517.5407964225815
2025-09-10;16;asp;80.47908998674284;405.3384212331237
2025-09-11;16;asp;91.2458730353146;462.3546475876129
2025-09-12;16;asp;108.25768376296874;1078.975367058489
2025-09-13;16;asp;52.336169691089104;396.18810135443493
2025-09-14;16;asp;43.55185326056891;1034.9405317625683
2025-09-15;16;asp;104.92618657011523;1705.871211602517
2025-09-16;16;asp;113.99257829943592;3287.482323695987
2025-09-17;16;asp;88.1218239982357;636.7716207329411
2025-09-18;16;asp;124.88863339388745;838.3102148325273
2025-09-19;16;asp;98.45302246716513;1129.3490141323873
2025-09-20;16;asp;44.56691167051007;797.9537678766058
2025-09-21;16;asp;45.39569451834048;2022.1074920801027
2025-09-22;16;asp;127.36569191424302;1518.812660705221
2025-09-23;16;asp;99.69243612576749;617.0199529041266
2025-09-24;16;asp;111.58679378519953;881.0759202254567
2025-09-25;16;asp;148.11348895963894;1153.4441879028561
2025-09-26;16;asp;126.66511261093056;1661.8980959240512
2025-09-27;16;asp;44.06612486716631;1036.6160283014178
2025-09-28;16;asp;32.53292229206587;519.1409907417151
2025-09-29;16;asp;101.08288773146653;2977.3448714289134
2025-09-30;16;asp;108.73940585642798;764.6743720523882
2025-10-01;16;asp;100.70069739956517;1090.5731088102837
2025-10-02;16;asp;101.60584654487954;2030.02563779423
2025-10-03;16;asp;102.87449503900943;611.5023829818091
2025-10-04;16;asp;50.0526799306893;1031.4986440548096
2025-10-05;16;asp;50.50373327302043;530.2897691542667
2025-10-06;16;asp;98.1577008108242;795.8318984862688
2025-10-07;16;asp;102.35299852724201;1073.5747655343152
2025-10-08;16;asp;99.3233943684414;730.679425636183
2025-10-09;16;asp;91.09408717741827;1200.5974491695986
2025-10-10;16;asp;120.32780829431968;1264.710433128619
2025-10-11;16;asp;159.15531864003736;1488.501270413647
2025-10-12;16;asp;65.3102840443676;569.8701154527865
2025-10-13;16;asp;98.15995154584907;1118.1728081301321
2025-10-14;16;asp;123.14907876261437;947.88546837519
2025-10-15;16;asp;99.12684864187959;1072.172590709325
2025-10-16;16;asp;86.9623741657192;556.0764457634194
2025-10-17;16;asp;93.40465313820751;550.6001579124686
2025-10-18;16;asp;38.992226290541794;1018.5331620548551
2025-10-19;16;asp;39.90475771803295;541.7750360269739
2025-10-20;16;asp;80.46483472785145;630.9627091925704
2025-10-21;16;asp;109.8099604489499;1395.6961451712098
2025-10-22;16;asp;104.32664674846762;1777.9453717512301
2025-10-23;16;asp;96.26966074679036;670.0349443024676
2025-10-24;16;asp;88.77192238007223;1599.873947816746
2025-10-25;16;asp;29.07880917494108;626.812337151593
2025-10-26;16;asp;40.71438560228291;806.0961594883393
2025-10-27;16;asp;82.14131155351417;652.7166018431905
2025-10-28;16;asp;81.74644032601456;839.5598340072937
2025-10-29;16;asp;85.21488965451543;795.5966974287347
2025-10-30;16;asp;88.82627234260805;546.6072500079757
2025-10-31;16;asp;96.41812533149749;1112.273514956027
2025-11-01;16;asp;48.669492708183405;950.6022059126667
2025-11-02;16;asp;31.472373686815647;687.9526581244237
2025-11-03;16;asp;96.6537604055478;879.0734270068971
2025-11-04;16;asp;119.98521420741649;1176.9260264233105
2025-11-05;16;asp;115.81355801158456;1840.3866000904472
2025-11-06;16;asp;98.4443056518367;732.0286026017927
2025-11-07;16;asp;99.4910693540169;704.4143634685843
2025-11-08;16;asp;39.17907836287661;666.1179601892732
2025-11-09;16;asp;38.25088622867711;742.651699508733
2025-11-10;16;asp;91.85526410823923;1164.779492210517
2025-11-11;16;asp;71.23740231655958;642.3511395400484
2025-11-12;16;asp;88.5359119461324;871.2206320348898
2025-11-13;16;asp;83.15371713898269;1107.1097047496078
2025-11-14;16;asp;91.79308200648929;697.8592663035006
2025-11-15;16;asp;40.42511188413456;1169.753975302201
2025-11-16;16;asp;52.83497272998761;1621.0003735650166
2025-11-17;16;asp;92.03223723890473;1056.9324790092082
2025-11-18;16;asp;94.93130458720374;703.6153209742008
2025-11-19;16;asp;87.98253012776473;772.4650983512805
2025-11-20;16;asp;97.7985347337759;1165.4630993242774
2025-11-21;16;asp;114.50318622899725;1311.9963569136887
2025-11-22;16;asp;42.128448798965444;688.9983636276286
2025-11-23;16;asp;67.2452076731256;3016.221264688194
2025-11-24;16;asp;84.46786340501463;704.4748573982407
2025-11-25;16;asp;78.29681925894934;657.8840251560265
2025-11-26;16;asp;70.59203829713618;941.3529476981415
2025-11-27;16;asp;54.176856296437506;629.0861804744129
2025-11-28;16;asp;75.55510281047071;802.8414173301965
2025-11-29;16;asp;34.42582061605484;739.9541187422451
2025-11-30;16;asp;24.44159315688499;744.8632714204327
2025-12-01;16;asp;92.58551325372609;1531.9712134112058
2025-12-02;16;asp;75.74594424538424;1282.1030086202807
2025-12-03;16;asp;76.0920591749569;687.3837732219989
2025-12-04;16;asp;67.97801859275576;651.0522137966482
2025-12-05;16;asp;75.38970639137925;1061.4066579461187
2025-12-06;16;asp;28.36574332391174;718.3833288304565
2025-12-07;16;asp;26.321643614731048;706.3617977919595
2025-12-08;16;asp;71.52156946359733;1091.6770423555163
2025-12-09;16;asp;80.38956791336848;749.8474932996888
2025-12-10;16;asp;73.2536034078953;1068.4453387914068
2025-12-11;16;asp;81.2357633508114;716.4946634161342
2025-12-12;16;asp;67.26262035066556;725.0551155651121
2025-12-13;16;asp;27.547898937026662;701.5562856389348
2025-12-14;16;asp;32.36277665701122;1065.8106137045204
2025-12-15;16;asp;70.59512740125159;694.8451378555615
2025-12-16;16;asp;66.00792920941701;665.1389974590646
2025-12-17;16;asp;68.29494071955808;958.8713589428789
2025-12-18;16;asp;66.12381935640303;916.1859758183607
2025-12-19;16;asp;69.22956158967308;694.3562130163479
2025-12-20;16;asp;24.4589608367272;643.2806318724117
2025-12-21;16;asp;20.180201210382627;617.5132850015549
2025-12-22;16;asp;59.42960103741021;616.3091434186236
2025-12-23;16;asp;73.6773505653168;865.4608095033084
2025-12-24;16;asp;60.38462812491432;1023.7178985984831
2025-12-25;16;asp;31.408966559851272;627.3693433677865
2025-12-26;16;asp;51.394089901475155;838.6062632334549
2025-12-27;16;asp;25.89248797364811;629.0466560365556
2025-12-28;16;asp;29.57237474887376;818.0148237248453
2025-12-29;16;asp;81.05743066679705;730.0759652650793
2025-12-30;16;asp;80.81175632399335;1614.85214358812
2025-12-31;16;asp;74.67323289251493;918.1687106142855
2025-01-01;32;ttv;150.1026750360789;1567.0971239450398
2025-01-02;32;ttv;192.8180041950809;2271.944255612178
2025-01-03;32;ttv;207.1091469620282;1771.7842540881036
2025-01-04;32;ttv;119.36497750200176;990.7991613228841
2025-01-05;32;ttv;96.69623286287775;1799.282551791431
2025-01-06;32;ttv;210.87342408184148;2440.9778754952217
2025-01-07;32;ttv;243.1787870994865;1620.3529866803178
2025-01-08;32;ttv;242.58960091960148;1504.9039644938507
2025-01-09;32;ttv;220.78950089042064;1510.3258572173945
2025-01-10;32;ttv;234.7245362421236;1890.9432883985946
2025-01-11;32;ttv;117.9593597291721;1181.0770825918105
2025-01-12;32;ttv;111.86341469375989;1211.860273641824
2025-01-13;32;ttv;259.8989373064312;2615.9257241953496
2025-01-14;32;ttv;193.1289466331467;1687.690264915224
2025-01-15;32;ttv;208.61504585228;1532.696276575299
2025-01-16;32;ttv;207.31446341639008;1669.8060286548075
2025-01-17;32;ttv;233.2256514313893;1612.4159965698657
2025-01-18;32;ttv;236.43323943362273;5372.255181412664
2025-01-19;32;ttv;282.28738497329306;7135.620059045018
2025-01-20;32;ttv;310.1262904281211;1682.2602241466086
2025-01-21;32;ttv;338.1141198836615;2690.959649265413
2025-01-22;32;ttv;223.5962463275678;2042.9444785666888
2025-01-23;32;ttv;280.8496685120069;1583.4116619961894
2025-01-24;32;ttv;243.9054347444948;1383.8047297667642
2025-01-25;32;ttv;119.63928695121528;1044.5202842847314
2025-01-26;32;ttv;120.12355898348412;1032.8722667214754
2025-01-27;32;ttv;284.6545414536366;1481.866122923634
2025-01-28;32;ttv;201.54462129681883;1288.6702349151872
2025-01-29;32;ttv;188.71398146294692;2073.0634139322965
2025-01-30;32;ttv;221.21077452018756;1383.8436663435773
2025-01-31;32;ttv;321.86250139320396;3149.0298423195522
2025-02-01;32;ttv;176.53315317762542;1862.9434419465417
2025-02-02;32;ttv;214.12457662263336;1153.5507910016208
2025-02-03;32;ttv;508.270155087169;2175.067486410096
2025-02-04;32;ttv;354.8164234451037;2231.6459140213474
2025-02-05;32;ttv;274.02931058320695;1785.720472185549
2025-02-06;32;ttv;247.2651529422367;1564.4029731928074
2025-02-07;32;ttv;276.35737726724625;1396.9962361973155
2025-02-08;32;ttv;162.36256538900926;913.979111247838
2025-02-09;32;ttv;155.05623796501476;3067.3458205782285
2025-02-10;32;ttv;274.78308023700083;3281.8192042663877
2025-02-11;32;ttv;239.6530981713687;1657.0653172010918
2025-02-12;32;ttv;261.4878529300524;1366.3022161160957
2025-02-13;32;ttv;240.83202473243873;2472.398368199304
2025-02-14;32;ttv;254.05569286528996;2331.4595822068386
2025-02-15;32;ttv;123.30742241926885;1902.4865820655716
2025-02-16;32;ttv;304.6792269667152;13986.785271037823
2025-02-17;32;ttv;158.1014487678599;745.6953556378598
2025-02-18;32;ttv;265.5324817765956;1773.6354639697145
2025-02-19;32;ttv;251.70067529520648;6775.499980978575
2025-02-20;32;ttv;240.89481597356718;1888.7982414420064
2025-02-21;32;ttv;387.5947195570537;2808.8401084685697
2025-02-22;32;ttv;234.05490913870287;3309.795203798283
2025-02-23;32;ttv;187.06526813016634;2951.756957091124
2025-02-24;32;ttv;326.7536233092008;1824.0752232120728
2025-02-25;32;ttv;475.0542942294154;4297.773034278104
2025-02-26;32;ttv;364.00277794054426;3347.5556540279376
2025-02-27;32;ttv;292.52956057636317;3389.278205472334
2025-02-28;32;ttv;473.27932366944265;2426.6182516299673
2025-03-01;32;ttv;173.21720331525145;2081.0601512872777
2025-03-02;32;ttv;215.10047596494954;1351.1413065039337
2025-03-03;32;ttv;334.5113305550135;2530.0521061158206
2025-03-04;32;ttv;355.1792091800788;1934.2297739641572
2025-03-05;32;ttv;284.3789379163526;2027.0917805397678
2025-03-06;32;ttv;311.120735643372;6579.471107171847
2025-03-07;32;ttv;327.23156990582936;2980.535794004758
2025-03-08;32;ttv;140.3662286035132;1423.5953347170043
2025-03-09;32;ttv;186.07317544053123;1284.0882416559698
2025-03-10;32;ttv;352.03773010655334;1955.7768341741034
2025-03-11;32;ttv;293.3594178373894;1778.697376983653
2025-03-12;32;ttv;254.86358750979178;1648.1695260598353
2025-03-13;32;ttv;270.0491312276418;1595.6626881083432
2025-03-14;32;ttv;241.64076109727023;1197.0748658490395
2025-03-15;32;ttv;141.6161493859334;1963.926854285383
2025-03-16;32;ttv;133.10215440713642;825.2503626019287
2025-03-17;32;ttv;231.50240669445157;1278.6111673466337
2025-03-18;32;ttv;271.7679068873745;1674.1036971652295
2025-03-19;32;ttv;297.69454863034514;1927.535448954054
2025-03-20;32;ttv;291.4213533259883;1603.9105235865663
2025-03-21;32;ttv;355.05775628512356;14482.090785684615
2025-03-22;32;ttv;137.9215170103955;787.696059507511
2025-03-23;32;ttv;169.25604510641483;1497.953471547921
2025-03-24;32;ttv;324.99909854093585;1781.4502462235832
2025-03-25;32;ttv;300.81318408434396;4723.739273099426
2025-03-26;32;ttv;293.0848539226815;9424.654438433816
2025-03-27;32;ttv;288.7892947381622;2025.3076985562361
2025-03-28;32;ttv;407.77752029577846;3325.8028278556426
2025-03-29;32;ttv;222.0322051861394;2961.029875514034
2025-03-30;32;ttv;182.79167264809473;1436.8449805224316
2025-03-31;32;ttv;331.5994128050611;2197.2947299715192
2025-04-01;32;ttv;292.5635154441779;2207.3513960867867
2025-04-02;32;ttv;289.34402759374035;2537.904515010017
2025-04-03;32;ttv;295.2878075611308;2023.8552266816682
2025-04-04;32;ttv;328.5654620070375;1879.741050365342
2025-04-05;32;ttv;162.14260165879065;1773.1144738287026
2025-04-06;32;ttv;224.8405970491123;1429.4802052174616
2025-04-07;32;ttv;422.853532228699;2388.7820152786812
2025-04-08;32;ttv;307.39476961062707;1662.367307798653
2025-04-09;32;ttv;391.0953019672175;1822.567519801237
2025-04-10;32;ttv;282.92363370723325;2159.166694026982
2025-04-11;32;ttv;317.9963054020985;2136.8865463420098
2025-04-12;32;ttv;239.71900431132144;3083.8128284877707
2025-04-13;32;ttv;228.85608380798223;2544.041030531293
2025-04-14;32;ttv;283.00437044223344;1641.4539683467983
2025-04-15;32;ttv;301.82531526499235;2142.4636250014732
2025-04-16;32;ttv;261.61259454286545;1947.3331505564993
2025-04-17;32;ttv;266.4396399738686;2571.291255836407
2025-04-18;32;ttv;250.01581070103433;2510.586667166046
2025-04-19;32;ttv;121.26613549653072;675.6739208000773
2025-04-20;32;ttv;164.87245101809745;1673.7518870692618
2025-04-21;32;ttv;292.1111753474954;2880.1355058572112
2025-04-22;32;ttv;383.0673180580312;2054.1581413212384
2025-04-23;32;ttv;325.9092655403499;1723.6439742342245
2025-04-24;32;ttv;297.97553636071615;1693.1567341395307
2025-04-25;32;ttv;332.61351566882985;1769.4440693801594
2025-04-26;32;ttv;180.7502430143294;825.9673615452707
2025-04-27;32;ttv;187.15379869062372;1811.7996389306568
2025-04-28;32;ttv;328.0236771769508;2168.896146853326
2025-04-29;32;ttv;335.265865349263;3570.9589414029
2025-04-30;32;ttv;276.7754110764607;2248.909533227823
2025-05-01;32;ttv;346.3151876227104;3578.717281738055
2025-05-02;32;ttv;260.819749795869;1769.3991822859293
2025-05-03;32;ttv;152.39896093072895;1090.060767680246
2025-05-04;32;ttv;174.98920010188357;1554.8270283447562
2025-05-05;32;ttv;275.3259737395263;1740.5458079763891
2025-05-06;32;ttv;339.61925209614725;5186.335135338293
2025-05-07;32;ttv;281.85339907823163;1720.9266407672626
2025-05-08;32;ttv;361.44360529071577;1587.3975553619885
2025-05-09;32;ttv;385.2007307405507;1880.3974040907674
2025-05-10;32;ttv;227.9568221188404;957.8795183797456
2025-05-11;32;ttv;266.16963277892035;1393.9579395470744
2025-05-12;32;ttv;401.5660284114281;1721.7187546179225
2025-05-13;32;ttv;460.5877197766282;5416.117744125103
2025-05-14;32;ttv;372.7203081081251;2152.2276081483924
2025-05-15;32;ttv;340.9580309732553;2082.1284403926634
2025-05-16;32;ttv;302.52034522681055;2051.994077237221
2025-05-17;32;ttv;242.18633220320785;1325.26570576139
2025-05-18;32;ttv;235.52466894423992;1847.2158732260907
2025-05-19;32;ttv;327.7419964598056;1588.8389195910786
2025-05-20;32;ttv;332.97152058807023;2523.5664236686534
2025-05-21;32;ttv;375.99886845991125;1774.5812398570629
2025-05-22;32;ttv;318.78979950257593;1486.0224822952769
2025-05-23;32;ttv;435.36263036134443;1991.6576243044547
2025-05-24;32;ttv;206.02187481331984;1900.8533467257726
2025-05-25;32;ttv;205.2351068354134;1776.660306142453
2025-05-26;32;ttv;222.89480744061493;1473.3245941893044
2025-05-27;32;ttv;285.0395844087809;1728.1502446903628
2025-05-28;32;ttv;280.67144773157884;1545.3036382925197
2025-05-29;32;ttv;335.1998715567828;2000.5878365683388
2025-05-30;32;ttv;306.7117176081046;1453.893114784501
2025-05-31;32;ttv;230.303184354433;2087.9547137984996
2025-06-01;32;ttv;194.96344487575578;1594.6525637608174
2025-06-02;32;ttv;250.54374360165804;1647.8970188153344
2025-06-03;32;ttv;278.4639434253195;1843.8665365998318
2025-06-04;32;ttv;250.73314959755274;1483.7960050201914
2025-06-05;32;ttv;277.09697257855174;1504.6966552242432
2025-06-06;32;ttv;315.12215916822004;2408.71578370379
2025-06-07;32;ttv;173.76302513585344;1037.088856074286
2025-06-08;32;ttv;166.538316650708;1242.6959572014273
2025-06-09;32;ttv;317.7705478610766;1487.1744303077098
2025-06-10;32;ttv;391.24422145766846;2592.1409643916018
2025-06-11;32;ttv;332.4463195004695;1729.2872038184387
2025-06-12;32;ttv;342.163974303698;4864.1952260451135
2025-06-13;32;ttv;387.5871965972114;2080.0660995596972
2025-06-14;32;ttv;203.1582587034805;1956.7593581938095
2025-06-15;32;ttv;205.37744416505964;1064.4659023847412
2025-06-16;32;ttv;308.98246343165744;1375.9146410963317
2025-06-17;32;ttv;317.54204178061934;1754.304275953214
2025-06-18;32;ttv;330.18614846873527;1702.6837071556258
2025-06-19;32;ttv;237.395514134241;1843.915450404705
2025-06-20;32;ttv;378.2880870896924;2331.019049860649
2025-06-21;32;ttv;285.6458942348945;2274.1726439005974
2025-06-22;32;ttv;355.74451991447825;2460.590145083364
2025-06-23;32;ttv;314.2632069851335;1482.4939214247208
2025-06-24;32;ttv;294.5550126603629;2672.4183845519065
2025-06-25;32;ttv;230.35422621086073;1607.1709700666581
2025-06-26;32;ttv;292.78694283223166;2796.1868940371764
2025-06-27;32;ttv;240.58779056860877;2553.87841502393
2025-06-28;32;ttv;186.9166094913899;3008.0901877030483
2025-06-29;32;ttv;230.04188210325984;2308.039182206839
2025-06-30;32;ttv;257.06972401420467;2068.831641678892
2025-07-01;32;ttv;289.0184894853576;2468.004122514414
2025-07-02;32;ttv;321.3849344958471;2219.691469477236
2025-07-03;32;ttv;294.0763694633359;2121.796349982355
2025-07-04;32;ttv;226.22232837458495;2205.0436633727763
2025-07-05;32;ttv;178.53873820724405;2248.1632126432237
2025-07-06;32;ttv;199.1374969162248;2767.8580539017244
2025-07-07;32;ttv;246.84013244482819;3472.7591137048603
2025-07-08;32;ttv;244.3954908058668;1857.0049110071118
2025-07-09;32;ttv;328.66189655170945;2001.0677567360294
2025-07-10;32;ttv;385.1730790057775;16117.032443217015
2025-07-11;32;ttv;434.7831920383319;16166.288479651334
2025-07-12;32;ttv;288.1666139797633;1795.3518433274048
2025-07-13;32;ttv;236.8585209051766;2017.6079476599116
2025-07-14;32;ttv;421.9655471459526;2463.5945291819176
2025-07-15;32;ttv;377.2507423365683;3238.244570589906
2025-07-16;32;ttv;414.0068033361556;3485.68860040634
2025-07-17;32;ttv;443.45828003468284;3582.0535693344386
2025-07-18;32;ttv;495.6045805218576;2697.8415114946856
2025-07-19;32;ttv;232.37064837315262;1256.3250458034279
2025-07-20;32;ttv;321.55989121827184;2689.3339647556068
2025-07-21;32;ttv;458.2441495260043;6904.526450534349
2025-07-22;32;ttv;406.05466693032355;1335.1866302926546
2025-07-23;32;ttv;414.3326534392863;1611.764383825981
2025-07-24;32;ttv;451.94208356298657;2724.1346646109573
2025-07-25;32;ttv;603.1966614972074;2369.7159951948865
2025-07-26;32;ttv;301.2203295541063;1403.2823542639728
2025-07-27;32;ttv;323.0540527247622;1615.4217113860927
2025-07-28;32;ttv;503.83472328929247;1807.4554985824664
2025-07-29;32;ttv;456.0061891966705;1957.4634475971072
2025-07-30;32;ttv;369.66015538113436;1555.2111625976188
2025-07-31;32;ttv;389.3364918948435;1643.1251214334532
2025-08-01;32;ttv;535.4291786933135;2500.9196716922097
2025-08-02;32;ttv;382.60981105899697;2509.7458604614167
2025-08-03;32;ttv;351.87543464531524;2080.7970819457114
2025-08-04;32;ttv;454.1894563915093;2125.4434984373815
2025-08-05;32;ttv;428.13269548833466;2444.4403440233336
2025-08-06;32;ttv;486.012844702504;3671.373518261944
2025-08-07;32;ttv;456.2749581253433;2235.3495529146144
2025-08-08;32;ttv;487.2655510583558;3101.304427802714
2025-08-09;32;ttv;470.816341722429;2307.1304578476447
2025-08-10;32;ttv;401.166961620441;2519.1617379047366
2025-08-11;32;ttv;578.6646876760801;6301.592262101716
2025-08-12;32;ttv;606.8455862356499;3011.544778080248
2025-08-13;32;ttv;722.2384259105958;5320.421809927836
2025-08-14;32;ttv;732.9787913297354;2818.1734857122456
2025-08-15;32;ttv;634.5115420084654;2512.1175432398595
2025-08-16;32;ttv;483.34616911879357;5611.861103785124
2025-08-17;32;ttv;528.4937759805543;2975.233828108433
2025-08-18;32;ttv;729.1761531365327;4905.241988569545
2025-08-19;32;ttv;681.7153234589343;2809.348965312752
2025-08-20;32;ttv;601.3683767080203;3296.959072116587
2025-08-21;32;ttv;512.3671571192755;1909.271517693696
2025-08-22;32;ttv;714.0984923634802;3267.806354336545
2025-08-23;32;ttv;533.8454352725809;2367.1077051065818
2025-08-24;32;ttv;764.5677242596079;3556.960313408348
2025-08-25;32;ttv;1156.9166443089548;7081.987869575824
2025-08-26;32;ttv;812.2273644640542;4319.989602000422
2025-08-27;32;ttv;775.4385530067533;4399.627906602801
2025-08-28;32;ttv;683.606671053598;4782.317505287099
2025-08-29;32;ttv;909.5860209538914;7502.853161728849
2025-08-30;32;ttv;551.6986509040755;3031.9310592758097
2025-08-31;32;ttv;638.5589587173807;5808.769610333815
2025-09-01;32;ttv;625.371024806219;5814.601127179118
2025-09-02;32;ttv;845.081201782244;5676.7310112997075
2025-09-03;32;ttv;568.3425446166902;3573.525522790651
2025-09-04;32;ttv;588.382783316753;3568.1661714070674
2025-09-05;32;ttv;581.2858472760531;2435.06730819776
2025-09-06;32;ttv;379.6215287017696;3097.735991332303
2025-09-07;32;ttv;423.73678651979645;3853.4374829686726
2025-09-08;32;ttv;556.6927469065072;2301.460994014452
2025-09-09;32;ttv;517.4823398859082;2516.1103553993885
2025-09-10;32;ttv;483.67281170471216;3401.515165509894
2025-09-11;32;ttv;600.4865904923729;2503.53296992452
2025-09-12;32;ttv;630.809241135319;3111.4530664495423
2025-09-13;32;ttv;490.78245511015194;3162.9625281869567
2025-09-14;32;ttv;573.0726691324502;3276.3308843372215
2025-09-15;32;ttv;599.6459310139651;2791.0513134632924
2025-09-16;32;ttv;450.43821275344243;3764.5239248448156
2025-09-17;32;ttv;488.5178679328716;2442.607965991773
2025-09-18;32;ttv;523.7069413626801;3339.63783027598
2025-09-19;32;ttv;459.7553095048227;2344.259360772073
2025-09-20;32;ttv;291.8102187312079;2258.6657964009714
2025-09-21;32;ttv;421.8838578620317;3785.7580724114946
2025-09-22;32;ttv;653.9429031332747;3437.674336561795
2025-09-23;32;ttv;592.9386422766063;3266.2478893386638
2025-09-24;32;ttv;733.0045993232744;4382.280632087176
2025-09-25;32;ttv;958.8899780155772;5150.508466207123
2025-09-26;32;ttv;712.7241776545485;3601.195535960749
2025-09-27;32;ttv;647.0754481290442;4252.887616167458
2025-09-28;32;ttv;588.5152166446888;3219.209036031246
2025-09-29;32;ttv;641.2006943492956;4590.4793852381135
2025-09-30;32;ttv;680.9483975560096;4900.669304403915
2025-10-01;32;ttv;552.3784315928111;2701.280953419659
2025-10-02;32;ttv;526.9378786254631;4426.169304174006
2025-10-03;32;ttv;682.9115134103574;5182.456923429064
2025-10-04;32;ttv;530.985548792832;3815.50107857751
2025-10-05;32;ttv;1221.1898490586061;22876.6799710173
2025-10-06;32;ttv;792.861555769732;10922.360718585369
2025-10-07;32;ttv;710.6973336663834;4757.284261575046
2025-10-08;32;ttv;738.3425049947958;4210.996203114099
2025-10-09;32;ttv;1171.1512940372463;12056.502559221823
2025-10-10;32;ttv;1056.6497838338335;4942.429001974888
2025-10-11;32;ttv;860.6639833845329;7650.833355419996
2025-10-12;32;ttv;983.4150357690957;18608.44900876924
2025-10-13;32;ttv;941.0245601665205;20606.80994148185
2025-10-14;32;ttv;1351.8783801193463;19872.562056108447
2025-10-15;32;ttv;1118.778967087559;17780.245926832606
2025-10-16;32;ttv;976.9779550621384;18615.63335098642
2025-10-17;32;ttv;968.6683444167849;12728.008252626592
2025-10-18;32;ttv;483.0823064026928;6453.223330013481
2025-10-19;32;ttv;1048.1473026796943;17805.04933944322
2025-10-20;32;ttv;1019.059685727886;16156.361343599388
2025-10-21;32;ttv;1849.7346321153072;22411.784224964656
2025-10-22;32;ttv;1104.3122122324748;17001.342940162856
2025-10-23;32;ttv;1258.8156322635853;33919.840985964234
2025-10-24;32;ttv;731.8622514406356;6043.510978014657
2025-10-25;32;ttv;400.7102750274632;5974.03696075504
2025-10-26;32;ttv;639.1594475666775;7161.363279636698
2025-10-27;32;ttv;818.8801022576693;7033.930749801446
2025-10-28;32;ttv;801.9495909429388;11109.17346481847
2025-10-29;32;ttv;885.9773120654366;11367.64524221928
2025-10-30;32;ttv;1611.0609057808447;35677.652542513366
2025-10-31;32;ttv;1214.952721172045;32980.57367090356
2025-11-01;32;ttv;748.5301427899192;5649.521113274801
2025-11-02;32;ttv;671.0180576364868;8165.4546933320225
2025-11-03;32;ttv;1105.6792631864303;14029.561910567021
2025-11-04;32;ttv;1158.1220041430797;15062.190400904341
2025-11-05;32;ttv;844.1523842312464;8660.965662633163
2025-11-06;32;ttv;690.1980303520303;24595.203370704367
2025-11-07;32;ttv;653.6669167224271;12237.005431442807
2025-11-08;32;ttv;510.49419890765273;3502.429102822232
2025-11-09;32;ttv;976.0065356587685;14423.890583924507
2025-11-10;32;ttv;821.2404736479115;19799.254304291026
2025-11-11;32;ttv;779.563534620476;18488.920209777698
2025-11-12;32;ttv;875.9198933193258;17344.674639549747
2025-11-13;32;ttv;1402.3860967693938;16222.45968161553
2025-11-14;32;ttv;1124.0599404727755;12114.813409531807
2025-11-15;32;ttv;1152.8304883748644;13692.263619418743
2025-11-16;32;ttv;1613.545497637203;21883.619724220778
2025-11-17;32;ttv;1217.9900253695607;11280.518711960378
2025-11-18;32;ttv;1205.9794093436253;11745.575087876727
2025-11-19;32;ttv;1156.6927932574522;7622.271077203122
2025-11-20;32;ttv;1070.4121620310664;11797.27778267383
2025-11-21;32;ttv;1489.8097513371495;9025.466489787088
2025-11-22;32;ttv;1077.4506479453228;5876.956850164663
2025-11-23;32;ttv;1320.355618538293;10099.176868447918
2025-11-24;32;ttv;1260.6719549673142;11524.389090251083
2025-11-25;32;ttv;1250.2116257903706;20275.93765158207
2025-11-26;32;ttv;1630.7336652497252;12935.965431074483
2025-11-27;32;ttv;1641.7530786490834;16587.96327852716
2025-11-28;32;ttv;1739.8029608623835;13056.108180791121
2025-11-29;32;ttv;1292.9120740017001;6363.759517593996
2025-11-30;32;ttv;1443.6205805210896;10135.57337098491
2025-12-01;32;ttv;2469.3775551660565;24896.012807613075
2025-12-02;32;ttv;1754.082455558272;11593.389797740745
2025-12-03;32;ttv;2738.837937220629;13084.485313654128
2025-12-04;32;ttv;1931.926886382513;10701.227463797299
2025-12-05;32;ttv;2163.8067623523616;11924.08173192631
2025-12-06;32;ttv;1093.2087317808453;8555.37450616718
2025-12-07;32;ttv;731.8981287815731;9848.800798851908
2025-12-08;32;ttv;626.3887554826055;8180.336475681336
2025-12-09;32;ttv;853.587266122095;14997.835816872894
2025-12-10;32;ttv;893.3447541351412;19300.02142311877
2025-12-11;32;ttv;981.6873796432639;8799.248626847053
2025-12-12;32;ttv;982.9175038440194;7215.56380360643
2025-12-13;32;ttv;758.0365559023069;6970.889559405086
2025-12-14;32;ttv;1211.4995499763093;12220.226326769398
2025-12-15;32;ttv;1450.222322517343;15656.951326011693
2025-12-16;32;ttv;1306.2835044471028;11436.957757709282
2025-12-17;32;ttv;1677.6895419594264;28918.558766647904
2025-12-18;32;ttv;1572.6441923896164;23531.002585219445
2025-12-19;32;ttv;1346.0819654074255;13446.904471473326
2025-12-20;32;ttv;609.2933165813125;3965.500923586499
2025-12-21;32;ttv;743.2700005023612;7374.410554590648
2025-12-22;32;ttv;1026.7375041508162;4809.918015424226
2025-12-23;32;ttv;829.9860638403844;4026.773906319061
2025-12-24;32;ttv;860.5585694065467;5413.458174911158
2025-12-25;32;ttv;808.7869306560831;5047.191101751391
2025-12-26;32;ttv;877.8112450752748;4557.1750780567945
2025-12-27;32;ttv;707.2985573298222;5024.10667192868
2025-12-28;32;ttv;944.9526486667372;8871.861547045306
2025-12-29;32;ttv;1362.6349504327795;11267.590203175974
2025-12-30;32;ttv;1062.8385365852712;4691.724697870151
2025-12-31;32;ttv;954.9230420512664;7691.786464857294
2025-01-01;32;defi;107.45359039969217;1184.7833144885012
2025-01-02;32;defi;145.0916765106798;1669.6163842642577
2025-01-03;32;defi;153.7455693973791;1394.4297319629154
2025-01-04;32;defi;67.07147953045343;469.8449238496659
2025-01-05;32;defi;49.62231630375172;288.23260339513456
2025-01-06;32;defi;153.34042599013188;1521.418574214668
2025-01-07;32;defi;183.56431513490372;1458.5717793412218
2025-01-08;32;defi;165.1849842595193;1138.1776605507555
2025-01-09;32;defi;148.3876482902308;1150.9169969079799
2025-01-10;32;defi;133.40468006973563;1227.865186365318
2025-01-11;32;defi;57.676802393481054;276.8551749424381
2025-01-12;32;defi;56.98147279758405;716.3642908842543
2025-01-13;32;defi;177.2495260468062;1529.0104397053176
2025-01-14;32;defi;134.13803784334374;1170.0062918971764
2025-01-15;32;defi;140.3887965393721;1066.1785847136923
2025-01-16;32;defi;144.63070043650896;1290.8499729068662
2025-01-17;32;defi;181.09754885823637;1230.522173231843
2025-01-18;32;defi;139.04688167858467;1177.7166949569614
2025-01-19;32;defi;180.47387319758596;1330.6320854162661
2025-01-20;32;defi;236.70147081498544;1474.5926359484329
2025-01-21;32;defi;228.09724226547075;1774.2114191977782
2025-01-22;32;defi;158.39679901237997;1266.7751545834008
2025-01-23;32;defi;191.23949772692276;1203.8360588249498
2025-01-24;32;defi;154.45395258264418;1321.2927962737713
2025-01-25;32;defi;72.65799789781421;858.0793101402752
2025-01-26;32;defi;61.63028816409748;390.18033586438673
2025-01-27;32;defi;193.08199131287614;1469.3575032180688
2025-01-28;32;defi;138.57822740216105;480.9746877705335
2025-01-29;32;defi;110.6270250450579;414.70730268984937
2025-01-30;32;defi;134.7333613657751;565.2798202694145
2025-01-31;32;defi;177.2848959685211;2250.619104121561
2025-02-01;32;defi;80.98820613958519;1057.4287555588567
2025-02-02;32;defi;122.61057685661673;688.820343684778
2025-02-03;32;defi;339.5033885262031;1531.830397136377
2025-02-04;32;defi;238.609877046927;1690.3309605029192
2025-02-05;32;defi;181.50717329362467;1364.7935222922222
2025-02-06;32;defi;163.38744413252627;1192.9322992880006
2025-02-07;32;defi;184.779764832048;1187.902836659699
2025-02-08;32;defi;107.24231126577548;736.7340740951997
2025-02-09;32;defi;105.15290806518868;2155.189295887705
2025-02-10;32;defi;177.37232529938447;2160.005575561452
2025-02-11;32;defi;155.8376227262629;1181.2094096626195
2025-02-12;32;defi;174.1106786107099;1256.8026183750503
2025-02-13;32;defi;157.0487778853798;1624.7281545992305
2025-02-14;32;defi;160.90632189251258;1437.7122775298171
2025-02-15;32;defi;86.43053672391787;1261.4672991171158
2025-02-16;32;defi;70.20203678486536;1078.9751151011683
2025-02-17;32;defi;108.5762831845682;574.904121161666
2025-02-18;32;defi;182.98239927183604;1276.5687720518217
2025-02-19;32;defi;145.57314913934337;909.111757067897
2025-02-20;32;defi;165.71364943421247;1455.5006337173077
2025-02-21;32;defi;244.5966220208855;2064.08936392712
2025-02-22;32;defi;169.48937517547378;3169.6803088144916
2025-02-23;32;defi;106.7330625677523;703.9470330775666
2025-02-24;32;defi;207.29495271394032;1274.9796483454413
2025-02-25;32;defi;318.23663135891167;1515.8203199762506
2025-02-26;32;defi;243.15828085113364;1361.269410700984
2025-02-27;32;defi;202.90172849960646;1610.9948326484598
2025-02-28;32;defi;310.3233040375415;2192.380147752955
2025-03-01;32;defi;116.68164046172626;1320.2802936548817
2025-03-02;32;defi;136.86194846139514;1189.4095590390552
2025-03-03;32;defi;236.30473311629058;1465.528261086704
2025-03-04;32;defi;207.40705892848172;1426.7066465342089
2025-03-05;32;defi;155.72108481640257;1129.161446435874
2025-03-06;32;defi;167.39434469205838;1331.3896137953673
2025-03-07;32;defi;179.72807171402974;1227.148177235888
2025-03-08;32;defi;81.60145903471435;1071.4188202704893
2025-03-09;32;defi;94.07794470006579;543.3097789721967
2025-03-10;32;defi;223.83508343311058;1422.9990165977724
2025-03-11;32;defi;187.51217802961466;1230.1566076223598
2025-03-12;32;defi;161.6677100155181;1190.9915753898567
2025-03-13;32;defi;181.8644640076376;1440.8346592073149
2025-03-14;32;defi;170.67395911749782;689.291484313144
2025-03-15;32;defi;84.46290391720447;408.2630096927651
2025-03-16;32;defi;76.4283150102521;429.2553466332739
2025-03-17;32;defi;147.83842171632833;553.6800252331128
2025-03-18;32;defi;164.11846029732422;1264.6326060597103
2025-03-19;32;defi;199.7217354559161;1539.9630228061162
2025-03-20;32;defi;180.11706239264453;1254.0725768305053
2025-03-21;32;defi;176.32290391140404;1436.5195116186712
2025-03-22;32;defi;64.87292726718151;372.2356029130801
2025-03-23;32;defi;84.36703203625265;1155.2980126554125
2025-03-24;32;defi;220.87409650259042;1427.8239042446871
2025-03-25;32;defi;165.49672453998792;972.869581709953
2025-03-26;32;defi;167.75293317754728;3172.6435982234348
2025-03-27;32;defi;171.10350823756312;1580.895759587465
2025-03-28;32;defi;231.4510450764649;2153.914071768826
2025-03-29;32;defi;106.60466972774515;1187.4175710832174
2025-03-30;32;defi;92.9212868234872;1086.6672938428426
2025-03-31;32;defi;184.67084180989994;1143.3374358040503
2025-04-01;32;defi;166.39616773849858;1447.9348821147614
2025-04-02;32;defi;174.9613812260045;1402.8709151710984
2025-04-03;32;defi;170.2396247970232;1471.4581592288453
2025-04-04;32;defi;160.117709369165;1378.9979090761808
2025-04-05;32;defi;75.4039538562062;1161.7687818975296
2025-04-06;32;defi;108.1263738304009;511.9822744003968
2025-04-07;32;defi;244.01528505902908;1380.4579962578387
2025-04-08;32;defi;192.9648842279254;1217.7385099893695
2025-04-09;32;defi;237.13421944983443;1370.4141411980188
2025-04-10;32;defi;195.50485014902418;1448.1649849025314
2025-04-11;32;defi;194.72685343732135;1249.7713970929617
2025-04-12;32;defi;145.2750082233961;2044.2208189457199
2025-04-13;32;defi;125.4515719842813;1368.3516464184565
2025-04-14;32;defi;180.9164651719144;1271.181564117216
2025-04-15;32;defi;189.47688006316082;1409.25285620632
2025-04-16;32;defi;155.78510542103353;1449.4043866315667
2025-04-17;32;defi;152.46108286907062;1164.5119884115911
2025-04-18;32;defi;133.26551064868428;1358.4948984674395
2025-04-19;32;defi;73.70745005069442;470.7649280430284
2025-04-20;32;defi;89.88469194042996;1101.4519137716889
2025-04-21;32;defi;190.1006754246565;2808.4540830302594
2025-04-22;32;defi;251.17780956892986;1403.549302100473
2025-04-23;32;defi;230.64931650239595;1350.9813442480897
2025-04-24;32;defi;196.86713717907173;1203.6084491716438
2025-04-25;32;defi;232.01430129746493;1304.7668060850654
2025-04-26;32;defi;103.51990689801674;660.6652801224145
2025-04-27;32;defi;98.27386931106554;1200.5347345209468
2025-04-28;32;defi;207.8176901478852;1495.0916038334494
2025-04-29;32;defi;209.8017827742057;3139.8964464114924
2025-04-30;32;defi;169.7298000511966;1241.2032395153872
2025-05-01;32;defi;199.31081170004873;2181.011572363002
2025-05-02;32;defi;166.083855437773;1397.200700265281
2025-05-03;32;defi;76.58689747589085;625.9157335549196
2025-05-04;32;defi;77.66300496281268;1045.490473195959
2025-05-05;32;defi;168.2161631432764;1279.1830198522694
2025-05-06;32;defi;180.84561597401563;1378.668909697189
2025-05-07;32;defi;158.55608891785053;1693.542283734439
2025-05-08;32;defi;230.0972023961567;905.8548873351921
2025-05-09;32;defi;248.12090937226867;935.106186847473
2025-05-10;32;defi;121.48546266891064;763.82646624856
2025-05-11;32;defi;115.35691140780806;797.0254560288253
2025-05-12;32;defi;194.0488588665385;778.9671264773125
2025-05-13;32;defi;201.92232448451364;780.9578737339385
2025-05-14;32;defi;191.7297232658263;1106.9392868990772
2025-05-15;32;defi;204.34199603444495;1825.4509866453002
2025-05-16;32;defi;163.8917970059984;1148.0942293695264
2025-05-17;32;defi;96.09446714783353;699.206898070584
2025-05-18;32;defi;86.5186170487617;996.4355856621253
2025-05-19;32;defi;154.5923041383582;1011.315316299501
2025-05-20;32;defi;176.27929085737688;1465.7407445651504
2025-05-21;32;defi;225.7044537268864;1656.349654607888
2025-05-22;32;defi;195.20464043445065;791.0927318346987
2025-05-23;32;defi;235.37244424454255;1126.688544280192
2025-05-24;32;defi;83.32610760046386;696.8919879721755
2025-05-25;32;defi;82.8188661034555;742.2855526789195
2025-05-26;32;defi;120.75969296764967;713.407671375847
2025-05-27;32;defi;163.75540048331933;860.8255640971228
2025-05-28;32;defi;148.27611940716662;924.7099466420233
2025-05-29;32;defi;177.77121892127036;784.735969874828
2025-05-30;32;defi;169.71395194560472;770.0140273719683
2025-05-31;32;defi;87.02305749051301;701.9991481190217
2025-06-01;32;defi;69.11689070434491;816.0085664082426
2025-06-02;32;defi;146.89404321258152;821.4028038833889
2025-06-03;32;defi;170.8869222405397;710.3598350137158
2025-06-04;32;defi;138.77541709995197;924.8350014830294
2025-06-05;32;defi;172.9537190678861;1341.0199535111542
2025-06-06;32;defi;178.912273963277;846.4193227218987
2025-06-07;32;defi;83.04443002031891;460.31009072401235
2025-06-08;32;defi;67.22650307163224;785.0767588816525
2025-06-09;32;defi;195.38445189394028;972.3429424500725
2025-06-10;32;defi;213.7180428995208;1218.8996541452086
2025-06-11;32;defi;190.4321143363517;1232.8955228730933
2025-06-12;32;defi;162.29833927916616;1356.7767016409719
2025-06-13;32;defi;211.89854166090194;1016.9694099723747
2025-06-14;32;defi;79.74021742234694;737.6121046263995
2025-06-15;32;defi;78.0853328399448;674.1310908447401
2025-06-16;32;defi;166.58746611879351;1151.5397340532563
2025-06-17;32;defi;174.43891693046845;660.5319716745014
2025-06-18;32;defi;169.2971499359416;1331.6237618380362
2025-06-19;32;defi;108.0455226529858;1059.4038484704652
2025-06-20;32;defi;201.68857498115565;1209.232463207252
2025-06-21;32;defi;111.17029450896437;708.6804861415294
2025-06-22;32;defi;151.05710066333017;903.9820436722425
2025-06-23;32;defi;186.83338592199468;1147.7850037389521
2025-06-24;32;defi;173.79083217130278;888.8379055482719
2025-06-25;32;defi;153.02678435093904;1009.1032048997054
2025-06-26;32;defi;148.7720250653815;981.7134954157414
2025-06-27;32;defi;132.62913438000956;692.2132160934182
2025-06-28;32;defi;70.99010234935643;745.685481212503
2025-06-29;32;defi;81.05494458255374;672.6285924191823
2025-06-30;32;defi;153.4916728008974;794.5574217541198
2025-07-01;32;defi;149.6133947050044;1121.9753696751286
2025-07-02;32;defi;174.03958228857562;1021.8580504426341
2025-07-03;32;defi;174.92304716303153;1199.7548143031488
2025-07-04;32;defi;121.2034763618921;740.5842714835619
2025-07-05;32;defi;56.19139629371688;608.6814951119319
2025-07-06;32;defi;59.71231419292628;728.1217980248358
2025-07-07;32;defi;136.0763350718094;897.4058304173506
2025-07-08;32;defi;124.07115263157769;1078.8349127936865
2025-07-09;32;defi;173.44740486505646;950.6067555808518
2025-07-10;32;defi;212.781785032896;716.9965318027986
2025-07-11;32;defi;243.27203364865736;1561.2671218790827
2025-07-12;32;defi;116.37888675167592;883.0626778630483
2025-07-13;32;defi;90.0620198885915;673.9000536014263
2025-07-14;32;defi;242.09158058160168;941.3007950510377
2025-07-15;32;defi;221.7456204784302;763.8085552324885
2025-07-16;32;defi;277.7099223870043;3408.3753052591705
2025-07-17;32;defi;314.91923904351165;3469.117446629575
2025-07-18;32;defi;358.96070482157035;1790.7273028164752
2025-07-19;32;defi;128.4927006695188;578.3300577613579
2025-07-20;32;defi;146.01067910713346;912.2896666792024
2025-07-21;32;defi;271.1997744136381;1419.0176329505484
2025-07-22;32;defi;252.86611262120232;1034.4965640615007
2025-07-23;32;defi;261.7092957502505;1108.91351767276
2025-07-24;32;defi;275.7171998866639;2344.044304277306
2025-07-25;32;defi;333.05200203336426;1347.1771503999798
2025-07-26;32;defi;132.1798174607498;618.1760112593118
2025-07-27;32;defi;147.31481760948463;603.8556598134614
2025-07-28;32;defi;262.1282607172086;1062.1847523161805
2025-07-29;32;defi;217.29828768699477;729.6855282088148
2025-07-30;32;defi;221.26838637051185;1040.3330658170003
2025-07-31;32;defi;235.64556085619486;1139.2507800577628
2025-08-01;32;defi;239.17909747409695;1102.2794970104853
2025-08-02;32;defi;112.69421356761134;737.5431751559453
2025-08-03;32;defi;117.87770238141738;897.3307111519806
2025-08-04;32;defi;220.78634527506628;1693.7390630660916
2025-08-05;32;defi;209.5471206402662;1278.59155270509
2025-08-06;32;defi;193.51425052601488;1181.471344102787
2025-08-07;32;defi;220.11064747589467;644.6273611404338
2025-08-08;32;defi;248.33403153025134;1671.4055583845277
2025-08-09;32;defi;175.80364585695926;842.0141983102008
2025-08-10;32;defi;137.8412918169042;733.1434617626874
2025-08-11;32;defi;274.4320697274796;2000.8622180630623
2025-08-12;32;defi;295.0655726120194;1229.9022435581473
2025-08-13;32;defi;324.8289018652601;1655.5861619963352
2025-08-14;32;defi;413.777560816;2613.2034164384754
2025-08-15;32;defi;335.2451439928052;1812.9922318210986
2025-08-16;32;defi;130.34294190820762;1087.0901343375206
2025-08-17;32;defi;125.7012576169214;575.5037046978949
2025-08-18;32;defi;270.69056352277585;1470.143050513126
2025-08-19;32;defi;268.64455541979584;1213.0823521596558
2025-08-20;32;defi;258.18347328201395;1919.6024537114567
2025-08-21;32;defi;200.11767279185798;759.7376160917677
2025-08-22;32;defi;337.5368193209715;2565.546974095884
2025-08-23;32;defi;159.76860826297022;1322.8215309481157
2025-08-24;32;defi;178.58337379197016;1273.8224465346007
2025-08-25;32;defi;272.654998240306;1268.3619841246223
2025-08-26;32;defi;251.01024165222094;1605.0081816212316
2025-08-27;32;defi;235.4768100887045;1883.0279337096097
2025-08-28;32;defi;229.0185281860889;2922.4127982058703
2025-08-29;32;defi;257.04878997767645;1232.0842278988384
2025-08-30;32;defi;113.38878847227154;1189.281063442034
2025-08-31;32;defi;100.38941728875072;707.4247989849868
2025-09-01;32;defi;188.09740982338545;1043.2615598066402
2025-09-02;32;defi;235.0481765692971;1968.0602203181368
2025-09-03;32;defi;227.33694135497427;1423.0526489801196
2025-09-04;32;defi;244.02754030671073;2766.0373061271694
2025-09-05;32;defi;204.64500327836248;934.6452220190296
2025-09-06;32;defi;89.92305071409845;682.0998097581785
2025-09-07;32;defi;81.67969901264235;1013.9650395040484
2025-09-08;32;defi;197.65018729867333;875.8141114940139
2025-09-09;32;defi;199.89250824269823;755.5623879294815
2025-09-10;32;defi;200.1279163638907;695.1662397344205
2025-09-11;32;defi;224.33856003661342;1020.2440658696293
2025-09-12;32;defi;277.728696624229;1469.4464733120717
2025-09-13;32;defi;149.4116867299541;794.0346869391244
2025-09-14;32;defi;125.05642845610946;1070.6770975017791
2025-09-15;32;defi;254.70787481696064;1956.31056615268
2025-09-16;32;defi;269.42027026678517;3608.8507341489385
2025-09-17;32;defi;221.3162877693039;961.1405857728453
2025-09-18;32;defi;302.6205367038455;1723.702579387297
2025-09-19;32;defi;240.49375668434166;1378.847477943896
2025-09-20;32;defi;115.95388371691048;1116.738613637218
2025-09-21;32;defi;118.95620610316017;2072.721402576956
2025-09-22;32;defi;322.3515675746903;1632.7400564016602
2025-09-23;32;defi;255.6643062012126;1179.7805985200046
2025-09-24;32;defi;283.3575561828556;1709.5089905953932
2025-09-25;32;defi;386.0497136097464;1661.4336893913269
2025-09-26;32;defi;318.73303244080927;1892.0837571413963
2025-09-27;32;defi;126.37735509369436;1128.4312790588478
2025-09-28;32;defi;94.08118586375589;797.3056506507801
2025-09-29;32;defi;246.69430134502355;3070.3764703714987
2025-09-30;32;defi;266.31032129299217;1071.2895797894082
2025-10-01;32;defi;248.191788886829;1263.5324393599835
2025-10-02;32;defi;252.09694352443904;2274.511045298348
2025-10-03;32;defi;253.98662711611232;1219.50901833673
2025-10-04;32;defi;121.7077321015766;1197.3131049829078
2025-10-05;32;defi;129.18832830491087;1114.738917318581
2025-10-06;32;defi;237.7032968527154;1552.5176268974722
2025-10-07;32;defi;256.1246612168198;1215.9596001424125
2025-10-08;32;defi;247.70241844582398;1172.709896102239
2025-10-09;32;defi;231.27213649319472;1446.1949274261024
2025-10-10;32;defi;303.03366761042696;1828.7081036457228
2025-10-11;32;defi;381.87097521470815;2035.029480929509
2025-10-12;32;defi;173.41167621149717;1161.5632356722415
2025-10-13;32;defi;240.98697812179276;1370.1163141217792
2025-10-14;32;defi;309.6043459964176;1256.0921414128336
2025-10-15;32;defi;244.48304303708883;1232.9413345834244
2025-10-16;32;defi;220.6881889618116;1132.680146401369
2025-10-17;32;defi;232.9586806227402;1035.575542063404
2025-10-18;32;defi;96.16758232112217;1111.6007280303406
2025-10-19;32;defi;102.52530821916146;1150.555150025487
2025-10-20;32;defi;197.42148232265401;1110.9836299729704
2025-10-21;32;defi;270.1550795228729;2232.6248683571466
2025-10-22;32;defi;257.1393102725195;2670.4272784577493
2025-10-23;32;defi;234.18448410699602;1081.8781113454702
2025-10-24;32;defi;218.46852146007845;2628.3618059804417
2025-10-25;32;defi;80.7173526388931;1029.9485953420983
2025-10-26;32;defi;113.00609478658909;1110.9026456853971
2025-10-27;32;defi;213.11364685304616;1133.1053260559588
2025-10-28;32;defi;201.82675326782038;1117.2634345492252
2025-10-29;32;defi;208.2354290439752;1172.6612298664481
2025-10-30;32;defi;214.8534345621383;1189.015462294515
2025-10-31;32;defi;233.6178411381211;1584.8394545086892
2025-11-01;32;defi;123.63504694437515;1582.1386193967892
2025-11-02;32;defi;82.24543084193986;1246.3168048511154
2025-11-03;32;defi;236.56090262117652;1818.8898937290742
2025-11-04;32;defi;297.5029132708833;1573.814467079737
2025-11-05;32;defi;283.5000334863957;2177.6112910026513
2025-11-06;32;defi;234.79601277061414;1300.330817803206
2025-11-07;32;defi;241.79229675412978;1304.3144774795114
2025-11-08;32;defi;109.31568995064218;1383.486399332161
2025-11-09;32;defi;109.24726985256963;1490.2384909965174
2025-11-10;32;defi;220.1799214973061;1451.5356942186606
2025-11-11;32;defi;174.13549006160872;1255.5363658246245
2025-11-12;32;defi;210.84585282032603;1414.7723620642678
2025-11-13;32;defi;200.44776133309583;1373.747389714653
2025-11-14;32;defi;220.6395737332641;1334.4852996115767
2025-11-15;32;defi;102.87194965619675;1260.64882924274
2025-11-16;32;defi;140.2490144760656;3173.142245478335
2025-11-17;32;defi;222.44879405030738;1324.8684569885038
2025-11-18;32;defi;234.37664876937652;1386.9113505542477
2025-11-19;32;defi;214.88894297055757;1470.97360606027
2025-11-20;32;defi;238.5120615648741;2884.3323035501
2025-11-21;32;defi;273.250593996297;1952.9037950820507
2025-11-22;32;defi;107.25046873442885;1222.7655351321885
2025-11-23;32;defi;154.06356671272147;3258.7370290982767
2025-11-24;32;defi;202.64505986642627;1379.1738083367654
2025-11-25;32;defi;191.24665122852298;1301.165285245339
2025-11-26;32;defi;176.78499316962518;1318.6185259329486
2025-11-27;32;defi;137.12289372369443;1265.631206148273
2025-11-28;32;defi;185.4964046711356;1266.3353955011307
2025-11-29;32;defi;93.36590325650869;1420.6380687159997
2025-11-30;32;defi;65.5139848357014;1483.7577009255772
2025-12-01;32;defi;228.20417610395188;1840.3240126319827
2025-12-02;32;defi;185.74896942689873;2370.118236485257
2025-12-03;32;defi;187.47085422194647;1258.1087900139767
2025-12-04;32;defi;165.18305434670725;1285.3333732689316
2025-12-05;32;defi;189.2019691835973;1158.222472251237
2025-12-06;32;defi;76.5006293358206;1410.9943980317203
2025-12-07;32;defi;63.87082078793372;1445.351159247991
2025-12-08;32;defi;164.00133053034372;1651.1657221162554
2025-12-09;32;defi;191.93141621343145;1425.3020396203822
2025-12-10;32;defi;172.3954699528599;1498.5145413643181
2025-12-11;32;defi;191.76511858653788;1436.6486790115573
2025-12-12;32;defi;161.19688646155535;1428.7514402489837
2025-12-13;32;defi;77.19552597171658;1437.6453278426388
2025-12-14;32;defi;87.33710224727963;1449.18046662555
2025-12-15;32;defi;169.2929733802542;1356.2887633634648
2025-12-16;32;defi;160.2226490840433;1264.2309333003645
2025-12-17;32;defi;160.8613763015867;1757.7097091668704
2025-12-18;32;defi;158.24034918096808;1389.7299930018683
2025-12-19;32;defi;162.3566873258249;1335.6807772555628
2025-12-20;32;defi;61.420720911328196;1326.5059356538227
2025-12-21;32;defi;52.21418967310894;1253.1347936299373
2025-12-22;32;defi;140.28128677501277;1273.0429634063516
2025-12-23;32;defi;170.84225753533102;1320.6453024552898
2025-12-24;32;defi;141.86647314766503;1336.209165450132
2025-12-25;32;defi;76.16956665022624;1257.1075314725592
2025-12-26;32;defi;122.78819207820207;1475.8033961007839
2025-12-27;32;defi;65.29358160361573;1306.6476541199406
2025-12-28;32;defi;77.25806966622179;2441.94773530289
2025-12-29;32;defi;188.21521309820497;1031.2173907875983
2025-12-30;32;defi;187.02000228798914;1757.6831342890223
2025-12-31;32;defi;175.6951650465603;1199.5351987721956
2025-01-01;32;asp;71.8561196779541;1048.796812529361
2025-01-02;32;asp;99.44460073621518;1332.4450304755594
2025-01-03;32;asp;105.23824527592083;1107.3095081407805
2025-01-04;32;asp;38.95050802322053;238.69875596068619
2025-01-05;32;asp;30.87860218438347;203.2089138780309
2025-01-06;32;asp;106.73782254689318;1352.7802490482115
2025-01-07;32;asp;130.97568204822983;1069.5797628257421
2025-01-08;32;asp;109.4445269514358;1109.3780204760337
2025-01-09;32;asp;101.06246335978207;1021.8684680593295
2025-01-10;32;asp;86.9196228608656;1195.3004289396806
2025-01-11;32;asp;31.26793566836574;229.92082985604117
2025-01-12;32;asp;32.752589813774236;391.38601436963745
2025-01-13;32;asp;122.24204131355206;1460.6895009335906
2025-01-14;32;asp;94.91163898106785;1162.2466071912022
2025-01-15;32;asp;96.64320327965248;1016.597372769646
2025-01-16;32;asp;100.33098967267412;1173.554873028609
2025-01-17;32;asp;123.09637831794618;1143.596081986734
2025-01-18;32;asp;95.30845296681986;1102.9880651584933
2025-01-19;32;asp;132.26927103359964;749.9150225942541
2025-01-20;32;asp;174.04478453281735;1304.5247313223174
2025-01-21;32;asp;157.90321511909627;958.5747324389051
2025-01-22;32;asp;113.03302457288237;1251.9430162963592
2025-01-23;32;asp;132.25193957565105;1176.7845284897787
2025-01-24;32;asp;107.1115472610683;649.4646329216743
2025-01-25;32;asp;45.86354209296715;508.8879792819918
2025-01-26;32;asp;35.55182523674005;280.0155244297501
2025-01-27;32;asp;130.0425839648836;1268.5314853525956
2025-01-28;32;asp;97.04851032015961;437.02381544545045
2025-01-29;32;asp;67.20725921033812;308.0698217479376
2025-01-30;32;asp;81.63722151853165;311.1725312041806
2025-01-31;32;asp;122.61131286248985;2124.2476951609315
2025-02-01;32;asp;50.78639066311135;1039.8414959840202
2025-02-02;32;asp;72.66901053183527;361.6198537786249
2025-02-03;32;asp;232.1885279694545;1340.7256580522558
2025-02-04;32;asp;158.37413719993765;1414.769197354904
2025-02-05;32;asp;122.67328500441893;1290.2419280458414
2025-02-06;32;asp;105.71388712581461;1174.0574811884671
2025-02-07;32;asp;112.96189812230497;1068.7174076418862
2025-02-08;32;asp;52.69929214967149;365.31632147070155
2025-02-09;32;asp;51.96382878104323;2113.2967694577965
2025-02-10;32;asp;113.07509021605591;2062.609026026573
2025-02-11;32;asp;94.34358825154627;1149.8627919020887
2025-02-12;32;asp;109.4035783968877;1165.5873631061247
2025-02-13;32;asp;93.54927368967977;1518.515811855391
2025-02-14;32;asp;100.56161292665931;1259.355445741724
2025-02-15;32;asp;43.839640936141926;1075.814779172632
2025-02-16;32;asp;36.38632323223808;1073.786476768615
2025-02-17;32;asp;62.8864537701749;324.74406779495894
2025-02-18;32;asp;110.0433205356438;1131.2210919372674
2025-02-19;32;asp;88.838820497399;881.6673297178295
2025-02-20;32;asp;98.9067855535463;1301.350065164238
2025-02-21;32;asp;164.79339918848015;1811.7025368994618
2025-02-22;32;asp;108.13238266701825;3147.3666672513727
2025-02-23;32;asp;61.15711090060232;698.3386196440821
2025-02-24;32;asp;122.53284996200986;1200.8685431761735
2025-02-25;32;asp;208.52412258943724;1433.6107237108918
2025-02-26;32;asp;144.86768020010564;1280.1605090604075
2025-02-27;32;asp;128.35453868074944;1587.5042500143777
2025-02-28;32;asp;203.5888851093697;2128.964799080775
2025-03-01;32;asp;64.45225716912377;1235.0150652103537
2025-03-02;32;asp;75.51987992288092;1037.5728263248725
2025-03-03;32;asp;147.53666488203658;1303.370103684452
2025-03-04;32;asp;131.64218243320735;1294.9554101394529
2025-03-05;32;asp;94.30529970201857;1045.199580199559
2025-03-06;32;asp;100.81424124847756;1223.4000268111274
2025-03-07;32;asp;116.88104218151909;1152.6039243454745
2025-03-08;32;asp;40.167080382935936;1064.3808834610434
2025-03-09;32;asp;38.615081599529525;307.6741600757596
2025-03-10;32;asp;144.9821223397306;1270.9379021613427
2025-03-11;32;asp;126.32648491519058;1138.3623013765377
2025-03-12;32;asp;108.90004727482544;1096.468820099875
2025-03-13;32;asp;107.56570155628529;1080.2528604966196
2025-03-14;32;asp;94.37720487247614;458.7996780877881
2025-03-15;32;asp;36.64427592877647;249.6407395595377
2025-03-16;32;asp;28.853278246940334;213.24215311157994
2025-03-17;32;asp;78.09041277924474;326.4425641785345
2025-03-18;32;asp;89.88884892334433;1147.803975208948
2025-03-19;32;asp;126.87968652760284;1279.880230689185
2025-03-20;32;asp;108.22944924566892;1107.2412040414854
2025-03-21;32;asp;113.60392450701087;1402.4771730438324
2025-03-22;32;asp;31.358769369592896;288.4192393977012
2025-03-23;32;asp;38.44252878621523;1008.3727017394748
2025-03-24;32;asp;129.83671019606783;1217.989988237283
2025-03-25;32;asp;97.72270394996742;588.8322198102883
2025-03-26;32;asp;102.608361364214;3110.7639040231734
2025-03-27;32;asp;105.43901880152099;1404.1705175113807
2025-03-28;32;asp;128.88170959751523;2060.2653087627596
2025-03-29;32;asp;49.77514707286213;1054.8509265584737
2025-03-30;32;asp;39.76739116358605;1023.075046940398
2025-03-31;32;asp;106.19719850630693;1087.7087292936462
2025-04-01;32;asp;93.3112944308908;1327.848538895389
2025-04-02;32;asp;109.46362787370536;1268.3619143536425
2025-04-03;32;asp;104.6833799020206;1245.1502563127865
2025-04-04;32;asp;101.29264616544364;1304.2257092724658
2025-04-05;32;asp;32.46319078274639;1022.3831166550169
2025-04-06;32;asp;46.1811617081432;412.50587395544363
2025-04-07;32;asp;152.560974339836;1296.0735836940012
2025-04-08;32;asp;116.41633072726921;1063.599248886683
2025-04-09;32;asp;144.9066023662862;1183.850212196131
2025-04-10;32;asp;113.248333258529;1301.7809028503916
2025-04-11;32;asp;114.88079193390462;1150.903530337672
2025-04-12;32;asp;65.24263493051285;1988.2645006956675
2025-04-13;32;asp;62.100613828978794;1249.645768160224
2025-04-14;32;asp;97.75840755670795;1143.4394359734736
2025-04-15;32;asp;108.74612280920309;1235.7370574509357
2025-04-16;32;asp;80.45442201657167;1234.7032607880697
2025-04-17;32;asp;82.25903048692679;1073.469828574139
2025-04-18;32;asp;65.2127704604768;1307.366328475947
2025-04-19;32;asp;26.850040052322516;231.52473910690185
2025-04-20;32;asp;45.96431546830076;1029.282953068526
2025-04-21;32;asp;109.7822832439823;2187.701810745952
2025-04-22;32;asp;148.36806328316405;1329.8285188962136
2025-04-23;32;asp;129.43496725105828;1143.4865824789858
2025-04-24;32;asp;121.92001051953866;1056.5464582416769
2025-04-25;32;asp;143.23975431166258;1211.0654985501315
2025-04-26;32;asp;53.62753498353359;384.21842901344615
2025-04-27;32;asp;47.44204469981482;1111.6214008909722
2025-04-28;32;asp;119.92917410401985;1301.3078537879967
2025-04-29;32;asp;132.68794014767946;3073.025420166893
2025-04-30;32;asp;102.05518018673983;1117.4181148018145
2025-05-01;32;asp;128.90544274911844;2131.6156764763427
2025-05-02;32;asp;105.9189454967253;1164.3441553357934
2025-05-03;32;asp;30.773604696550052;346.24200091373945
2025-05-04;32;asp;37.40363501808113;1036.5323067574748
2025-05-05;32;asp;93.59502830059132;1125.420432128706
2025-05-06;32;asp;118.57590687672271;1283.568732062571
2025-05-07;32;asp;99.30152596590365;1132.4174068489378
2025-05-08;32;asp;149.24924283772586;671.504123951789
2025-05-09;32;asp;160.21922846578906;679.1361430252921
2025-05-10;32;asp;66.59767445525065;361.09079613540734
2025-05-11;32;asp;63.19162278708442;441.9647817041308
2025-05-12;32;asp;131.49145997890884;651.8974747135804
2025-05-13;32;asp;126.59870778972518;453.99139500862833
2025-05-14;32;asp;131.59705507997256;899.9329876179447
2025-05-15;32;asp;148.68314395090616;1618.403830512794
2025-05-16;32;asp;114.89492032431826;879.3599286677168
2025-05-17;32;asp;56.82482230208447;607.3794871131987
2025-05-18;32;asp;49.904408202606255;584.2646543684181
2025-05-19;32;asp;109.56378273452738;857.3980685690992
2025-05-20;32;asp;119.99296236908204;1418.9854818152746
2025-05-21;32;asp;169.34282205444862;1606.5265418645188
2025-05-22;32;asp;134.7855684629471;530.4821528314457
2025-05-23;32;asp;167.35882905862675;792.2742808368778
2025-05-24;32;asp;47.62268068783895;615.9913991568428
2025-05-25;32;asp;49.09099882465311;367.78597954184073
2025-05-26;32;asp;82.43217414651612;509.9566207028997
2025-05-27;32;asp;111.60094392191301;651.6751317537957
2025-05-28;32;asp;103.81288325164176;593.8740035044455
2025-05-29;32;asp;125.47318567953627;709.1182005277274
2025-05-30;32;asp;124.12211709123896;585.2809501435771
2025-05-31;32;asp;58.043036704627376;447.2187358480499
2025-06-01;32;asp;46.798990688284185;514.2438102769947
2025-06-02;32;asp;108.26838491540835;505.0018803126302
2025-06-03;32;asp;122.56264515450414;572.1011390436821
2025-06-04;32;asp;102.44718397853391;911.5121889245145
2025-06-05;32;asp;124.7677761033918;1089.023027880289
2025-06-06;32;asp;129.68134700885471;733.6895760116154
2025-06-07;32;asp;49.985824001751766;328.16754052717926
2025-06-08;32;asp;39.811062719244894;728.9656573255527
2025-06-09;32;asp;135.98674685386464;843.54508597137
2025-06-10;32;asp;147.87300982201998;1188.768564566642
2025-06-11;32;asp;133.97307343032986;1122.1439089341065
2025-06-12;32;asp;111.96627220774539;1318.0227737287396
2025-06-13;32;asp;140.85571485952858;975.7582007877596
2025-06-14;32;asp;44.22536656361019;551.9953136925386
2025-06-15;32;asp;33.61413736873581;321.8892044629872
2025-06-16;32;asp;105.65371618127787;1079.566502585144
2025-06-17;32;asp;101.20743655093655;512.0810132238804
2025-06-18;32;asp;105.79663896083837;1192.7780506606239
2025-06-19;32;asp;67.35119511853254;895.3194774155202
2025-06-20;32;asp;137.35360619958814;971.7336612214389
2025-06-21;32;asp;54.607152056467484;449.39809428472876
2025-06-22;32;asp;88.28179712171446;849.8144050558449
2025-06-23;32;asp;115.62886446725372;1084.2748762618596
2025-06-24;32;asp;119.30069390534427;834.9273334843429
2025-06-25;32;asp;106.19747303530647;965.4248165937004
2025-06-26;32;asp;102.14048051196296;800.80831432166
2025-06-27;32;asp;84.01503531798565;524.1234975225241
2025-06-28;32;asp;37.73151560234565;405.08275398834485
2025-06-29;32;asp;45.1331010284755;368.46649881661557
2025-06-30;32;asp;105.0766460011261;588.384508836136
2025-07-01;32;asp;97.66607944034564;999.5496312583912
2025-07-02;32;asp;113.91987552685546;733.1296839102577
2025-07-03;32;asp;112.27785842021213;1150.6162865969154
2025-07-04;32;asp;75.44246100624211;557.3697611289007
2025-07-05;32;asp;30.234056577134677;365.7960131408333
2025-07-06;32;asp;32.51944597218193;365.8076320787034
2025-07-07;32;asp;93.91731463241928;854.7514967363053
2025-07-08;32;asp;83.17001644877872;566.8709039168722
2025-07-09;32;asp;120.16002155909484;829.1892897367778
2025-07-10;32;asp;149.05291964495018;583.4863290621718
2025-07-11;32;asp;169.63578402932885;1084.2622982149285
2025-07-12;32;asp;70.6678900906426;603.0733576780937
2025-07-13;32;asp;53.686427838207884;451.2065420859425
2025-07-14;32;asp;164.69800274045667;787.7647677662849
2025-07-15;32;asp;144.31754136736842;536.1797309078471
2025-07-16;32;asp;189.01984308741632;2421.746556989754
2025-07-17;32;asp;225.10952853880508;3392.4738972877926
2025-07-18;32;asp;257.00125302785864;1203.0823966423895
2025-07-19;32;asp;79.71752609664462;350.67129676401913
2025-07-20;32;asp;84.61601852068695;597.1681593590753
2025-07-21;32;asp;170.9080091249204;1240.522341073673
2025-07-22;32;asp;153.7561890880379;628.1579143710451
2025-07-23;32;asp;167.32835424792802;1003.4369685717088
2025-07-24;32;asp;185.2668619594788;2270.3739105349114
2025-07-25;32;asp;214.24795917971005;1051.6284442265671
2025-07-26;32;asp;69.54921058747011;338.9162520235786
2025-07-27;32;asp;73.71315754630463;482.11304907812575
2025-07-28;32;asp;158.36055936639883;586.334514996913
2025-07-29;32;asp;153.19200514605728;542.6969232033827
2025-07-30;32;asp;148.48649076498208;704.7995936251709
2025-07-31;32;asp;166.53559466491976;1023.9971251823305
2025-08-01;32;asp;164.48571203634614;981.3002512378973
2025-08-02;32;asp;64.83732640781308;376.06318600526356
2025-08-03;32;asp;64.41722941556458;562.8378698336614
2025-08-04;32;asp;150.742203298742;954.6363326619877
2025-08-05;32;asp;132.02262949142124;886.9726057993188
2025-08-06;32;asp;127.07111139470133;1102.943458257184
2025-08-07;32;asp;139.45434364907402;477.8017883839346
2025-08-08;32;asp;162.5666217317066;919.56065853305
2025-08-09;32;asp;102.05725044577241;507.23724902261216
2025-08-10;32;asp;79.83837013303001;402.24630103463437
2025-08-11;32;asp;182.56656876979326;1088.757092220631
2025-08-12;32;asp;198.7467163024287;968.6018116206897
2025-08-13;32;asp;225.95906305218378;1264.5292512813294
2025-08-14;32;asp;280.84726305971856;1890.6332908477896
2025-08-15;32;asp;227.3292506569147;1506.9069830859037
2025-08-16;32;asp;86.57567970682163;1000.2554322660072
2025-08-17;32;asp;76.67814797167517;385.30987716495133
2025-08-18;32;asp;182.9661029487603;1345.0060123699109
2025-08-19;32;asp;167.1472472184719;778.0691561181063
2025-08-20;32;asp;174.40219003678257;1686.0586703800807
2025-08-21;32;asp;133.94195667246498;479.28231941974275
2025-08-22;32;asp;237.98465186122766;1995.2827645101158
2025-08-23;32;asp;111.84473597340967;1077.1769993318412
2025-08-24;32;asp;119.47164693674365;932.2975148745692
2025-08-25;32;asp;189.7327600567484;1212.2006196306984
2025-08-26;32;asp;180.0846348672577;1489.4475685203363
2025-08-27;32;asp;169.67736842353906;1533.206662141847
2025-08-28;32;asp;167.6608105787829;1808.3874911829193
2025-08-29;32;asp;180.5138061162191;1001.3230505516258
2025-08-30;32;asp;81.21737405686665;1057.3897323476322
2025-08-31;32;asp;65.04759606135507;371.9650749322719
2025-09-01;32;asp;136.32712049668586;899.4966828645078
2025-09-02;32;asp;172.89452842004968;1765.99103998461
2025-09-03;32;asp;162.40426884905102;1384.2263144004678
2025-09-04;32;asp;182.6398446884948;2680.3046629638593
2025-09-05;32;asp;145.94534460531221;801.3295672866908
2025-09-06;32;asp;57.85202115356716;337.17820326741383
2025-09-07;32;asp;52.15902595022076;980.1217766884884
2025-09-08;32;asp;136.35343660200667;798.3333498200112
2025-09-09;32;asp;142.2360783440449;605.2111972610642
2025-09-10;32;asp;140.55545802376912;543.6828742538949
2025-09-11;32;asp;158.49021887532365;608.5207474952239
2025-09-12;32;asp;185.78328358992428;1201.4952433336055
2025-09-13;32;asp;91.39642190037131;490.11597987732824
2025-09-14;32;asp;76.64803311169067;1046.7916895412063
2025-09-15;32;asp;183.26512903605942;1833.7359685826416
2025-09-16;32;asp;199.1541614243677;3390.4713876332803
2025-09-17;32;asp;153.63495736130204;875.6818597929471
2025-09-18;32;asp;217.42033150780807;1178.6072009828918
2025-09-19;32;asp;173.75275963331651;1265.0940206907644
2025-09-20;32;asp;78.92739285605714;847.1618474030777
2025-09-21;32;asp;81.2704018833512;2056.527632004127
2025-09-22;32;asp;221.01616734943877;1579.2191280553725
2025-09-23;32;asp;172.5936207969317;659.7388089300051
2025-09-24;32;asp;190.41615316501543;959.5592756218941
2025-09-25;32;asp;252.66124227397606;1246.0445742743914
2025-09-26;32;asp;218.49950219369146;1766.563862808464
2025-09-27;32;asp;77.48328615762097;1061.5308230693047
2025-09-28;32;asp;57.082462452657154;531.18886519764
2025-09-29;32;asp;174.03573476814555;3002.6822492516003
2025-09-30;32;asp;188.49250587844793;891.2225552073478
2025-10-01;32;asp;175.38629039304922;1196.5782452749957
2025-10-02;32;asp;176.99636283874872;2237.8888844389267
2025-10-03;32;asp;175.37812756317823;708.939972705902
2025-10-04;32;asp;89.17437708922228;1158.941939068143
2025-10-05;32;asp;88.52206267016258;552.2741017434013
2025-10-06;32;asp;169.62925193189415;828.8830715912048
2025-10-07;32;asp;179.3062005598116;1164.5947013637772
2025-10-08;32;asp;176.0447043279242;1066.313915072353
2025-10-09;32;asp;158.5961794460699;1264.5073945743598
2025-10-10;32;asp;208.12284219216042;1618.1393332611922
2025-10-11;32;asp;279.1411081002557;1589.901204345386
2025-10-12;32;asp;113.64089381578603;607.4777357285205
2025-10-13;32;asp;171.5470958022577;1160.460901121032
2025-10-14;32;asp;210.40510426750512;1060.9501358304162
2025-10-15;32;asp;173.29939333436297;1179.7307033848306
2025-10-16;32;asp;149.14800860074828;615.6154248079677
2025-10-17;32;asp;161.4468716309613;571.990246623175
2025-10-18;32;asp;69.50814467390067;1032.1481328010134
2025-10-19;32;asp;69.42865783977186;622.3554840098138
2025-10-20;32;asp;139.81562022141057;725.9471972201226
2025-10-21;32;asp;189.74977224178002;1469.3112306521089
2025-10-22;32;asp;179.13155631107702;1811.6987102172889
2025-10-23;32;asp;167.86728443658885;716.0167884844888
2025-10-24;32;asp;155.26085961927305;2583.345380167956
2025-10-25;32;asp;51.71667818051417;656.5604395439947
2025-10-26;32;asp;71.23387634675656;837.8285959722523
2025-10-27;32;asp;140.97082437763012;725.2322866515098
2025-10-28;32;asp;141.55630947417197;908.2268436092497
2025-10-29;32;asp;147.5266140620615;865.2166146640819
2025-10-30;32;asp;154.15929042094365;616.8731640449148
2025-10-31;32;asp;166.1849159385031;1168.2072456911721
2025-11-01;32;asp;84.74288073660522;1001.5698550850534
2025-11-02;32;asp;53.821919167873915;715.2067289534168
2025-11-03;32;asp;166.73374019565352;939.4592637538464
2025-11-04;32;asp;207.64602526426387;1239.8947339438457
2025-11-05;32;asp;200.2604646161861;2007.0556119588007
2025-11-06;32;asp;169.97530832670097;789.9379989071945
2025-11-07;32;asp;170.73384133960067;779.5086544779853
2025-11-08;32;asp;68.21130045753218;684.4978336455456
2025-11-09;32;asp;66.60834510934679;768.456319521511
2025-11-10;32;asp;157.87391592454915;1294.000413822489
2025-11-11;32;asp;123.38656670562133;770.7294172859478
2025-11-12;32;asp;153.02068613599533;927.843769268919
2025-11-13;32;asp;144.40875086108963;1147.7019832928909
2025-11-14;32;asp;158.4738309256523;730.7526353278008
2025-11-15;32;asp;71.41558980214879;1198.7092038879123
2025-11-16;32;asp;91.09137837871353;1642.8520628316135
2025-11-17;32;asp;159.96466812872603;1282.6655941404085
2025-11-18;32;asp;163.70389840940865;739.661649628091
2025-11-19;32;asp;150.5432178658523;805.2890348506583
2025-11-20;32;asp;165.99732923226165;1285.3470858505532
2025-11-21;32;asp;195.45437424470228;1347.962426619468
2025-11-22;32;asp;73.81885338649953;703.4659663077557
2025-11-23;32;asp;121.0199287252201;3224.3220964110183
2025-11-24;32;asp;142.69372485804178;772.1733121476026
2025-11-25;32;asp;134.75813870609545;687.0381617742393
2025-11-26;32;asp;121.6471598127485;981.6837379194739
2025-11-27;32;asp;92.74546453564139;661.796205149957
2025-11-28;32;asp;129.98847597079546;834.6661925142544
2025-11-29;32;asp;60.1012616065223;749.786553950014
2025-11-30;32;asp;41.304196358073696;781.2681540003985
2025-12-01;32;asp;161.6480813857387;1650.630563717519
2025-12-02;32;asp;128.46136007776752;1317.6518542337176
2025-12-03;32;asp;131.21149793381502;743.4041997576522
2025-12-04;32;asp;118.77263341616933;698.1489685565614
2025-12-05;32;asp;130.31179819034793;1134.6898071746564
2025-12-06;32;asp;50.01052484664329;726.9103240825715
2025-12-07;32;asp;46.1333756630341;747.1887693331122
2025-12-08;32;asp;124.65477760459939;1132.4016622276333
2025-12-09;32;asp;138.37405895043776;785.0678619618516
2025-12-10;32;asp;127.43773888473046;1172.5880539806228
2025-12-11;32;asp;141.101035253736;737.9089903301489
2025-12-12;32;asp;116.73969839877668;741.7835251441581
2025-12-13;32;asp;48.19142184751109;719.6451338738892
2025-12-14;32;asp;57.39590707905065;1376.6705654151435
2025-12-15;32;asp;123.19198120053217;737.7897822594736
2025-12-16;32;asp;115.31187165009246;709.0791553589212
2025-12-17;32;asp;120.12538065586263;1632.1312919799468
2025-12-18;32;asp;114.63153625603533;969.4481227479309
2025-12-19;32;asp;120.7750209555545;706.4736609743201
2025-12-20;32;asp;43.13027244700954;674.3072394570052
2025-12-21;32;asp;35.24074741075385;627.1513774838722
2025-12-22;32;asp;103.16093333897538;640.0078768758624
2025-12-23;32;asp;127.28463639258317;915.6705077579941
2025-12-24;32;asp;105.91440217321335;1074.7430490568456
2025-12-25;32;asp;55.264912856280624;819.0137938913941
2025-12-26;32;asp;88.71045427090607;859.050720312886
2025-12-27;32;asp;45.61977340737772;692.9894716144845
2025-12-28;32;asp;51.41203607077635;1224.861503028233
2025-12-29;32;asp;141.2953976839561;879.9568212093761
2025-12-30;32;asp;142.31921900475874;1665.754604123283
2025-12-31;32;asp;129.90432581699014;1095.683436848747
2025-01-01;64;ttv;296.53245546361615;1725.1712055715718
2025-01-02;64;ttv;379.5703477577238;2532.053654685225
2025-01-03;64;ttv;405.73488219249475;2050.2495140682463
2025-01-04;64;ttv;237.54610968412646;1300.511534197162
2025-01-05;64;ttv;190.10720977756094;1896.452158731589
2025-01-06;64;ttv;415.07073317295794;2954.596880502281
2025-01-07;64;ttv;478.81346925286414;2236.7638413576365
2025-01-08;64;ttv;478.379544713589;2110.876885474481
2025-01-09;64;ttv;434.10687206142575;1629.8141854739256
2025-01-10;64;ttv;462.3152293321497;3611.2568238004997
2025-01-11;64;ttv;232.21417810853575;1863.5412108097503
2025-01-12;64;ttv;220.76255287075946;1546.389180396184
2025-01-13;64;ttv;510.2935909302714;3008.8455298783774
2025-01-14;64;ttv;382.46501974233405;1876.4393780837318
2025-01-15;64;ttv;410.8791823272427;2781.1691163170753
2025-01-16;64;ttv;408.6406951154586;1791.1147695274092
2025-01-17;64;ttv;459.54777547867695;1995.922487620557
2025-01-18;64;ttv;464.9452464871408;5500.139186930659
2025-01-19;64;ttv;555.389104496597;7601.695253996198
2025-01-20;64;ttv;611.4583356393177;2530.807776044608
2025-01-21;64;ttv;662.5104506530085;4234.4794650903295
2025-01-22;64;ttv;443.8066636960586;2138.304274308805
2025-01-23;64;ttv;552.3164090798158;1806.192320104637
2025-01-24;64;ttv;480.6250513577461;2336.3070054704026
2025-01-25;64;ttv;235.9802607214573;1330.3697961050411
2025-01-26;64;ttv;235.26838594837236;1243.6846063014623
2025-01-27;64;ttv;561.8410617114782;1845.9357821220879
2025-01-28;64;ttv;397.0022332624768;1549.687177756809
2025-01-29;64;ttv;371.4742384389029;3111.8130931613164
2025-01-30;64;ttv;435.56159178496415;1902.033406355292
2025-01-31;64;ttv;634.0089712749461;3439.2107397722493
2025-02-01;64;ttv;346.82116890678435;1955.2479627613347
2025-02-02;64;ttv;421.6450458262423;1988.7928490993559
2025-02-03;64;ttv;1000.8814799965352;3375.6828093228823
2025-02-04;64;ttv;698.7539975116008;2897.3924979414546
2025-02-05;64;ttv;540.2916680450104;2351.2739188718792
2025-02-06;64;ttv;487.2692425579721;1816.9489667206135
2025-02-07;64;ttv;543.9168458644405;1830.7355761024207
2025-02-08;64;ttv;319.7446699024174;1382.435658443745
2025-02-09;64;ttv;306.08045806529094;3459.613486958969
2025-02-10;64;ttv;540.556909500897;4059.465012406196
2025-02-11;64;ttv;472.15757277688044;1893.6308997400793
2025-02-12;64;ttv;515.8705519890216;1655.948527853631
2025-02-13;64;ttv;474.03749640342704;2722.6202093660936
2025-02-14;64;ttv;500.2989646796667;2732.146395441308
2025-02-15;64;ttv;243.05001091874294;2044.1334301085744
2025-02-16;64;ttv;597.9997204861198;16575.44130939953
2025-02-17;64;ttv;311.07522186987086;1109.888559807864
2025-02-18;64;ttv;522.8279180373588;2179.5016464242667
2025-02-19;64;ttv;497.34739707264464;6885.79309495819
2025-02-20;64;ttv;474.0341649095523;2316.0879243827017
2025-02-21;64;ttv;763.1981252893405;4223.936236046631
2025-02-22;64;ttv;461.181190790871;3472.875197657411
2025-02-23;64;ttv;368.6140351372964;3442.8418163882393
2025-02-24;64;ttv;642.2091430625687;2083.1612134346947
2025-02-25;64;ttv;935.7137294828904;5330.6894725552
2025-02-26;64;ttv;717.0249601515194;3878.787890709122
2025-02-27;64;ttv;576.0867287023369;3546.1063950087137
2025-02-28;64;ttv;929.5520352747268;3008.343155457416
2025-03-01;64;ttv;345.09345861917967;2202.4207486707664
2025-03-02;64;ttv;423.22714867199716;1902.3901601115556
2025-03-03;64;ttv;657.7877334805037;3139.0008259500064
2025-03-04;64;ttv;700.4405221101985;2717.04643711048
2025-03-05;64;ttv;559.9626085364866;3697.2734021281217
2025-03-06;64;ttv;613.0859498077976;7297.1250071845525
2025-03-07;64;ttv;643.7541261843236;4260.653890407278
2025-03-08;64;ttv;278.36169245263136;1700.836003980152
2025-03-09;64;ttv;366.09339897429254;1504.3221970840327
2025-03-10;64;ttv;691.9274615988134;2785.8153079010044
2025-03-11;64;ttv;579.1614528042263;2053.391452695225
2025-03-12;64;ttv;502.40562076274705;1971.8171051317906
2025-03-13;64;ttv;532.1440936823701;1991.5108228053407
2025-03-14;64;ttv;475.2357715947281;1713.5062364970977
2025-03-15;64;ttv;280.0159591166732;2278.096559370666
2025-03-16;64;ttv;262.38614854460457;1035.7969706957279
2025-03-17;64;ttv;455.96596394348836;1957.855047981959
2025-03-18;64;ttv;534.6624913673795;2960.038305417744
2025-03-19;64;ttv;586.3374796623549;2538.0852390923196
2025-03-20;64;ttv;571.831275253643;1874.6084331514478
2025-03-21;64;ttv;701.8538403442207;14810.741826280138
2025-03-22;64;ttv;271.9896297700187;972.5770159655567
2025-03-23;64;ttv;332.1181099864513;1593.55985036193
2025-03-24;64;ttv;641.5343642506184;2179.8385946022213
2025-03-25;64;ttv;592.0057688995104;5322.118914623257
2025-03-26;64;ttv;576.7280928642754;9794.4162873866
2025-03-27;64;ttv;564.7881684886551;2223.185238914018
2025-03-28;64;ttv;807.3375603339913;3980.0769509257766
2025-03-29;64;ttv;435.9565652665178;3037.1448385527365
2025-03-30;64;ttv;360.94698492401403;2315.1564765855683
2025-03-31;64;ttv;653.2891844201237;2559.999927710553
2025-04-01;64;ttv;576.6681656146983;2403.9903143118086
2025-04-02;64;ttv;568.0036990190433;3551.241360614891
2025-04-03;64;ttv;582.8588714151296;2504.019472686447
2025-04-04;64;ttv;647.6117735805614;2680.7540793247304
2025-04-05;64;ttv;318.61374881146213;1898.0192823501948
2025-04-06;64;ttv;442.20941554320893;2435.74215516434
2025-04-07;64;ttv;832.128600557513;2819.6057305930976
2025-04-08;64;ttv;605.2589128246353;2412.729517907887
2025-04-09;64;ttv;771.531750138169;2171.11223592975
2025-04-10;64;ttv;553.9859861825819;3780.7778184371796
2025-04-11;64;ttv;629.8038962309106;2419.2098843944973
2025-04-12;64;ttv;471.38276056826885;3333.577861204464
2025-04-13;64;ttv;451.4764559179638;2738.4888391466193
2025-04-14;64;ttv;556.4041582510964;2532.194625067598
2025-04-15;64;ttv;594.0603999613746;2550.196702668792
2025-04-16;64;ttv;516.0607519386396;2293.277398402236
2025-04-17;64;ttv;524.4455509173616;2858.0794118843346
2025-04-18;64;ttv;492.2116393874022;2780.453850877207
2025-04-19;64;ttv;238.43606765426057;779.2201349056787
2025-04-20;64;ttv;324.97975805402297;1943.1163167214163
2025-04-21;64;ttv;575.9586507761579;3095.237726420781
2025-04-22;64;ttv;753.8496243933769;2541.9138399123285
2025-04-23;64;ttv;642.284079403475;2124.634264615101
2025-04-24;64;ttv;586.1882751095013;1984.5022404602337
2025-04-25;64;ttv;654.4997398572118;2763.410983376253
2025-04-26;64;ttv;356.1879686578966;1201.866105857923
2025-04-27;64;ttv;364.9293667429087;2027.6475199723125
2025-04-28;64;ttv;649.8846207691533;2659.662530840557
2025-04-29;64;ttv;659.7747695325668;3948.8307033009573
2025-04-30;64;ttv;545.4682115520075;2716.837728523855
2025-05-01;64;ttv;682.0183220049287;4465.392798428707
2025-05-02;64;ttv;513.5495497822354;3048.0572831190048
2025-05-03;64;ttv;300.35023646630884;1186.6084730862412
2025-05-04;64;ttv;344.9751184018674;1718.5442158491187
2025-05-05;64;ttv;540.7627155106112;2566.016012875563
2025-05-06;64;ttv;671.0008172577118;5762.874718091457
2025-05-07;64;ttv;556.2093198299366;2845.350742046831
2025-05-08;64;ttv;711.407953631859;2073.1886253148377
2025-05-09;64;ttv;756.7521427406807;2287.7638171272215
2025-05-10;64;ttv;451.15306946025134;1489.926277984711
2025-05-11;64;ttv;524.654498874477;2132.9263346821863
2025-05-12;64;ttv;790.2821134509883;2796.51317572355
2025-05-13;64;ttv;906.9553264482875;6169.195079986313
2025-05-14;64;ttv;734.946716113563;3330.233328063775
2025-05-15;64;ttv;670.6989410130789;2563.1720130860194
2025-05-16;64;ttv;594.8198874664795;2978.3712755985093
2025-05-17;64;ttv;478.3975697305896;1927.7507604077332
2025-05-18;64;ttv;457.8068892388803;2257.0022494376535
2025-05-19;64;ttv;649.6029892214294;2163.968226952131
2025-05-20;64;ttv;656.2999516851677;3284.73592447143
2025-05-21;64;ttv;740.3753840484794;2952.2649185051873
2025-05-22;64;ttv;628.9729640105077;1760.6779314266219
2025-05-23;64;ttv;857.1248784138758;2677.088187738289
2025-05-24;64;ttv;407.48348438183507;1960.4858527476665
2025-05-25;64;ttv;403.407657086043;1942.7708086508383
2025-05-26;64;ttv;439.68933682111907;1772.9266348128285
2025-05-27;64;ttv;561.4439127684806;2004.2201891586608
2025-05-28;64;ttv;552.9621706210543;2650.9991824112312
2025-05-29;64;ttv;657.7168098021043;2933.287016768809
2025-05-30;64;ttv;603.3162925317463;2001.662968566565
2025-05-31;64;ttv;457.44840007464813;2812.9514597901148
2025-06-01;64;ttv;384.0422169315494;2652.125573231048
2025-06-02;64;ttv;493.6377921217069;1870.7998756405261
2025-06-03;64;ttv;548.4415083082122;2148.4851823424488
2025-06-04;64;ttv;493.6632120372665;2021.3485001009888
2025-06-05;64;ttv;543.3983515234611;2548.3072380487415
2025-06-06;64;ttv;621.9621648524288;4186.921518675303
2025-06-07;64;ttv;341.69192468862934;1310.755358497521
2025-06-08;64;ttv;326.60192258052484;1401.8878612831447
2025-06-09;64;ttv;624.8181151895411;2145.5349951952912
2025-06-10;64;ttv;773.0940384362202;4187.469258474147
2025-06-11;64;ttv;655.9043352723039;2684.8106088361005
2025-06-12;64;ttv;673.4855865774322;6691.000761260513
2025-06-13;64;ttv;762.23369057812;2980.5694034146613
2025-06-14;64;ttv;401.58530330017936;2698.957903376689
2025-06-15;64;ttv;403.09777967771305;1479.8276930855218
2025-06-16;64;ttv;608.0304890774381;2221.710592400198
2025-06-17;64;ttv;627.5467724190992;2298.182131607723
2025-06-18;64;ttv;649.7811953974291;2051.398070313834
2025-06-19;64;ttv;460.02992727211665;2249.735078677709
2025-06-20;64;ttv;751.5704327735791;2877.448120803432
2025-06-21;64;ttv;557.8959339402413;3059.198026103098
2025-06-22;64;ttv;706.5553519630826;3185.027719925053
2025-06-23;64;ttv;617.0630574468873;2125.397812724473
2025-06-24;64;ttv;583.1719887440955;2914.2206904630343
2025-06-25;64;ttv;453.50362771123565;2302.4067779506945
2025-06-26;64;ttv;576.3047901106536;3023.4862983356056
2025-06-27;64;ttv;474.3112446133913;2661.477098879658
2025-06-28;64;ttv;368.0216169853107;3228.1259587306727
2025-06-29;64;ttv;453.8595710231044;3058.986416353405
2025-06-30;64;ttv;499.4619627647733;2503.013873189101
2025-07-01;64;ttv;572.424144833413;2774.4499977622236
2025-07-02;64;ttv;628.3867364851641;2662.5116659507003
2025-07-03;64;ttv;582.6121914643707;2230.295209367077
2025-07-04;64;ttv;445.59886089054663;2448.6007989086334
2025-07-05;64;ttv;353.4252196697848;2484.978348557274
2025-07-06;64;ttv;388.1545097132944;2938.181845203687
2025-07-07;64;ttv;493.7579307846124;3979.424514633299
2025-07-08;64;ttv;479.06269771931244;2170.6828035982617
2025-07-09;64;ttv;647.1510628940466;2100.899720733076
2025-07-10;64;ttv;744.3897117561575;16338.79079329608
2025-07-11;64;ttv;869.1921814398612;16764.753970103873
2025-07-12;64;ttv;564.8670951341975;2621.869428812941
2025-07-13;64;ttv;467.85582423348137;2411.6361236667835
2025-07-14;64;ttv;828.7193522707837;2790.223970816505
2025-07-15;64;ttv;743.7132099975934;3592.654594437006
2025-07-16;64;ttv;816.6029964224515;4995.485383632614
2025-07-17;64;ttv;872.8490524755638;4560.118683659383
2025-07-18;64;ttv;975.6859373892913;3008.245173754366
2025-07-19;64;ttv;458.18369862084774;1501.1443100939443
2025-07-20;64;ttv;633.725910683228;4511.299443007437
2025-07-21;64;ttv;902.9873447228291;7424.862064517651
2025-07-22;64;ttv;798.6830706970441;1818.725111277059
2025-07-23;64;ttv;817.3376321459727;2399.1173791247897
2025-07-24;64;ttv;889.5379321263944;3291.2920170719985
2025-07-25;64;ttv;1188.5551095707694;3804.1117278628517
2025-07-26;64;ttv;592.8483340236339;2193.707748237642
2025-07-27;64;ttv;636.1743313285484;2215.4109751776523
2025-07-28;64;ttv;989.1969089288133;2588.853643537571
2025-07-29;64;ttv;901.3012426318462;2753.2502200397576
2025-07-30;64;ttv;727.0333254611297;2147.5343315895952
2025-07-31;64;ttv;766.3778995075075;2373.781340703733
2025-08-01;64;ttv;1054.4668519603028;3196.871893201736
2025-08-02;64;ttv;754.6432240233578;3563.4432267913985
2025-08-03;64;ttv;692.9168075324676;3159.0716689044193
2025-08-04;64;ttv;894.9638183202181;2727.2360723477077
2025-08-05;64;ttv;840.578310005888;3039.9896389145456
2025-08-06;64;ttv;960.1426793190242;4638.412903863719
2025-08-07;64;ttv;898.3282711432021;2793.4744058801125
2025-08-08;64;ttv;960.3395483832518;3764.8673297641362
2025-08-09;64;ttv;924.3641232890405;3023.106360757591
2025-08-10;64;ttv;792.2858694064478;3017.1418879123703
2025-08-11;64;ttv;1135.5900660830548;6919.797049647536
2025-08-12;64;ttv;1196.833684716035;4584.529135445146
2025-08-13;64;ttv;1423.0784145880002;7623.878945194339
2025-08-14;64;ttv;1440.085883415655;4048.1587501301847
2025-08-15;64;ttv;1252.4030030146625;3573.4259194607494
2025-08-16;64;ttv;951.4595430419001;6531.9281661321265
2025-08-17;64;ttv;1038.1045395755407;3542.4853160476155
2025-08-18;64;ttv;1439.5141996109633;5963.981225302482
2025-08-19;64;ttv;1336.1128379799127;3800.804465395118
2025-08-20;64;ttv;1189.871107942075;4443.753334637167
2025-08-21;64;ttv;1010.0160531514836;2591.975758280387
2025-08-22;64;ttv;1405.7662301600453;6025.292809739134
2025-08-23;64;ttv;1051.6838432725133;3068.4361793472603
2025-08-24;64;ttv;1504.22704811791;5606.422449601112
2025-08-25;64;ttv;2273.4797456299716;9080.960776547661
2025-08-26;64;ttv;1606.9376505732862;5476.1754380651255
2025-08-27;64;ttv;1526.919254389886;5502.37718704175
2025-08-28;64;ttv;1348.2642092134217;5361.17834811985
2025-08-29;64;ttv;1791.1791303386478;9991.142810762793
2025-08-30;64;ttv;1086.8093968840833;4221.337470027644
2025-08-31;64;ttv;1257.1900411773981;8658.410523940578
2025-09-01;64;ttv;1232.0444737699047;6762.467226434329
2025-09-02;64;ttv;1661.809766126659;9493.54069654191
2025-09-03;64;ttv;1121.0982334183986;4715.861709852425
2025-09-04;64;ttv;1156.5421120526519;4419.221735389224
2025-09-05;64;ttv;1146.7333533096887;3667.0352589825065
2025-09-06;64;ttv;747.1225759055648;3947.9772375377265
2025-09-07;64;ttv;831.1747468422348;4279.914816937089
2025-09-08;64;ttv;1099.5059863252598;3389.549629541623
2025-09-09;64;ttv;1018.0636468074995;3376.561644019229
2025-09-10;64;ttv;953.4858566691399;5045.817393430884
2025-09-11;64;ttv;1179.4841516558497;3240.1686970752926
2025-09-12;64;ttv;1243.1654962917535;4391.794356362846
2025-09-13;64;ttv;967.3375806534591;4365.6584381377415
2025-09-14;64;ttv;1129.5854406775516;4199.602631701167
2025-09-15;64;ttv;1180.760930585654;3753.191844256958
2025-09-16;64;ttv;886.6653870959226;5107.166378411155
2025-09-17;64;ttv;961.3014668660941;3663.9823085789567
2025-09-18;64;ttv;1034.0111627755152;4016.0124354537666
2025-09-19;64;ttv;903.434772705704;2711.2920625625343
2025-09-20;64;ttv;576.4642184933874;2459.0642631392852
2025-09-21;64;ttv;830.5246800240209;3985.262488696985
2025-09-22;64;ttv;1287.7932413821015;5065.652302491955
2025-09-23;64;ttv;1166.313982488893;3801.121584660069
2025-09-24;64;ttv;1443.4061836113565;5743.674729450992
2025-09-25;64;ttv;1889.9636962058676;7608.282610117199
2025-09-26;64;ttv;1400.6046701029566;4895.6916611988245
2025-09-27;64;ttv;1278.00174667119;5495.670328028013
2025-09-28;64;ttv;1157.794893467517;4886.741146984903
2025-09-29;64;ttv;1263.6826508917652;6073.407863547657
2025-09-30;64;ttv;1339.8961413981594;5581.2427655092115
2025-10-01;64;ttv;1089.050755032592;3924.0037754006567
2025-10-02;64;ttv;1035.584345865531;6019.507129429186
2025-10-03;64;ttv;1343.942317881413;6843.756318466152
2025-10-04;64;ttv;1048.2175265060462;4757.452649157339
2025-10-05;64;ttv;2406.8884809848196;31763.161600359315
2025-10-06;64;ttv;1561.7203220620497;14369.140363930253
2025-10-07;64;ttv;1397.0672939471565;5917.817250021933
2025-10-08;64;ttv;1454.3225336268533;5678.878128265272
2025-10-09;64;ttv;2306.644011036462;14900.9605037432
2025-10-10;64;ttv;2080.345852785542;7740.950404791831
2025-10-11;64;ttv;1696.4149873569734;11596.418862121447
2025-10-12;64;ttv;1935.3814939411916;19503.438544170687
2025-10-13;64;ttv;1857.440485706693;21885.88104290494
2025-10-14;64;ttv;2658.9257301878956;24091.919633965786
2025-10-15;64;ttv;2206.904063207267;19315.35136722726
2025-10-16;64;ttv;1925.7484436483799;19509.738592237085
2025-10-17;64;ttv;1908.5926846110708;17401.57000989192
2025-10-18;64;ttv;950.8894995025644;6897.3463959568935
2025-10-19;64;ttv;2061.429063937543;30092.461026516623
2025-10-20;64;ttv;2008.4355740406268;18000.555246825297
2025-10-21;64;ttv;3638.9488958115667;38515.36000434076
2025-10-22;64;ttv;2173.6031589266163;19766.75709486696
2025-10-23;64;ttv;2475.3677592137524;51736.95299064316
2025-10-24;64;ttv;1442.0709559544612;8662.275786283326
2025-10-25;64;ttv;788.5199952455301;6778.452598084714
2025-10-26;64;ttv;1254.8715184177468;7816.851758061207
2025-10-27;64;ttv;1616.8037345873297;10426.787912917058
2025-10-28;64;ttv;1582.8509329789422;11550.603282661788
2025-10-29;64;ttv;1735.4946950649503;14752.23598384815
2025-10-30;64;ttv;3187.1846290366875;67062.89988092986
2025-10-31;64;ttv;2391.832272322584;34649.31788931806
2025-11-01;64;ttv;1471.4722986730878;9046.106973324513
2025-11-02;64;ttv;1326.046047182656;8293.912099037509
2025-11-03;64;ttv;2177.918880969033;17104.997172764368
2025-11-04;64;ttv;2278.5472141233518;22477.716244588162
2025-11-05;64;ttv;1661.9961889902509;9406.284476148545
2025-11-06;64;ttv;1361.299709725159;26295.130195104044
2025-11-07;64;ttv;1288.091217375361;17271.347302283073
2025-11-08;64;ttv;1003.4431249784628;4976.766223675109
2025-11-09;64;ttv;1923.3379768875243;27073.2313786059
2025-11-10;64;ttv;1618.1941907174132;24849.721521205065
2025-11-11;64;ttv;1536.003159026139;19782.433168744807
2025-11-12;64;ttv;1724.5089704296736;20397.560392682517
2025-11-13;64;ttv;2751.801067821332;19363.415005726798
2025-11-14;64;ttv;2214.8068914570895;13359.426539737575
2025-11-15;64;ttv;2284.037310292641;15099.378623631414
2025-11-16;64;ttv;3179.31783557877;27209.524672491774
2025-11-17;64;ttv;2403.687973061728;15071.33596828725
2025-11-18;64;ttv;2374.241892486982;12919.172872483327
2025-11-19;64;ttv;2279.7002537506132;9839.96098578083
2025-11-20;64;ttv;2093.2243280531725;15347.240296005664
2025-11-21;64;ttv;2946.108250425941;13953.121675032811
2025-11-22;64;ttv;2120.977577338422;6840.9847046183295
2025-11-23;64;ttv;2604.107140369438;16902.159165212244
2025-11-24;64;ttv;2482.796200972005;13534.250664795736
2025-11-25;64;ttv;2456.054478286896;21515.225091760338
2025-11-26;64;ttv;3212.3718590838907;16957.5672330798
2025-11-27;64;ttv;3238.7519767513286;21429.79518012056
2025-11-28;64;ttv;3423.9544196599554;16272.301355327361
2025-11-29;64;ttv;2552.007670820956;9649.534917082481
2025-11-30;64;ttv;2830.7024724800353;13566.613079708797
2025-12-01;64;ttv;4874.171378943169;31618.231051085448
2025-12-02;64;ttv;3456.564528516474;14637.904599863721
2025-12-03;64;ttv;5394.56071254698;20604.64482029643
2025-12-04;64;ttv;3819.0300084682854;15138.03502754229
2025-12-05;64;ttv;4258.04872556918;15204.412006915869
2025-12-06;64;ttv;2159.366394410817;9895.847987713476
2025-12-07;64;ttv;1439.7758277013636;14552.129693339646
2025-12-08;64;ttv;1234.2067965078884;9159.382888016473
2025-12-09;64;ttv;1682.4974321702118;18520.388581605454
2025-12-10;64;ttv;1759.4448569909225;21260.483810650207
2025-12-11;64;ttv;1932.9114247344291;12693.767695523913
2025-12-12;64;ttv;1931.725300933095;10781.450149697754
2025-12-13;64;ttv;1498.595272779237;7859.059525607644
2025-12-14;64;ttv;2375.8304984894953;16456.884001299477
2025-12-15;64;ttv;2867.494924595939;16962.715704844937
2025-12-16;64;ttv;2571.206984028757;13189.172383404406
2025-12-17;64;ttv;3302.0019267613507;33093.79337788845
2025-12-18;64;ttv;3098.3127545084117;30613.689097812097
2025-12-19;64;ttv;2650.8156879525627;16135.557011334822
2025-12-20;64;ttv;1199.687458885513;4768.0036113263905
2025-12-21;64;ttv;1462.5149895873462;10269.36667432731
2025-12-22;64;ttv;2023.5464038935686;7135.998936405934
2025-12-23;64;ttv;1633.6783337776546;5053.42639720699
2025-12-24;64;ttv;1696.1303729656447;6616.328116223911
2025-12-25;64;ttv;1592.3727081291509;7274.794773729791
2025-12-26;64;ttv;1726.6028602824124;7828.665553429853
2025-12-27;64;ttv;1395.9961441314358;5518.019247951553
2025-12-28;64;ttv;1860.8894046985115;10758.631476290839
2025-12-29;64;ttv;2684.8603542168635;14045.192853509634
2025-12-30;64;ttv;2092.8138828544384;7883.5298458496
2025-12-31;64;ttv;1873.2624488940055;8969.60237625224
2025-01-01;64;defi;212.04737195933578;1258.1504097342586
2025-01-02;64;defi;285.5585195922127;1854.8330129077829
2025-01-03;64;defi;302.7802411371618;1647.2252106062015
2025-01-04;64;defi;132.60904866823617;815.4443672810586
2025-01-05;64;defi;97.68947776078492;366.32720766920323
2025-01-06;64;defi;301.7239802449682;1860.5185570402232
2025-01-07;64;defi;361.5655203461454;1695.9946196949597
2025-01-08;64;defi;325.61938249267325;1730.4345122391073
2025-01-09;64;defi;291.9852679454197;1249.0734794872717
2025-01-10;64;defi;262.96141048665726;1546.9913721326207
2025-01-11;64;defi;113.65875771532443;435.63329922230923
2025-01-12;64;defi;112.28810863339835;1180.2305818448153
2025-01-13;64;defi;349.2198171984875;1844.6485366385716
2025-01-14;64;defi;264.3067731060065;1333.8177225303584
2025-01-15;64;defi;276.73382110761725;1128.9679412062837
2025-01-16;64;defi;285.10964870178833;1379.690467792801
2025-01-17;64;defi;356.75522105824547;1587.5357795516513
2025-01-18;64;defi;273.174819818208;1470.206596388482
2025-01-19;64;defi;355.01623185815066;1509.9215295344686
2025-01-20;64;defi;466.94625043318837;2307.4601403937854
2025-01-21;64;defi;448.2072790246269;2587.210251250992
2025-01-22;64;defi;313.0644539805768;1344.3094226771034
2025-01-23;64;defi;376.2536849070677;1416.5249684318767
2025-01-24;64;defi;304.309604359073;1726.0217787345553
2025-01-25;64;defi;143.43010289429373;1001.9372831305707
2025-01-26;64;defi;120.72830716114684;561.3187122662093
2025-01-27;64;defi;380.7079177010236;1786.2176183078302
2025-01-28;64;defi;273.0214012921111;756.4933915014933
2025-01-29;64;defi;217.51710672516083;539.3673635282919
2025-01-30;64;defi;265.646401187658;806.2451705129782
2025-01-31;64;defi;348.83640541312803;2455.2579569884438
2025-02-01;64;defi;159.11496523766965;1169.4677607802328
2025-02-02;64;defi;241.2752485382657;1080.0664196306689
2025-02-03;64;defi;668.6037483858147;2076.9039195868895
2025-02-04;64;defi;470.07510684618103;2114.132188794676
2025-02-05;64;defi;357.6490638776962;1477.5598115271605
2025-02-06;64;defi;321.99241165171077;1423.2478358280632
2025-02-07;64;defi;363.94428524233933;1503.3288743359162
2025-02-08;64;defi;211.0567850183251;884.1132401787244
2025-02-09;64;defi;207.7828814187691;2377.2851220376365
2025-02-10;64;defi;348.40844116602415;2298.9038540365395
2025-02-11;64;defi;307.14425772785967;1289.242863107864
2025-02-12;64;defi;343.5890322274462;1502.711242212395
2025-02-13;64;defi;309.49911308917694;1742.0853051694462
2025-02-14;64;defi;316.3972357346488;1620.7541903781305
2025-02-15;64;defi;170.48892535486243;1336.985420098453
2025-02-16;64;defi;137.71809159840257;1268.2192058610422
2025-02-17;64;defi;213.48113693566899;687.6873280482454
2025-02-18;64;defi;360.9084865257927;1675.9277112456348
2025-02-19;64;defi;286.96863701095225;1446.9076505310827
2025-02-20;64;defi;326.341300720679;1761.0657750650587
2025-02-21;64;defi;481.4307953671437;2702.626929616851
2025-02-22;64;defi;333.8967515457374;3304.8108129150787
2025-02-23;64;defi;210.4035187772029;818.3182989134311
2025-02-24;64;defi;407.23450355661066;1574.6470107077841
2025-02-25;64;defi;626.6270508204003;2111.300680254849
2025-02-26;64;defi;478.68653572418265;1628.5801346621852
2025-02-27;64;defi;399.39397455976973;1783.4677438547526
2025-02-28;64;defi;609.7939609198659;2382.3283288249645
2025-03-01;64;defi;232.62802703746203;1422.1352421126876
2025-03-02;64;defi;269.21197805742895;1304.7770379988854
2025-03-03;64;defi;465.51703860094443;1897.55138135633
2025-03-04;64;defi;408.53418726070424;1606.0588342043466
2025-03-05;64;defi;307.08486584113797;1244.2569299534423
2025-03-06;64;defi;329.83233149376304;1494.0863113768312
2025-03-07;64;defi;353.08524957193106;1555.9278519598872
2025-03-08;64;defi;162.26838333672717;1188.5466069989834
2025-03-09;64;defi;185.07695221324144;690.2077009777224
2025-03-10;64;defi;440.3964513524238;1831.4159476634081
2025-03-11;64;defi;370.148351198051;1400.1591788013898
2025-03-12;64;defi;317.9153498913067;1365.6298167846387
2025-03-13;64;defi;358.61557623530956;1595.6723720052228
2025-03-14;64;defi;335.09182534059386;1124.6389581775657
2025-03-15;64;defi;167.52197832072767;562.7929207859805
2025-03-16;64;defi;150.57053219813986;521.520342516333
2025-03-17;64;defi;290.9973972111275;861.2070721173808
2025-03-18;64;defi;322.6832655785597;1585.8848246823159
2025-03-19;64;defi;393.578099882092;2382.9708638850343
2025-03-20;64;defi;353.1842186263742;1380.3409023214645
2025-03-21;64;defi;349.2508820721774;1612.6232014613329
2025-03-22;64;defi;127.82579286125612;488.2725711262757
2025-03-23;64;defi;165.71188274811482;1246.9365246884113
2025-03-24;64;defi;435.4996561217447;1801.388313491849
2025-03-25;64;defi;325.6888209980806;1376.205757790257
2025-03-26;64;defi;330.6416015572828;3406.3757589940146
2025-03-27;64;defi;333.1777834288499;1723.5509045577207
2025-03-28;64;defi;459.806455396347;2362.7886414790455
2025-03-29;64;defi;209.79699237838338;1479.6574562178414
2025-03-30;64;defi;182.8505646816093;1891.1766358485459
2025-03-31;64;defi;364.03304031861825;1346.1123721823799
2025-04-01;64;defi;327.4759683399902;1596.9370729927907
2025-04-02;64;defi;344.19178862398184;1873.7824112475007
2025-04-03;64;defi;335.39182412428744;1688.0677481917792
2025-04-04;64;defi;315.85192207201857;1524.8091739067431
2025-04-05;64;defi;148.4633900098453;1197.4316421127712
2025-04-06;64;defi;212.43004803106004;671.1268160812581
2025-04-07;64;defi;479.4630318621726;1763.0630865032358
2025-04-08;64;defi;380.30150235834327;1472.102303663815
2025-04-09;64;defi;468.06665305916505;1579.7672077294894
2025-04-10;64;defi;384.0159583250351;2667.474033979488
2025-04-11;64;defi;384.69562566175193;1745.1175824320273
2025-04-12;64;defi;285.7011847572359;2160.6956363601316
2025-04-13;64;defi;247.55491290576342;1452.854047669267
2025-04-14;64;defi;355.59015340600604;1523.1805254554442
2025-04-15;64;defi;372.8023831107219;1746.8194797345034
2025-04-16;64;defi;307.48489561879376;1734.5419540412552
2025-04-17;64;defi;300.6562501789987;1306.2450472755993
2025-04-18;64;defi;262.1085819650166;1579.6954877849505
2025-04-19;64;defi;144.6171103029298;724.4607832191039
2025-04-20;64;defi;177.96919150214126;1193.2891839929148
2025-04-21;64;defi;374.51226480525224;3001.7286707417093
2025-04-22;64;defi;494.4712067696774;1786.0750852813953
2025-04-23;64;defi;454.4743431489704;1581.305786279566
2025-04-24;64;defi;387.18271234889335;1458.473546341296
2025-04-25;64;defi;457.14688633757146;1706.843951763028
2025-04-26;64;defi;204.08472144845277;922.513407511425
2025-04-27;64;defi;190.76291043290814;1282.2942529682286
2025-04-28;64;defi;411.8499634689517;1781.7896783725143
2025-04-29;64;defi;412.6609010800921;3392.117012014678
2025-04-30;64;defi;334.31657578020497;1593.5951812297446
2025-05-01;64;defi;392.8645091875161;2620.6322949908795
2025-05-02;64;defi;326.7340982674315;2241.4878025918715
2025-05-03;64;defi;151.2287592482945;752.8713469041054
2025-05-04;64;defi;152.96280025554717;1105.9784243359532
2025-05-05;64;defi;330.6047463389415;1417.5990640719624
2025-05-06;64;defi;356.7124528916383;1666.1126083213082
2025-05-07;64;defi;312.98373254642195;2381.5336821382184
2025-05-08;64;defi;452.59528555130817;1242.4052394081805
2025-05-09;64;defi;488.36053612419;1426.4082527056742
2025-05-10;64;defi;239.94737812650925;929.6319644899628
2025-05-11;64;defi;227.55842960975394;983.5063177165315
2025-05-12;64;defi;381.9669712134808;1151.2329649070562
2025-05-13;64;defi;397.39517593954463;1199.1843187505006
2025-05-14;64;defi;377.69785329223004;1296.3146461725776
2025-05-15;64;defi;401.64159555444127;2425.629744450027
2025-05-16;64;defi;323.25570877291443;1454.3906485004818
2025-05-17;64;defi;189.42562385580294;1062.4177276842418
2025-05-18;64;defi;170.0980742207838;1071.7049205009632
2025-05-19;64;defi;304.490655202126;1333.659298221436
2025-05-20;64;defi;347.47881217117003;1702.8036149063907
2025-05-21;64;defi;444.33740922360266;2453.54492622679
2025-05-22;64;defi;384.7066815648559;1001.0812561822275
2025-05-23;64;defi;464.05236863589073;1597.597268386909
2025-05-24;64;defi;164.44480995238754;802.9975895879295
2025-05-25;64;defi;162.9852097854281;840.6163575586805
2025-05-26;64;defi;237.722713055828;863.0435198387277
2025-05-27;64;defi;322.54474663886486;1003.4265017183503
2025-05-28;64;defi;291.66627725276453;1122.0115785203986
2025-05-29;64;defi;349.3514133970427;1073.6296225591445
2025-05-30;64;defi;334.31204477240277;1106.012143157766
2025-05-31;64;defi;172.43784924215393;794.4022435242024
2025-06-01;64;defi;136.2115670611205;880.8134622386658
2025-06-02;64;defi;289.155455366154;1050.9029324829876
2025-06-03;64;defi;336.6163962405987;1088.3334117595102
2025-06-04;64;defi;273.0770257619143;1136.542949456454
2025-06-05;64;defi;339.93634718691146;1681.7297917235455
2025-06-06;64;defi;352.83069730046276;1340.3646833854848
2025-06-07;64;defi;163.57988644705182;705.4366184354201
2025-06-08;64;defi;132.44167838687216;828.1277701375344
2025-06-09;64;defi;383.4331680437373;1582.7594938727898
2025-06-10;64;defi;421.4507485055195;1337.2918046352233
2025-06-11;64;defi;375.59577834208386;1336.5694244259203
2025-06-12;64;defi;319.64572318031094;1577.4760155608349
2025-06-13;64;defi;417.47198473541613;1319.9404721892759
2025-06-14;64;defi;157.17613262707894;838.006252744341
2025-06-15;64;defi;153.044391849381;767.6560764997391
2025-06-16;64;defi;328.0631634894732;1274.7926309439206
2025-06-17;64;defi;344.1125140160307;822.8699156287059
2025-06-18;64;defi;333.4113591795322;1493.0665629761884
2025-06-19;64;defi;212.8399323684884;1282.5985726844249
2025-06-20;64;defi;397.28671904049907;1537.0964197213955
2025-06-21;64;defi;218.743028387386;974.2317561014856
2025-06-22;64;defi;297.4915977117017;1130.1473861557254
2025-06-23;64;defi;368.0557649015454;1714.121851251477
2025-06-24;64;defi;342.9558323493275;1043.9090791943017
2025-06-25;64;defi;301.0471747601458;1185.9368018953526
2025-06-26;64;defi;293.2727508037336;1057.6637334298769
2025-06-27;64;defi;261.12491160803745;1173.3731860528103
2025-06-28;64;defi;139.7160309030322;835.5312131873977
2025-06-29;64;defi;159.9052785576462;764.6255767974932
2025-06-30;64;defi;302.0450729526337;971.6996545592834
2025-07-01;64;defi;294.15887495488323;1340.3492073385887
2025-07-02;64;defi;343.01177206186094;1307.4424621593532
2025-07-03;64;defi;344.9888299334813;1467.3103194167172
2025-07-04;64;defi;238.69445674180233;1007.6808940702357
2025-07-05;64;defi;110.83468372549041;692.4116915031836
2025-07-06;64;defi;117.33899245657743;833.4485350916009
2025-07-07;64;defi;268.4027980282727;1186.1687577403854
2025-07-08;64;defi;243.84342150320506;1205.8374166488925
2025-07-09;64;defi;341.5788223378045;1244.3768377961978
2025-07-10;64;defi;418.91683308249145;1086.080169182089
2025-07-11;64;defi;479.23734634056234;2005.631701081619
2025-07-12;64;defi;229.50050452100413;1529.6964295817668
2025-07-13;64;defi;176.75269622088857;861.9304745310532
2025-07-14;64;defi;476.43374526248317;1455.7918490368186
2025-07-15;64;defi;436.91763000157096;1202.1487485638388
2025-07-16;64;defi;546.8211549602875;4882.659155760555
2025-07-17;64;defi;619.70763116594;4367.55224340619
2025-07-18;64;defi;707.4768299570917;2454.7372873645095
2025-07-19;64;defi;253.15690778564985;830.567159984848
2025-07-20;64;defi;288.07223661226396;1170.8588572155895
2025-07-21;64;defi;533.6469053499513;2027.8127639670981
2025-07-22;64;defi;497.8410611724134;1409.8989715038101
2025-07-23;64;defi;515.5331273145786;1652.834478331033
2025-07-24;64;defi;543.0673695817907;2851.883547589873
2025-07-25;64;defi;656.417327981426;2096.686599693372
2025-07-26;64;defi;260.58824489168387;884.1918435615728
2025-07-27;64;defi;289.6506010029324;976.7357971293756
2025-07-28;64;defi;516.8076534841429;1442.0909695685573
2025-07-29;64;defi;428.3790111703666;1237.4806344868177
2025-07-30;64;defi;435.5005552226566;1352.0616493659695
2025-07-31;64;defi;463.2824006373975;1566.553721794276
2025-08-01;64;defi;471.51717887245445;1434.3980771183183
2025-08-02;64;defi;221.85947911312684;842.6472668464114
2025-08-03;64;defi;232.30575998285892;1117.2806270981082
2025-08-04;64;defi;434.78198238991797;2081.7514585482386
2025-08-05;64;defi;412.7363949313516;1860.8554082619935
2025-08-06;64;defi;381.7218764985077;2014.1305695174397
2025-08-07;64;defi;433.04697744761285;1014.4263147599369
2025-08-08;64;defi;489.568632431475;2079.4282645862118
2025-08-09;64;defi;346.06526308844576;1008.9956296619378
2025-08-10;64;defi;271.03536766229024;922.4748083598982
2025-08-11;64;defi;540.3040269196613;2434.870854768753
2025-08-12;64;defi;581.1089559939054;1943.470301734523
2025-08-13;64;defi;639.1162967949622;2171.837424220443
2025-08-14;64;defi;814.9770689154526;3760.976551977559
2025-08-15;64;defi;659.6140711943486;2365.761939637571
2025-08-16;64;defi;257.4526277052552;1161.2531012494076
2025-08-17;64;defi;247.040693646091;778.5282712286315
2025-08-18;64;defi;533.1884648089972;1741.4853755933648
2025-08-19;64;defi;528.3832609512547;1864.1898801645955
2025-08-20;64;defi;509.92140710607856;2382.207931567498
2025-08-21;64;defi;393.9737138318678;1019.9777283756318
2025-08-22;64;defi;664.763211537224;3768.941408669874
2025-08-23;64;defi;315.1083198066971;1908.4237581054263
2025-08-24;64;defi;351.5234494185732;1794.3840109649789
2025-08-25;64;defi;536.0229646011454;1752.4568801266971
2025-08-26;64;defi;495.91426298768346;2687.8475394242737
2025-08-27;64;defi;462.9992924471292;2446.7367034333706
2025-08-28;64;defi;451.0538548154093;3719.389216427105
2025-08-29;64;defi;506.3718619025446;1689.570036343988
2025-08-30;64;defi;223.3806911117196;1215.0079056525026
2025-08-31;64;defi;197.69609525277406;864.5158319505015
2025-09-01;64;defi;370.69491160222674;1424.9760728634883
2025-09-02;64;defi;462.1306262495283;2943.8486130371375
2025-09-03;64;defi;448.33330160147136;1612.834233271216
2025-09-04;64;defi;479.9900854872139;3928.942250587236
2025-09-05;64;defi;403.32663944389316;1551.775639277192
2025-09-06;64;defi;176.99686402757996;741.2728664164376
2025-09-07;64;defi;160.9093898294053;1115.3473068865183
2025-09-08;64;defi;389.51582063872195;1214.554749743989
2025-09-09;64;defi;393.71805970988976;1322.3384401113149
2025-09-10;64;defi;394.03622743078506;1101.634273007585
2025-09-11;64;defi;441.00326589082357;1458.7449752727553
2025-09-12;64;defi;546.9807543444233;1726.981576079021
2025-09-13;64;defi;294.5199076692425;962.0572575798377
2025-09-14;64;defi;246.52839649905238;1155.0899607072072
2025-09-15;64;defi;501.819234959701;2472.1214271083995
2025-09-16;64;defi;530.2737763035801;4857.444132929878
2025-09-17;64;defi;435.92382735461047;1268.5222312362425
2025-09-18;64;defi;596.6044577874676;2549.4263305486734
2025-09-19;64;defi;472.14812121885666;1868.0062128867457
2025-09-20;64;defi;229.95976845275572;1211.3092341002937
2025-09-21;64;defi;233.98738816158357;2231.714528723712
2025-09-22;64;defi;634.4780470689255;2439.409266507755
2025-09-23;64;defi;503.45487681449544;1344.7627080176323
2025-09-24;64;defi;556.1035848399016;2023.1888022870028
2025-09-25;64;defi;761.9675953819074;2332.3511846051383
2025-09-26;64;defi;628.3673755611695;2583.8346827782116
2025-09-27;64;defi;249.35527622266557;1227.1270062159588
2025-09-28;64;defi;184.96025927138805;1306.2290262253166
2025-09-29;64;defi;486.4864414709838;3249.269306462973
2025-09-30;64;defi;523.9485839987433;1986.864545986419
2025-10-01;64;defi;488.92410004440444;1499.4546645186588
2025-10-02;64;defi;494.2217301360677;2396.261807367899
2025-10-03;64;defi;502.4651035400752;1467.399025399553
2025-10-04;64;defi;238.81027157865307;1578.102254656374
2025-10-05;64;defi;256.08814439380455;1176.1037203139142
2025-10-06;64;defi;467.65849866089326;1720.122313323628
2025-10-07;64;defi;504.811987009753;1473.7186720803295
2025-10-08;64;defi;487.8419594575831;1800.103492401329
2025-10-09;64;defi;455.44161922670264;1880.4975846361726
2025-10-10;64;defi;595.5024161041765;2678.45405430534
2025-10-11;64;defi;753.7147917650981;2875.2367577328387
2025-10-12;64;defi;341.7527635410419;1248.8203550823744
2025-10-13;64;defi;474.18123086229366;2184.5065728604145
2025-10-14;64;defi;609.810836888113;2202.6405119529545
2025-10-15;64;defi;482.15837372789855;1460.0963926908491
2025-10-16;64;defi;434.42252388011167;1295.5842839860068
2025-10-17;64;defi;458.9973293490278;1280.9771354956788
2025-10-18;64;defi;189.3121102437393;1147.2184063171608
2025-10-19;64;defi;201.60956959644864;1268.302592165891
2025-10-20;64;defi;388.88692923651877;1230.5602590078913
2025-10-21;64;defi;532.0565354415997;3150.348045081036
2025-10-22;64;defi;506.7134323396669;3117.741459754702
2025-10-23;64;defi;461.3052524181896;1336.5701403267474
2025-10-24;64;defi;430.0072730241247;2761.2573294732656
2025-10-25;64;defi;159.02506071040318;1087.7801588321606
2025-10-26;64;defi;221.8502978512068;1216.9065372820455
2025-10-27;64;defi;419.82827846414756;1434.4442732413522
2025-10-28;64;defi;398.3503380599995;1425.0857800093204
2025-10-29;64;defi;409.8584310163629;1781.860947357166
2025-10-30;64;defi;423.2627068115286;1339.3455080235476
2025-10-31;64;defi;459.6084703184649;2056.3980641155003
2025-11-01;64;defi;240.57342000735088;2630.982986979145
2025-11-02;64;defi;164.9391059548398;1391.4308904854017
2025-11-03;64;defi;465.7772908593346;1962.6841468250593
2025-11-04;64;defi;585.0328695535101;1991.1230739258185
2025-11-05;64;defi;559.1475775396337;2692.2461944293946
2025-11-06;64;defi;462.5258780774246;1677.4114333727312
2025-11-07;64;defi;476.1185111061448;1516.9280903872036
2025-11-08;64;defi;214.7201980611511;1807.9128816111447
2025-11-09;64;defi;215.5827721430458;1614.2129736201857
2025-11-10;64;defi;433.7122727733447;1860.6485885726465
2025-11-11;64;defi;342.8443258268052;1399.3357851999433
2025-11-12;64;defi;414.8256807434416;1672.6800225824625
2025-11-13;64;defi;394.05524482884044;1604.862121936378
2025-11-14;64;defi;434.99245908939;1467.0577124615968
2025-11-15;64;defi;203.37403379962402;1319.245370239994
2025-11-16;64;defi;276.9087265385972;3356.8150524075636
2025-11-17;64;defi;437.8931077158508;1573.0988308582637
2025-11-18;64;defi;462.060901830937;1507.4961483124487
2025-11-19;64;defi;422.387430657522;1627.5674475010533
2025-11-20;64;defi;470.21514475395907;3363.0559955254716
2025-11-21;64;defi;538.4123183968031;2317.6809517113825
2025-11-22;64;defi;211.37897769161586;1258.2398729864485
2025-11-23;64;defi;303.5664135516095;5865.079616205006
2025-11-24;64;defi;398.7629660973764;1602.4272594298975
2025-11-25;64;defi;376.65607794215083;1361.1369387323884
2025-11-26;64;defi;348.1243109577446;1687.878361728922
2025-11-27;64;defi;270.16274518221826;1411.1314701850197
2025-11-28;64;defi;365.35076094428575;1475.589381491384
2025-11-29;64;defi;184.1586867837535;1555.7434817597089
2025-11-30;64;defi;126.3330735526713;1535.8741434553006
2025-12-01;64;defi;451.10242057401155;2111.973957924827
2025-12-02;64;defi;365.7371036016444;2611.813110361359
2025-12-03;64;defi;368.05376889390743;1491.422443381033
2025-12-04;64;defi;325.2833712960498;1433.3805942320867
2025-12-05;64;defi;373.0916729377968;2190.8109447134243
2025-12-06;64;defi;151.8692552596217;1491.3161608611324
2025-12-07;64;defi;125.8265406497467;1476.2594100502786
2025-12-08;64;defi;322.62554539887685;1895.4390923427097
2025-12-09;64;defi;375.9834389003428;1464.2044524616156
2025-12-10;64;defi;341.9943858820153;1963.104054401592
2025-12-11;64;defi;377.5596842314764;1510.1467710182812
2025-12-12;64;defi;317.5782501182421;1534.4739017537372
2025-12-13;64;defi;151.384450049068;1518.9869475817843
2025-12-14;64;defi;172.43980074130238;1583.8998777126735
2025-12-15;64;defi;333.4956797214087;1464.2500605241444
2025-12-16;64;defi;315.7451644157522;1370.5242141546516
2025-12-17;64;defi;316.2960003271311;2522.8938895814654
2025-12-18;64;defi;312.0967653969803;1838.6172562310792
2025-12-19;64;defi;319.76853929689213;1377.3380251846945
2025-12-20;64;defi;121.05779593293404;1371.434041082252
2025-12-21;64;defi;102.67332546296272;1291.1295466649726
2025-12-22;64;defi;276.1702514551287;1387.5255752397059
2025-12-23;64;defi;336.0136825592776;2072.3360756829925
2025-12-24;64;defi;279.5243497496124;1485.9815008553528
2025-12-25;64;defi;150.1976042126809;1331.0182485363446
2025-12-26;64;defi;242.02895465408477;1521.7918555087613
2025-12-27;64;defi;128.68695054902878;1319.6487448129997
2025-12-28;64;defi;152.3951895935755;2873.3143310591317
2025-12-29;64;defi;370.2158193390652;1293.476939815575
2025-12-30;64;defi;368.8797196342383;2004.7575665516345
2025-12-31;64;defi;346.01130036802846;1782.9539731395212
2025-01-01;64;asp;125.19574108128586;1089.6352265698438
2025-01-02;64;asp;169.89090796995015;1394.203175901336
2025-01-03;64;asp;180.07158516841787;1395.8692705939663
2025-01-04;64;asp;68.01822044182394;301.15811514366465
2025-01-05;64;asp;53.74614956947811;265.71557630173595
2025-01-06;64;asp;183.58620003580455;1515.4600383080974
2025-01-07;64;asp;224.8203835181406;1090.46190392204
2025-01-08;64;asp;189.44833285474581;1655.3157684760577
2025-01-09;64;asp;173.3587328174778;1063.3937718009222
2025-01-10;64;asp;148.48846227310065;1369.729416174702
2025-01-11;64;asp;54.61022931147703;261.2893269850151
2025-01-12;64;asp;55.558702605837176;413.4299742412092
2025-01-13;64;asp;213.2787372340741;1721.3246654211944
2025-01-14;64;asp;167.5214337417935;1207.2747026745303
2025-01-15;64;asp;164.56177922890407;1080.2623172073893
2025-01-16;64;asp;170.17803443974145;1230.580320341464
2025-01-17;64;asp;208.0908707576075;1361.1568249016868
2025-01-18;64;asp;164.26418103807507;1289.8303031008716
2025-01-19;64;asp;224.33024741602168;884.4854044535055
2025-01-20;64;asp;296.5831069903353;1429.034815777948
2025-01-21;64;asp;262.08636280873066;1116.0556382910543
2025-01-22;64;asp;192.8320977033734;1297.2108945408468
2025-01-23;64;asp;223.86594018597222;1252.0550106314645
2025-01-24;64;asp;180.4770183991062;743.9909137317192
2025-01-25;64;asp;80.75296114543667;582.784543400923
2025-01-26;64;asp;61.329160666116856;348.37063380925036
2025-01-27;64;asp;222.1849631694898;1423.0697138159762
2025-01-28;64;asp;166.14035052104134;504.41736846230526
2025-01-29;64;asp;114.73042196287913;350.81877239497186
2025-01-30;64;asp;136.94533423486752;454.39641412974925
2025-01-31;64;asp;213.86816170418152;2219.7489528495216
2025-02-01;64;asp;89.09247304108895;1094.3419060093977
2025-02-02;64;asp;124.12518994816007;478.1496927246763
2025-02-03;64;asp;388.8804056250735;1659.7494643895532
2025-02-04;64;asp;271.10939715654433;1515.6806530612002
2025-02-05;64;asp;213.45766870279203;1327.3537405950074
2025-02-06;64;asp;183.7065862991323;1240.5421954606638
2025-02-07;64;asp;193.8061949099148;1157.7894818787113
2025-02-08;64;asp;90.3754080933727;385.46647009965557
2025-02-09;64;asp;92.47527836092542;2193.8652322359953
2025-02-10;64;asp;195.8559223151851;2140.2644325998826
2025-02-11;64;asp;161.81036086588472;1207.3962593799683
2025-02-12;64;asp;186.32687313938789;1269.9589371186823
2025-02-13;64;asp;161.27973371929264;1568.7463353993382
2025-02-14;64;asp;173.28326436856378;1315.1515953077292
2025-02-15;64;asp;77.74605966127592;1093.5863347177383
2025-02-16;64;asp;64.36696559547093;1134.2863562347882
2025-02-17;64;asp;109.55470472043176;385.172701843802
2025-02-18;64;asp;188.56879727410418;1214.432509695273
2025-02-19;64;asp;149.8479779263914;913.2629185976377
2025-02-20;64;asp;167.32098507603243;1385.2983255270667
2025-02-21;64;asp;287.24567274258817;2359.026571362547
2025-02-22;64;asp;189.84728987886552;3173.718842002485
2025-02-23;64;asp;107.76920146471188;714.2105410480114
2025-02-24;64;asp;208.27399890002388;1306.3989278929257
2025-02-25;64;asp;362.7553951854915;1650.6164716968435
2025-02-26;64;asp;246.67123352064678;1381.0168711459105
2025-02-27;64;asp;218.62468986804237;1637.0040205814025
2025-02-28;64;asp;348.9059360248218;2234.7610514030353
2025-03-01;64;asp;116.39719843601937;1251.2309166676728
2025-03-02;64;asp;129.3069812239043;1059.279517318459
2025-03-03;64;asp;255.74843767534227;1407.1647403438774
2025-03-04;64;asp;228.86605750858035;1336.6937822405373
2025-03-05;64;asp;160.4066773804797;1129.7694879727437
2025-03-06;64;asp;174.0889861515806;1304.629744148568
2025-03-07;64;asp;202.35492472532422;1219.6017727585627
2025-03-08;64;asp;73.03174738361268;1102.7200472653963
2025-03-09;64;asp;65.92851273246343;385.4235338003879
2025-03-10;64;asp;249.66435175650562;1559.8695553090477
2025-03-11;64;asp;218.68321030954266;1171.2034487160267
2025-03-12;64;asp;187.8095286060495;1150.0943000407426
2025-03-13;64;asp;188.12717873836854;1123.390955042263
2025-03-14;64;asp;158.68723165330366;566.6266396741614
2025-03-15;64;asp;63.081037313742776;347.77296770408856
2025-03-16;64;asp;48.68307025816223;244.4381067619958
2025-03-17;64;asp;131.7145505478934;421.9201846326299
2025-03-18;64;asp;152.3215661076877;1222.227448768578
2025-03-19;64;asp;220.09211691145626;1428.8129342848858
2025-03-20;64;asp;184.4927196688701;1137.3200555076633
2025-03-21;64;asp;196.87907848835542;1507.0255755818778
2025-03-22;64;asp;54.76808715169118;305.93581350767386
2025-03-23;64;asp;67.10813637634014;1020.6360360560169
2025-03-24;64;asp;220.61458373741638;1342.5883128511007
2025-03-25;64;asp;161.6464754233074;646.3753078792533
2025-03-26;64;asp;180.89367343415324;3251.691030172553
2025-03-27;64;asp;180.53982918943794;1489.5555094500737
2025-03-28;64;asp;221.27301004994783;2116.7074361070354
2025-03-29;64;asp;90.88067389112223;1227.1325662589525
2025-03-30;64;asp;71.2017798484877;1046.055017719783
2025-03-31;64;asp;181.17762367322965;1183.9670027256266
2025-04-01;64;asp;161.32872333903768;1375.7356546330302
2025-04-02;64;asp;190.88136623238324;1456.7453387268824
2025-04-03;64;asp;182.2561744564777;1350.094269974649
2025-04-04;64;asp;176.6425846410454;1392.0184106990553
2025-04-05;64;asp;57.99123591804108;1041.7689764968125
2025-04-06;64;asp;79.47768347533437;438.9649021696874
2025-04-07;64;asp;262.9164986786686;1426.6371582908955
2025-04-08;64;asp;198.6015392442607;1197.1499871664762
2025-04-09;64;asp;253.43859707054315;1309.991187191068
2025-04-10;64;asp;194.13893582876696;2400.1620813683176
2025-04-11;64;asp;203.02231336061237;1225.7300149048983
2025-04-12;64;asp;118.18218162229135;2036.9726687202483
2025-04-13;64;asp;113.13369505636291;1273.4662705841463
2025-04-14;64;asp;169.1219403370004;1221.5054006799587
2025-04-15;64;asp;191.72782552722177;1372.9159460394314
2025-04-16;64;asp;137.31477244890783;1284.4719168546137
2025-04-17;64;asp;143.1820332989109;1139.6528338252265
2025-04-18;64;asp;114.08132363511294;1369.4112048659163
2025-04-19;64;asp;45.92555612624196;253.57663056651887
2025-04-20;64;asp;83.72786434457447;1065.4783468136206
2025-04-21;64;asp;192.1231804674707;2255.208058744673
2025-04-22;64;asp;248.2378084306318;1560.194348644442
2025-04-23;64;asp;218.50138291240384;1256.1806185082214
2025-04-24;64;asp;206.46211701351544;1295.3039317471803
2025-04-25;64;asp;246.95803956492796;1499.412626908173
2025-04-26;64;asp;89.65262610861599;468.1738080682272
2025-04-27;64;asp;80.94981301965247;1159.750608396962
2025-04-28;64;asp;207.18764551401637;1362.653040148037
2025-04-29;64;asp;236.75048571143472;3103.0319776810907
2025-04-30;64;asp;178.79574279853833;1325.6137524212427
2025-05-01;64;asp;232.1297712727122;2247.488229418717
2025-05-02;64;asp;187.78222741611063;2086.162538543905
2025-05-03;64;asp;52.72181954997994;361.70683128208464
2025-05-04;64;asp;66.0554076512743;1080.2501081991934
2025-05-05;64;asp;161.3257840879805;1153.3247355130625
2025-05-06;64;asp;204.52331264611993;1555.8445615068106
2025-05-07;64;asp;173.5988381849172;1179.4654619154358
2025-05-08;64;asp;256.23467450845413;1034.0375742974275
2025-05-09;64;asp;272.80815599874853;879.5041702939616
2025-05-10;64;asp;117.82263827943075;526.5946263247386
2025-05-11;64;asp;110.57238415940199;498.33418467944915
2025-05-12;64;asp;225.12244330369955;893.7500833101572
2025-05-13;64;asp;216.5937990131655;732.8316088546661
2025-05-14;64;asp;228.14340396412578;943.7494259647186
2025-05-15;64;asp;256.3309500102487;2078.5946484829537
2025-05-16;64;asp;196.14825373462077;1006.8922558040825
2025-05-17;64;asp;100.52710445562423;654.1780402672371
2025-05-18;64;asp;88.50105011959623;608.8737792011939
2025-05-19;64;asp;189.05743933293735;954.0194756754511
2025-05-20;64;asp;207.99559820335517;1452.7760996576649
2025-05-21;64;asp;296.5491040240217;1786.0760957685764
2025-05-22;64;asp;231.37497361913717;632.940948317812
2025-05-23;64;asp;288.83907714697517;1007.1956152477852
2025-05-24;64;asp;85.53044596331681;627.7920092780083
2025-05-25;64;asp;88.27965585139825;435.2005509478098
2025-05-26;64;asp;144.6055736095754;599.6378548692337
2025-05-27;64;asp;191.9284219042999;746.4822346712662
2025-05-28;64;asp;179.34536537241374;1011.2737753921812
2025-05-29;64;asp;215.8464366268683;804.3591923977607
2025-05-30;64;asp;215.47072774007987;755.2423805514179
2025-05-31;64;asp;104.27355367540133;609.6262490465929
2025-06-01;64;asp;84.69583688743525;691.280058941949
2025-06-02;64;asp;188.3309258415911;663.1960330776021
2025-06-03;64;asp;211.26050690691278;660.8374102671773
2025-06-04;64;asp;179.09071380515365;1054.4136149609612
2025-06-05;64;asp;214.82526450132207;1365.2970788683974
2025-06-06;64;asp;225.01902780268588;999.5431744448422
2025-06-07;64;asp;88.42455257166168;404.8261827266322
2025-06-08;64;asp;71.57120592197722;743.1828497070337
2025-06-09;64;asp;232.41940479430457;913.222515025075
2025-06-10;64;asp;256.9585405216987;1221.903556984213
2025-06-11;64;asp;233.7616741715926;1159.8219902101216
2025-06-12;64;asp;194.2360965361517;1433.8388304510747
2025-06-13;64;asp;245.1132336797172;1012.7239903270387
2025-06-14;64;asp;79.80848237061727;759.1782389503239
2025-06-15;64;asp;58.87960478236384;333.6568311404864
2025-06-16;64;asp;181.82698517368635;1151.661634668393
2025-06-17;64;asp;175.18492539246213;629.1386897829685
2025-06-18;64;asp;185.56994043452082;1288.7985153523541
2025-06-19;64;asp;119.89989245782802;936.6776188249041
2025-06-20;64;asp;227.44334411363883;991.2333963616028
2025-06-21;64;asp;98.31109760499908;656.2855967934556
2025-06-22;64;asp;156.8763902728774;870.347586554128
2025-06-23;64;asp;198.91756690506378;1562.9973717070347
2025-06-24;64;asp;204.44297087173896;922.5184193004161
2025-06-25;64;asp;184.61132673720542;988.35278327371
2025-06-26;64;asp;177.00830999608138;822.8424029853683
2025-06-27;64;asp;143.74007999847078;610.3132224234738
2025-06-28;64;asp;68.07035646248376;418.6591373427372
2025-06-29;64;asp;82.56769533169125;399.15872266005886
2025-06-30;64;asp;182.36248953550486;758.4371687032638
2025-07-01;64;asp;170.77183174950574;1027.5744673699057
2025-07-02;64;asp;196.57690805121493;820.9228656126818
2025-07-03;64;asp;193.26997395036113;1208.4518748867424
2025-07-04;64;asp;129.37927459308804;601.8710525926266
2025-07-05;64;asp;53.52552952870782;374.83046290296573
2025-07-06;64;asp;56.75810044450982;409.51857924016366
2025-07-07;64;asp;161.79360196153576;1091.942354597751
2025-07-08;64;asp;140.2647192598144;626.1549080391085
2025-07-09;64;asp;206.71891711849182;922.2525433172176
2025-07-10;64;asp;254.6635518437344;897.2460023749302
2025-07-11;64;asp;289.79642494844455;1420.756612158256
2025-07-12;64;asp;123.82851747936822;656.7570585534933
2025-07-13;64;asp;93.26779315188035;598.4084196906548
2025-07-14;64;asp;282.6075048419886;1129.4930732318196
2025-07-15;64;asp;243.8567823839655;998.6785668469644
2025-07-16;64;asp;317.635571412791;2616.1201372734754
2025-07-17;64;asp;381.74999920235496;4076.3587663100225
2025-07-18;64;asp;434.59415257497267;1337.247697466242
2025-07-19;64;asp;137.51236889774745;571.6802021437406
2025-07-20;64;asp;147.14766429170672;803.8852560327274
2025-07-21;64;asp;290.168440185483;1417.167282164699
2025-07-22;64;asp;260.5086254791634;841.6696617241812
2025-07-23;64;asp;285.5257910886265;1388.0981280935227
2025-07-24;64;asp;317.7045585331944;2554.644720685388
2025-07-25;64;asp;365.8291391861648;1675.7678256059044
2025-07-26;64;asp;118.37956807894322;371.92853435376173
2025-07-27;64;asp;129.6627601783316;574.5695702311306
2025-07-28;64;asp;267.7410978768477;833.8728834075624
2025-07-29;64;asp;260.4783005021008;780.0720835320313
2025-07-30;64;asp;249.9957687336941;775.7785047455892
2025-07-31;64;asp;284.3101479439346;1295.2307219621475
2025-08-01;64;asp;279.30979602041464;1120.6827632538173
2025-08-02;64;asp;112.40159423454652;457.7020174757124
2025-08-03;64;asp;110.24741382094993;615.2057538773144
2025-08-04;64;asp;259.1830902657878;1099.6793231981485
2025-08-05;64;asp;225.9056524517436;1045.6362637792429
2025-08-06;64;asp;221.46121458606405;1875.017407389638
2025-08-07;64;asp;235.48985929334134;687.4448389551474
2025-08-08;64;asp;273.00742808660027;1039.0207605105945
2025-08-09;64;asp;176.0785397963836;594.377280591072
2025-08-10;64;asp;137.20019808956272;479.4178528618039
2025-08-11;64;asp;308.9380979405476;1288.2335066176374
2025-08-12;64;asp;339.01089583311807;1197.587830426192
2025-08-13;64;asp;382.8328040810204;1464.0861210298438
2025-08-14;64;asp;466.9447682276475;1978.9409578274697
2025-08-15;64;asp;382.0107100322853;1653.869235238005
2025-08-16;64;asp;149.4924676233053;1025.1833031421934
2025-08-17;64;asp;130.29758441708194;449.60111621267606
2025-08-18;64;asp;314.0535135664518;1435.5782860059894
2025-08-19;64;asp;283.4914662663386;889.6171112883676
2025-08-20;64;asp;295.2155829072658;1767.2989151785157
2025-08-21;64;asp;227.79662170734878;581.0326049764107
2025-08-22;64;asp;395.4126284567824;2619.430485563524
2025-08-23;64;asp;194.6268255977533;1121.9774644536578
2025-08-24;64;asp;205.78443790357053;1352.0781662049485
2025-08-25;64;asp;322.9185689442894;1404.7575432939852
2025-08-26;64;asp;305.94918847120005;1729.1851774358204
2025-08-27;64;asp;292.4565587575678;1907.2217575997074
2025-08-28;64;asp;284.76323861757254;1954.3921516330336
2025-08-29;64;asp;307.8635465886823;1105.625319871171
2025-08-30;64;asp;141.9274390434133;1067.6149813236884
2025-08-31;64;asp;109.59520063394284;472.202663218465
2025-09-01;64;asp;236.2231703115643;964.9999769695411
2025-09-02;64;asp;299.24484021858575;2077.3131557145234
2025-09-03;64;asp;278.6374034323034;1478.7319749711048
2025-09-04;64;asp;308.6771477218116;2796.7800093950464
2025-09-05;64;asp;251.69925165189073;1161.6417775454656
2025-09-06;64;asp;101.99512471460193;393.14230404332204
2025-09-07;64;asp;90.47958752371825;1024.015884408728
2025-09-08;64;asp;231.30915653648293;875.6590550755941
2025-09-09;64;asp;243.9918621378542;935.1427189434357
2025-09-10;64;asp;241.33220349080693;657.7534092380432
2025-09-11;64;asp;265.03406537966026;879.9032593768209
2025-09-12;64;asp;312.2083532937718;1253.9356182155796
2025-09-13;64;asp;157.26107844078237;673.6892468033287
2025-09-14;64;asp;130.8898246724234;1072.9945426686982
2025-09-15;64;asp;316.2512158529546;1945.0773180493966
2025-09-16;64;asp;342.9515378567188;3560.165882465638
2025-09-17;64;asp;264.6742691658608;931.6676065061318
2025-09-18;64;asp;371.3389299603487;1555.8572606124546
2025-09-19;64;asp;299.15899504909095;1490.1538092031028
2025-09-20;64;asp;136.10225548862655;888.2528293923024
2025-09-21;64;asp;145.16296766714922;2195.4030677962733
2025-09-22;64;asp;376.6623177861932;2309.088670957125
2025-09-23;64;asp;293.08068295064294;953.2101421436604
2025-09-24;64;asp;320.89956057798815;1103.8296174452023
2025-09-25;64;asp;424.9398587124094;1377.9703134133838
2025-09-26;64;asp;373.1014669373475;1889.4918106306689
2025-09-27;64;asp;134.61454435131856;1087.162329500215
2025-09-28;64;asp;97.53187098565084;749.0107865350996
2025-09-29;64;asp;296.21238099072247;3106.149074850544
2025-09-30;64;asp;320.1359422515339;1158.1350932948321
2025-10-01;64;asp;300.7452202188191;1348.7190309705625
2025-10-02;64;asp;300.70005038908266;2292.8284121008683
2025-10-03;64;asp;294.2537666088275;991.9077302525199
2025-10-04;64;asp;155.54570299183794;1489.532024160245
2025-10-05;64;asp;152.23318692495815;592.1106742193606
2025-10-06;64;asp;287.6838077208169;883.503853560125
2025-10-07;64;asp;307.501110050035;1289.0512910882699
2025-10-08;64;asp;310.75702390480456;1479.5045963349687
2025-10-09;64;asp;271.9452006673099;1402.559548686746
2025-10-10;64;asp;351.5609977057567;2002.692380030587
2025-10-11;64;asp;483.510993282376;1961.8546312037113
2025-10-12;64;asp;194.22229236178202;761.7823419640213
2025-10-13;64;asp;293.84923848628716;1382.0493566613786
2025-10-14;64;asp;349.7614440024119;1469.0851256478306
2025-10-15;64;asp;296.5327695347428;1248.136362543812
2025-10-16;64;asp;251.36306601016878;841.9045406065286
2025-10-17;64;asp;270.3986638317767;686.2409804450824
2025-10-18;64;asp;122.49685023881594;1068.0718501580932
2025-10-19;64;asp;119.28787641744836;707.848916282155
2025-10-20;64;asp;238.35026372931608;842.7677516424551
2025-10-21;64;asp;323.58860446538847;1615.2633203996363
2025-10-22;64;asp;301.6526195392428;1855.8157818679263
2025-10-23;64;asp;288.5449324053347;932.620550271141
2025-10-24;64;asp;266.746511487522;2655.053293025763
2025-10-25;64;asp;91.0446669090348;710.4409209685884
2025-10-26;64;asp;123.83889058612556;875.4029072783655
2025-10-27;64;asp;237.0324035316768;828.5747945671502
2025-10-28;64;asp;243.13551927323587;1145.5676609296595
2025-10-29;64;asp;252.53826108244277;1455.4520930354408
2025-10-30;64;asp;262.5539946400855;747.0949311524855
2025-10-31;64;asp;283.60920905604576;1260.4536661284747
2025-11-01;64;asp;145.1933292223735;1610.0734137971456
2025-11-02;64;asp;92.96654964040037;731.5546095912845
2025-11-03;64;asp;283.1453710008765;1141.7276354396872
2025-11-04;64;asp;352.7754103494376;1386.2001285562935
2025-11-05;64;asp;340.8342587251582;2143.9229708847106
2025-11-06;64;asp;289.94346028563547;938.6818196764088
2025-11-07;64;asp;288.2432313963762;857.8944110487582
2025-11-08;64;asp;116.61853256196989;970.929425505033
2025-11-09;64;asp;114.69168077194195;796.5841714220111
2025-11-10;64;asp;267.467471601325;1527.565821494014
2025-11-11;64;asp;211.32530227243276;804.0689976691054
2025-11-12;64;asp;261.24540170951735;1152.3436281912125
2025-11-13;64;asp;246.70070236980345;1322.3465122464713
2025-11-14;64;asp;269.98821690641194;831.5362683513727
2025-11-15;64;asp;125.97043141789798;1223.7632320010446
2025-11-16;64;asp;160.73432527344326;1730.9324728027914
2025-11-17;64;asp;273.7961988756003;1436.2599283643265
2025-11-18;64;asp;279.258532205222;917.0267360225797
2025-11-19;64;asp;254.7055149824659;890.1996733712684
2025-11-20;64;asp;281.18379401717544;1515.2336795447497
2025-11-21;64;asp;326.31319671329476;1443.3496595343258
2025-11-22;64;asp;128.19860436575672;747.5688237208276
2025-11-23;64;asp;220.42066126899857;5801.55497988753
2025-11-24;64;asp;237.3637884857465;830.8569620992487
2025-11-25;64;asp;230.6613542427014;932.731626203951
2025-11-26;64;asp;207.15121554636883;1009.7564683495676
2025-11-27;64;asp;158.507710053819;743.0945500566014
2025-11-28;64;asp;221.21795379432677;1127.5681730516642
2025-11-29;64;asp;106.4313638012197;793.166986478416
2025-11-30;64;asp;69.96583134895751;782.60076049346
2025-12-01;64;asp;273.0721213260582;1766.393242989438
2025-12-02;64;asp;217.42430163312557;1464.8384745178282
2025-12-03;64;asp;221.75458638260113;897.644842272297
2025-12-04;64;asp;202.67853519056942;742.2447287760192
2025-12-05;64;asp;222.2301167583487;2111.2172093024697
2025-12-06;64;asp;87.57182827555602;750.218126245309
2025-12-07;64;asp;80.21438398953241;774.2365649866009
2025-12-08;64;asp;213.95218392699525;1218.1798385617913
2025-12-09;64;asp;234.85206633991214;814.642161821718
2025-12-10;64;asp;220.15385916336743;1274.440444952058
2025-12-11;64;asp;240.68612744664009;829.8229058568263
2025-12-12;64;asp;200.13229745936349;795.5410422392586
2025-12-13;64;asp;84.70238646632328;771.6399524953904
2025-12-14;64;asp;103.21835339245864;1515.4126901358622
2025-12-15;64;asp;211.46689401878055;925.5502391027075
2025-12-16;64;asp;199.57223680230175;743.7914272934617
2025-12-17;64;asp;209.46911214676967;2204.428946485172
2025-12-18;64;asp;196.19418866821098;1082.783829865188
2025-12-19;64;asp;206.7672561363971;833.0441947474436
2025-12-20;64;asp;76.9848860355392;824.2346838975844
2025-12-21;64;asp;62.1064501638656;651.3897707692377
2025-12-22;64;asp;175.6542043688526;764.5487431870179
2025-12-23;64;asp;215.2861586314154;1004.464789630807
2025-12-24;64;asp;185.6682076613373;1112.272389939814
2025-12-25;64;asp;97.04128635200514;836.8457675360829
2025-12-26;64;asp;150.7108642262262;873.3292772774827
2025-12-27;64;asp;81.942706744873;703.0004154061761
2025-12-28;64;asp;89.87358295230746;1240.3363563456357
2025-12-29;64;asp;239.35752062463962;1056.9346535533666
2025-12-30;64;asp;247.08457374139084;1762.4764317569313
2025-12-31;64;asp;222.26128352032285;1455.2699104403434
